HMI 태그,설정 주소,Access Name,태그 내부 ID,근거와 한계
data_DB41_DBW0,"DB41,INT0",PLC,00468,dde.cfg 설정; 온라인 현재값 아님
FN01_Preathing_enable,"DB41,X50.0",PLC,00467,dde.cfg 설정; 온라인 현재값 아님
RESET_BURNER_COUNT,"DB41,X50.1",PLC,00466,dde.cfg 설정; 온라인 현재값 아님
RESET_ENC_MV03,"DB41,X50.6",PLC,00465,dde.cfg 설정; 온라인 현재값 아님
RESET_ENC_MV01,"DB41,X50.5",PLC,00464,dde.cfg 설정; 온라인 현재값 아님
RESET_PROD_COUNT,"DB41,X50.3",PLC,00463,dde.cfg 설정; 온라인 현재값 아님
RESET_GAS_COUNT,"DB41,X50.2",PLC,00462,dde.cfg 설정; 온라인 현재값 아님
Conta_prod,"DB41,REAL8",PLC,00461,dde.cfg 설정; 온라인 현재값 아님
Conta_prod_TOT,"DB41,REAL4",PLC,00460,dde.cfg 설정; 온라인 현재값 아님
Conta_gas1,"DB5,REAL30",PLC,0045F,dde.cfg 설정; 온라인 현재값 아님
Allarmi_240,"DB3,X25.2",PLC,0045E,dde.cfg 설정; 온라인 현재값 아님
Allarmi_239,"DB3,X25.1",PLC,0045D,dde.cfg 설정; 온라인 현재값 아님
Allarmi_238,"DB3,X25.0",PLC,0045C,dde.cfg 설정; 온라인 현재값 아님
Allarmi_237,"DB3,X24.7",PLC,0045B,dde.cfg 설정; 온라인 현재값 아님
Allarmi_236,"DB3,X24.6",PLC,0045A,dde.cfg 설정; 온라인 현재값 아님
Allarmi_235,"DB3,X24.5",PLC,00459,dde.cfg 설정; 온라인 현재값 아님
Allarmi_234,"DB3,X24.4",PLC,00458,dde.cfg 설정; 온라인 현재값 아님
BF02_RUN,MX180.4,PLC,00457,dde.cfg 설정; 온라인 현재값 아님
BF01_RUN,MX180.3,PLC,00456,dde.cfg 설정; 온라인 현재값 아님
EV_03\LS_Close,"DB11,X86.1",PLC,00454,dde.cfg 설정; 온라인 현재값 아님
EV_03\LS_Open,"DB11,X86.0",PLC,00453,dde.cfg 설정; 온라인 현재값 아님
EB2,EB2,PLC,0044F,dde.cfg 설정; 온라인 현재값 아님
EB1,EB1,PLC,0044E,dde.cfg 설정; 온라인 현재값 아님
EB0,EB0,PLC,0044D,dde.cfg 설정; 온라인 현재값 아님
RD_01_FAN\Allarme1,"DB11,X4.1",PLC,0044B,dde.cfg 설정; 온라인 현재값 아님
RD_01\Allarme1,"DB11,X2.1",PLC,00449,dde.cfg 설정; 온라인 현재값 아님
VR_02\RispostaA,"DB11,X36.0",PLC,00440,dde.cfg 설정; 온라인 현재값 아님
VR_02\Flag,"DB2,X1.3",PLC,0043F,dde.cfg 설정; 온라인 현재값 아님
VR_02\Allarme1,"DB11,X36.1",PLC,0043E,dde.cfg 설정; 온라인 현재값 아님
MC_04\Allarme1,"DB11,X8.1",PLC,0043A,dde.cfg 설정; 온라인 현재값 아님
EW396,EW396,PLC,00438,dde.cfg 설정; 온라인 현재값 아님
EW398,EW398,PLC,00437,dde.cfg 설정; 온라인 현재값 아님
EW400,EW400,PLC,00436,dde.cfg 설정; 온라인 현재값 아님
AB12,AB12,PLC,00435,dde.cfg 설정; 온라인 현재값 아님
AB13,AB13,PLC,00434,dde.cfg 설정; 온라인 현재값 아님
AB14,AB14,PLC,00433,dde.cfg 설정; 온라인 현재값 아님
AB16,AB16,PLC,00432,dde.cfg 설정; 온라인 현재값 아님
EB29,EB29,PLC,00431,dde.cfg 설정; 온라인 현재값 아님
AB17,AB17,PLC,00430,dde.cfg 설정; 온라인 현재값 아님
AB18,AB18,PLC,0042F,dde.cfg 설정; 온라인 현재값 아님
AB19,AB19,PLC,0042E,dde.cfg 설정; 온라인 현재값 아님
AB20,AB20,PLC,0042D,dde.cfg 설정; 온라인 현재값 아님
AB21,AB21,PLC,0042C,dde.cfg 설정; 온라인 현재값 아님
AB22,AB22,PLC,0042B,dde.cfg 설정; 온라인 현재값 아님
AB23,AB23,PLC,0042A,dde.cfg 설정; 온라인 현재값 아님
EB30,EB30,PLC,00429,dde.cfg 설정; 온라인 현재값 아님
EB31,EB31,PLC,00428,dde.cfg 설정; 온라인 현재값 아님
Stechiometro,"DB5,REAL4",PLC,00421,dde.cfg 설정; 온라인 현재값 아님
Editor_Vis_SaveUndo,"DB26,X4.0",PLC,00420,dde.cfg 설정; 온라인 현재값 아님
Editor_Vis_Modify,"DB26,X4.1",PLC,0041F,dde.cfg 설정; 온라인 현재값 아님
Editor_Vis_LoadRecipe,"DB26,X4.2",PLC,0041E,dde.cfg 설정; 온라인 현재값 아님
Editor_Load_Recipe,"DB26,X4.3",PLC,0041D,dde.cfg 설정; 온라인 현재값 아님
Editor_Save_Recipe,"DB26,X4.4",PLC,0041C,dde.cfg 설정; 온라인 현재값 아님
Editor_Modify_Recipe,"DB26,X4.5",PLC,0041B,dde.cfg 설정; 온라인 현재값 아님
Editor_Undo_Modification,"DB26,X4.6",PLC,0041A,dde.cfg 설정; 온라인 현재값 아님
HMI_Index,"DB26,INT0",PLC,00419,dde.cfg 설정; 온라인 현재값 아님
Editor_Active_Recipe,"DB26,INT6",PLC,00418,dde.cfg 설정; 온라인 현재값 아님
Editor_BWF01,"DB26,INT8",PLC,00417,dde.cfg 설정; 온라인 현재값 아님
Editor_BWF02,"DB26,INT10",PLC,00416,dde.cfg 설정; 온라인 현재값 아님
Editor_RD01,"DB26,INT12",PLC,00415,dde.cfg 설정; 온라인 현재값 아님
Editor_FN01,"DB26,INT14",PLC,00414,dde.cfg 설정; 온라인 현재값 아님
Editor_TC03,"DB26,INT20",PLC,00413,dde.cfg 설정; 온라인 현재값 아님
Editor_TC01,"DB26,INT22",PLC,00412,dde.cfg 설정; 온라인 현재값 아님
Editor_PSH01,"DB26,INT16",PLC,00411,dde.cfg 설정; 온라인 현재값 아님
Editor_PSH02,"DB26,INT18",PLC,00410,dde.cfg 설정; 온라인 현재값 아님
MV_05\LimitSwitchOpen,"DB11,X26.3",PLC,0040F,dde.cfg 설정; 온라인 현재값 아님
MV_06\Allarme1,"DB11,X28.2",PLC,0040E,dde.cfg 설정; 온라인 현재값 아님
MV_06\Flag_CLOSE,"DB2,X10.6",PLC,0040D,dde.cfg 설정; 온라인 현재값 아님
MV_06\Flag_OPEN,"DB2,X10.5",PLC,0040C,dde.cfg 설정; 온라인 현재값 아님
MV_06\LimitSwitchClose,"DB11,X28.4",PLC,0040B,dde.cfg 설정; 온라인 현재값 아님
MV_06\LimitSwitchOpen,"DB11,X28.3",PLC,0040A,dde.cfg 설정; 온라인 현재값 아님
AbilitaMaintenance,"DB2,X7.5",PLC,00409,dde.cfg 설정; 온라인 현재값 아님
Allarmi_190,"DB3,X16.6",PLC,00407,dde.cfg 설정; 온라인 현재값 아님
Allarmi_191,"DB3,X16.7",PLC,00406,dde.cfg 설정; 온라인 현재값 아님
APRON_CONVEYOR_A_RUN,"DB13,X12.3",PLC,00405,dde.cfg 설정; 온라인 현재값 아님
IMPACTOR_RUN,"DB13,X12.4",PLC,00404,dde.cfg 설정; 온라인 현재값 아님
IMPACT_VIBRATIONFEEDER_RUN,"DB13,X12.5",PLC,00403,dde.cfg 설정; 온라인 현재값 아님
BELT_CONVEYOR_A_RUN,"DB13,X12.6",PLC,00402,dde.cfg 설정; 온라인 현재값 아님
AIR_KNIFE_RUN,"DB13,X12.7",PLC,00401,dde.cfg 설정; 온라인 현재값 아님
BELT_CONVEYOR_B_RUN,"DB13,X13.0",PLC,00400,dde.cfg 설정; 온라인 현재값 아님
SHREDDER_1_RUN,"DB13,X13.1",PLC,003FF,dde.cfg 설정; 온라인 현재값 아님
SHREDDER_VIBRATIONFEEDER_RUN,"DB13,X13.2",PLC,003FE,dde.cfg 설정; 온라인 현재값 아님
BELT_CONVEYOR_C_RUN,"DB13,X13.3",PLC,003FD,dde.cfg 설정; 온라인 현재값 아님
ROTEX_SCREEN_RUN,"DB13,X13.4",PLC,003FC,dde.cfg 설정; 온라인 현재값 아님
APRON_CONVEYOR_B_RUN,"DB13,X13.5",PLC,003FB,dde.cfg 설정; 온라인 현재값 아님
SHREDDER_2_RUN,"DB13,X13.6",PLC,003FA,dde.cfg 설정; 온라인 현재값 아님
BELT_CONVEYOR_D_RUN,"DB13,X13.7",PLC,003F9,dde.cfg 설정; 온라인 현재값 아님
BELT_CONVEYOR_E_RUN,"DB13,X14.0",PLC,003F8,dde.cfg 설정; 온라인 현재값 아님
PRIMARYSHREDDER_RUN,"DB13,X14.2",PLC,003F7,dde.cfg 설정; 온라인 현재값 아님
Stechio_ratio,"DB5,REAL0",PLC,003F6,dde.cfg 설정; 온라인 현재값 아님
Stechio_TD,"DB5,D16",PLC,003F5,dde.cfg 설정; 온라인 현재값 아님
Stechio_TI,"DB5,D12",PLC,003F4,dde.cfg 설정; 온라인 현재값 아님
Conta_gas_TOT,"DB5,REAL34",PLC,003F2,dde.cfg 설정; 온라인 현재값 아님
Allarmi_224,"DB3,X23.2",PLC,003F1,dde.cfg 설정; 온라인 현재값 아님
Allarmi_222,"DB3,X23.0",PLC,003F0,dde.cfg 설정; 온라인 현재값 아님
MAX_TH_a1,"DB10,INT40",PLC,003EF,dde.cfg 설정; 온라인 현재값 아님
MAX_TH_a2,"DB10,INT42",PLC,003EE,dde.cfg 설정; 온라인 현재값 아님
MaxTxImpianto,"DB10,INT2",PLC,003ED,dde.cfg 설정; 온라인 현재값 아님
Allarmi_223,"DB3,X23.1",PLC,00399,dde.cfg 설정; 온라인 현재값 아님
BR_01\HighFlame,"DB11,X84.0",PLC,00389,dde.cfg 설정; 온라인 현재값 아님
BR_01\BurnerON,"DB11,X84.1",PLC,00387,dde.cfg 설정; 온라인 현재값 아님
BR_01\Flag,"DB2,X5.2",PLC,00386,dde.cfg 설정; 온라인 현재값 아님
BR_01\Auto,"DB2,X4.3",PLC,00385,dde.cfg 설정; 온라인 현재값 아님
Burner_ready,"DB2,X5.1",PLC,00375,dde.cfg 설정; 온라인 현재값 아님
EB19,EB19,PLC,00374,dde.cfg 설정; 온라인 현재값 아님
AB15,AB15,PLC,00373,dde.cfg 설정; 온라인 현재값 아님
AB7,AB7,PLC,00366,dde.cfg 설정; 온라인 현재값 아님
EW386,EW386,PLC,00365,dde.cfg 설정; 온라인 현재값 아님
EW388,EW388,PLC,00364,dde.cfg 설정; 온라인 현재값 아님
EW390,EW390,PLC,00363,dde.cfg 설정; 온라인 현재값 아님
EW394,EW394,PLC,00362,dde.cfg 설정; 온라인 현재값 아님
EW392,EW392,PLC,00361,dde.cfg 설정; 온라인 현재값 아님
Allarmi_230,"DB3,X24.0",PLC,00351,dde.cfg 설정; 온라인 현재값 아님
MV_02\OutputOpen,"DB11,X20.0",PLC,00350,dde.cfg 설정; 온라인 현재값 아님
MV_02\AutoMan,"DB2,X6.7",PLC,0034F,dde.cfg 설정; 온라인 현재값 아님
FN_02\Allarme1,"DB11,X30.1",PLC,0034E,dde.cfg 설정; 온라인 현재값 아님
VR_01\Allarme1,"DB11,X32.1",PLC,0034C,dde.cfg 설정; 온라인 현재값 아님
FN_01\Allarme1,"DB11,X34.1",PLC,0034A,dde.cfg 설정; 온라인 현재값 아님
CH_01\Allarme1,"DB11,X38.1",PLC,00348,dde.cfg 설정; 온라인 현재값 아님
FN_03\Allarme1,"DB11,X40.1",PLC,00346,dde.cfg 설정; 온라인 현재값 아님
FN_06\Allarme1,"DB11,X42.1",PLC,00344,dde.cfg 설정; 온라인 현재값 아님
SC_01\Allarme1,"DB11,X44.1",PLC,00342,dde.cfg 설정; 온라인 현재값 아님
LD_01_MF\Allarme1,"DB11,X48.1",PLC,0033E,dde.cfg 설정; 온라인 현재값 아님
LD_01_VB\Allarme1,"DB11,X50.1",PLC,0033C,dde.cfg 설정; 온라인 현재값 아님
SC_10\Allarme1,"DB11,X52.1",PLC,0033A,dde.cfg 설정; 온라인 현재값 아님
SC_11\Allarme1,"DB11,X54.1",PLC,00338,dde.cfg 설정; 온라인 현재값 아님
FN_04\Allarme1,"DB11,X56.1",PLC,00336,dde.cfg 설정; 온라인 현재값 아님
VR_03\Allarme1,"DB11,X58.1",PLC,00334,dde.cfg 설정; 온라인 현재값 아님
VR_04\Allarme1,"DB11,X60.1",PLC,00332,dde.cfg 설정; 온라인 현재값 아님
VR_05\Allarme1,"DB11,X62.1",PLC,00330,dde.cfg 설정; 온라인 현재값 아님
VR_06\Allarme1,"DB11,X64.1",PLC,0032E,dde.cfg 설정; 온라인 현재값 아님
FN_05\Allarme1,"DB11,X66.1",PLC,0032C,dde.cfg 설정; 온라인 현재값 아님
ER_01\Allarme1,"DB11,X68.1",PLC,0032A,dde.cfg 설정; 온라인 현재값 아님
BC_01\RispostaA,"DB11,X0.0",PLC,00328,dde.cfg 설정; 온라인 현재값 아님
RD_01\RispostaA,"DB11,X2.0",PLC,00327,dde.cfg 설정; 온라인 현재값 아님
RD_01_FAN\RispostaA,"DB11,X4.0",PLC,00326,dde.cfg 설정; 온라인 현재값 아님
MC_04\RispostaA,"DB11,X8.0",PLC,00324,dde.cfg 설정; 온라인 현재값 아님
MC_05\RispostaA,"DB11,X10.0",PLC,00323,dde.cfg 설정; 온라인 현재값 아님
VS_01\RispostaA,"DB11,X12.0",PLC,00322,dde.cfg 설정; 온라인 현재값 아님
SC_12\RispostaA,"DB11,X14.0",PLC,00321,dde.cfg 설정; 온라인 현재값 아님
MV_05\Flag_CLOSE,"DB2,X9.3",PLC,0031F,dde.cfg 설정; 온라인 현재값 아님
MV_05\Allarme1,"DB11,X26.2",PLC,0031E,dde.cfg 설정; 온라인 현재값 아님
Allarmi_225,"DB3,X23.3",PLC,0031D,dde.cfg 설정; 온라인 현재값 아님
Allarmi_226,"DB3,X23.4",PLC,0031C,dde.cfg 설정; 온라인 현재값 아님
MV_03\LimitSwitchClose,"DB11,X22.4",PLC,0031B,dde.cfg 설정; 온라인 현재값 아님
MV_03\Flag_OPEN,"DB2,X9.7",PLC,0031A,dde.cfg 설정; 온라인 현재값 아님
MV_03\Flag_CLOSE,"DB2,X10.0",PLC,00319,dde.cfg 설정; 온라인 현재값 아님
MV_03\Allarme1,"DB11,X22.2",PLC,00318,dde.cfg 설정; 온라인 현재값 아님
MV_02\Allarme1,"DB11,X20.2",PLC,00317,dde.cfg 설정; 온라인 현재값 아님
MV_01\LimitSwitchOpen,"DB11,X18.3",PLC,00316,dde.cfg 설정; 온라인 현재값 아님
MV_01\LimitSwitchClose,"DB11,X18.4",PLC,00315,dde.cfg 설정; 온라인 현재값 아님
MV_01\Flag_OPEN,"DB2,X3.3",PLC,00314,dde.cfg 설정; 온라인 현재값 아님
MV_06\OutputClose,"DB11,X28.1",PLC,00312,dde.cfg 설정; 온라인 현재값 아님
MV_05\AutoMan,"DB2,X6.6",PLC,00311,dde.cfg 설정; 온라인 현재값 아님
MV_05\OutputOpen,"DB11,X26.0",PLC,00310,dde.cfg 설정; 온라인 현재값 아님
Allarmi_232,"DB3,X24.2",PLC,0030E,dde.cfg 설정; 온라인 현재값 아님
MV_03\AutoMan,"DB2,X7.0",PLC,0030D,dde.cfg 설정; 온라인 현재값 아님
MV_03\OutputOpen,"DB11,X22.0",PLC,0030C,dde.cfg 설정; 온라인 현재값 아님
MV_02\OutputClose,"DB11,X20.1",PLC,0030A,dde.cfg 설정; 온라인 현재값 아님
MV_01\AutoMan,"DB2,X7.2",PLC,00309,dde.cfg 설정; 온라인 현재값 아님
MV_01\OutputOpen,"DB11,X18.0",PLC,00308,dde.cfg 설정; 온라인 현재값 아님
FN_02\RispostaA,"DB11,X30.0",PLC,00307,dde.cfg 설정; 온라인 현재값 아님
VR_01\RispostaA,"DB11,X32.0",PLC,00306,dde.cfg 설정; 온라인 현재값 아님
FN_01\RispostaA,"DB11,X34.0",PLC,00305,dde.cfg 설정; 온라인 현재값 아님
CH_01\RispostaA,"DB11,X38.0",PLC,00304,dde.cfg 설정; 온라인 현재값 아님
Allarmi_231,"DB3,X24.1",PLC,00303,dde.cfg 설정; 온라인 현재값 아님
I_W4,"DB13,W4",PLC,00302,dde.cfg 설정; 온라인 현재값 아님
I_W6,"DB13,W6",PLC,00301,dde.cfg 설정; 온라인 현재값 아님
I_W8,"DB13,W8",PLC,00300,dde.cfg 설정; 온라인 현재값 아님
I_W10,"DB13,W10",PLC,002FF,dde.cfg 설정; 온라인 현재값 아님
I_W12,"DB13,W12",PLC,002FE,dde.cfg 설정; 온라인 현재값 아님
I_W14,"DB13,W14",PLC,002FD,dde.cfg 설정; 온라인 현재값 아님
I_W16,"DB13,W16",PLC,002FC,dde.cfg 설정; 온라인 현재값 아님
I_W18,"DB13,W18",PLC,002FB,dde.cfg 설정; 온라인 현재값 아님
I_W20,"DB14,W20",PLC,002FA,dde.cfg 설정; 온라인 현재값 아님
I_W22,"DB14,W22",PLC,002F9,dde.cfg 설정; 온라인 현재값 아님
O_W0,"DB14,W0",PLC,002F8,dde.cfg 설정; 온라인 현재값 아님
O_W2,"DB14,W2",PLC,002F7,dde.cfg 설정; 온라인 현재값 아님
O_W4,"DB14,W4",PLC,002F6,dde.cfg 설정; 온라인 현재값 아님
O_W6,"DB14,W6",PLC,002F5,dde.cfg 설정; 온라인 현재값 아님
O_W12,"DB14,W12",PLC,002F4,dde.cfg 설정; 온라인 현재값 아님
O_W14,"DB14,W14",PLC,002F3,dde.cfg 설정; 온라인 현재값 아님
O_W16,"DB14,W16",PLC,002F2,dde.cfg 설정; 온라인 현재값 아님
O_W18,"DB14,W18",PLC,002F1,dde.cfg 설정; 온라인 현재값 아님
O_W20,"DB14,W20",PLC,002F0,dde.cfg 설정; 온라인 현재값 아님
O_W22,"DB14,W22",PLC,002EF,dde.cfg 설정; 온라인 현재값 아님
ResetAlarms,"DB2,X13.4",PLC,002E1,dde.cfg 설정; 온라인 현재값 아님
StatusPLC,$SYS$Status,PLC,002DF,dde.cfg 설정; 온라인 현재값 아님
data_DB8_DBW36,"DB8,INT36",PLC,002DE,dde.cfg 설정; 온라인 현재값 아님
data_DB1_DBW118,"DB1,INT118",PLC,002DD,dde.cfg 설정; 온라인 현재값 아님
Coeff_DB4_DBW108,"DB4,INT108",PLC,002DC,dde.cfg 설정; 온라인 현재값 아님
data_DB1_DBW18,"DB1,INT18",PLC,002DB,dde.cfg 설정; 온라인 현재값 아님
Allarmi_202,"DB3,X20.4",PLC,002DA,dde.cfg 설정; 온라인 현재값 아님
data_DB1_DBW206,"DB1,INT206",PLC,002D9,dde.cfg 설정; 온라인 현재값 아님
Coeff_DB4_DBW24,"DB4,INT24",PLC,002D7,dde.cfg 설정; 온라인 현재값 아님
Coeff_DB4_DBW46,"DB4,INT46",PLC,002D6,dde.cfg 설정; 온라인 현재값 아님
Coeff_DB4_DBW218,"DB4,INT218",PLC,002D5,dde.cfg 설정; 온라인 현재값 아님
Coeff_DB4_DBW68,"DB4,INT68",PLC,002D4,dde.cfg 설정; 온라인 현재값 아님
data_DB1_DBW108,"DB1,INT108",PLC,002D3,dde.cfg 설정; 온라인 현재값 아님
data_DB1_DBW190,"DB1,INT190",PLC,002D1,dde.cfg 설정; 온라인 현재값 아님
Allarmi_207,"DB3,X21.1",PLC,002D0,dde.cfg 설정; 온라인 현재값 아님
data_DB1_DBW90,"DB1,INT90",PLC,002CF,dde.cfg 설정; 온라인 현재값 아님
Coeff_DB4_DBW14,"DB4,INT14",PLC,002CD,dde.cfg 설정; 온라인 현재값 아님
Coeff_DB4_DBW36,"DB4,INT36",PLC,002CC,dde.cfg 설정; 온라인 현재값 아님
Coeff_DB4_DBW208,"DB4,INT208",PLC,002CB,dde.cfg 설정; 온라인 현재값 아님
Coeff_DB4_DBW58,"DB4,INT58",PLC,002CA,dde.cfg 설정; 온라인 현재값 아님
data_DB1_DBW6,"DB1,INT6",PLC,002C9,dde.cfg 설정; 온라인 현재값 아님
data_DB8_DBW38,"DB8,INT38",PLC,002C8,dde.cfg 설정; 온라인 현재값 아님
data_DB1_DBW180,"DB1,INT180",PLC,002C7,dde.cfg 설정; 온라인 현재값 아님
Allarmi_212,"DB3,X21.6",PLC,002C6,dde.cfg 설정; 온라인 현재값 아님
Allarmi_201,"DB3,X20.3",PLC,002C5,dde.cfg 설정; 온라인 현재값 아님
data_DB1_DBW80,"DB1,INT80",PLC,002C4,dde.cfg 설정; 온라인 현재값 아님
data_DB1_DBW208,"DB1,INT208",PLC,002C3,dde.cfg 설정; 온라인 현재값 아님
data_DB1_DBW290,"DB1,INT290",PLC,002C2,dde.cfg 설정; 온라인 현재값 아님
Coeff_DB4_DBW26,"DB4,INT26",PLC,002C1,dde.cfg 설정; 온라인 현재값 아님
Coeff_DB4_DBW48,"DB4,INT48",PLC,002C0,dde.cfg 설정; 온라인 현재값 아님
data_DB1_DBW170,"DB1,INT170",PLC,002BF,dde.cfg 설정; 온라인 현재값 아님
data_DB1_DBW192,"DB1,INT192",PLC,002BE,dde.cfg 설정; 온라인 현재값 아님
Allarmi_206,"DB3,X21.0",PLC,002BD,dde.cfg 설정; 온라인 현재값 아님
data_DB1_DBW312,"DB1,INT312",PLC,002BB,dde.cfg 설정; 온라인 현재값 아님
Coeff_DB4_DBW16,"DB4,INT16",PLC,002BA,dde.cfg 설정; 온라인 현재값 아님
Coeff_DB4_DBW38,"DB4,INT38",PLC,002B9,dde.cfg 설정; 온라인 현재값 아님
data_DB1_DBW8,"DB1,INT8",PLC,002B8,dde.cfg 설정; 온라인 현재값 아님
Allarmi_217,"DB3,X22.3",PLC,002B5,dde.cfg 설정; 온라인 현재값 아님
Allarmi_211,"DB3,X21.5",PLC,002B4,dde.cfg 설정; 온라인 현재값 아님
Allarmi_200,"DB3,X20.2",PLC,002B3,dde.cfg 설정; 온라인 현재값 아님
data_DB1_DBW270,"DB1,INT270",PLC,002B0,dde.cfg 설정; 온라인 현재값 아님
Coeff_DB4_DBW28,"DB4,INT28",PLC,002AF,dde.cfg 설정; 온라인 현재값 아님
data_DB1_DBW308,"DB1,INT308",PLC,002AE,dde.cfg 설정; 온라인 현재값 아님
Allarmi_220,"DB3,X22.6",PLC,002AB,dde.cfg 설정; 온라인 현재값 아님
Allarmi_205,"DB3,X20.7",PLC,002AA,dde.cfg 설정; 온라인 현재값 아님
data_DB1_DBW50,"DB1,INT50",PLC,002A9,dde.cfg 설정; 온라인 현재값 아님
data_DB1_DBW72,"DB1,INT72",PLC,002A8,dde.cfg 설정; 온라인 현재값 아님
data_DB1_DBW314,"DB1,INT314",PLC,002A7,dde.cfg 설정; 온라인 현재값 아님
Coeff_DB4_DBW18,"DB4,INT18",PLC,002A5,dde.cfg 설정; 온라인 현재값 아님
Coeff_DB4_DBW0,"DB4,INT0",PLC,002A4,dde.cfg 설정; 온라인 현재값 아님
Coeff_DB4_DBW90,"DB4,INT90",PLC,002A3,dde.cfg 설정; 온라인 현재값 아님
data_DB1_DBW140,"DB1,INT140",PLC,002A2,dde.cfg 설정; 온라인 현재값 아님
Coeff_DB4_DBW130,"DB4,INT130",PLC,0029F,dde.cfg 설정; 온라인 현재값 아님
Allarmi_216,"DB3,X22.2",PLC,0029E,dde.cfg 설정; 온라인 현재값 아님
Allarmi_210,"DB3,X21.4",PLC,0029D,dde.cfg 설정; 온라인 현재값 아님
Coeff_DB4_DBW196,"DB4,INT196",PLC,0029C,dde.cfg 설정; 온라인 현재값 아님
data_DB1_DBW40,"DB1,INT40",PLC,0029B,dde.cfg 설정; 온라인 현재값 아님
data_DB1_DBW84,"DB1,INT84",PLC,00299,dde.cfg 설정; 온라인 현재값 아님
data_DB1_DBW272,"DB1,INT272",PLC,00297,dde.cfg 설정; 온라인 현재값 아님
Coeff_DB4_DBW80,"DB4,INT80",PLC,00296,dde.cfg 설정; 온라인 현재값 아님
data_DB1_DBW130,"DB1,INT130",PLC,00295,dde.cfg 설정; 온라인 현재값 아님
data_DB1_DBW310,"DB1,INT310",PLC,00294,dde.cfg 설정; 온라인 현재값 아님
data_DB1_DBW196,"DB1,INT196",PLC,00292,dde.cfg 설정; 온라인 현재값 아님
Coeff_DB4_DBW120,"DB4,INT120",PLC,00291,dde.cfg 설정; 온라인 현재값 아님
Allarmi_221,"DB3,X22.7",PLC,00290,dde.cfg 설정; 온라인 현재값 아님
Allarmi_204,"DB3,X20.6",PLC,0028F,dde.cfg 설정; 온라인 현재값 아님
data_DB1_DBW74,"DB1,INT74",PLC,0028C,dde.cfg 설정; 온라인 현재값 아님
data_DB1_DBW96,"DB1,INT96",PLC,0028B,dde.cfg 설정; 온라인 현재값 아님
data_DB1_DBW240,"DB1,INT240",PLC,0028A,dde.cfg 설정; 온라인 현재값 아님
data_DB1_DBW262,"DB1,INT262",PLC,00289,dde.cfg 설정; 온라인 현재값 아님
Coeff_DB4_DBW2,"DB4,INT2",PLC,00288,dde.cfg 설정; 온라인 현재값 아님
Coeff_DB4_DBW92,"DB4,INT92",PLC,00287,dde.cfg 설정; 온라인 현재값 아님
data_DB1_DBW120,"DB1,INT120",PLC,00286,dde.cfg 설정; 온라인 현재값 아님
data_DB1_DBW142,"DB1,INT142",PLC,00285,dde.cfg 설정; 온라인 현재값 아님
Coeff_DB4_DBW110,"DB4,INT110",PLC,00282,dde.cfg 설정; 온라인 현재값 아님
Coeff_DB4_DBW132,"DB4,INT132",PLC,00281,dde.cfg 설정; 온라인 현재값 아님
Allarmi_215,"DB3,X22.1",PLC,00280,dde.cfg 설정; 온라인 현재값 아님
Allarmi_209,"DB3,X21.3",PLC,0027F,dde.cfg 설정; 온라인 현재값 아님
Coeff_DB4_DBW198,"DB4,INT198",PLC,0027E,dde.cfg 설정; 온라인 현재값 아님
data_DB1_DBW20,"DB1,INT20",PLC,0027D,dde.cfg 설정; 온라인 현재값 아님
data_DB1_DBW42,"DB1,INT42",PLC,0027C,dde.cfg 설정; 온라인 현재값 아님
data_DB1_DBW64,"DB1,INT64",PLC,0027B,dde.cfg 설정; 온라인 현재값 아님
Coeff_DB4_DBW220,"DB4,INT220",PLC,00278,dde.cfg 설정; 온라인 현재값 아님
Coeff_DB4_DBW70,"DB4,INT70",PLC,00277,dde.cfg 설정; 온라인 현재값 아님
Coeff_DB4_DBW82,"DB4,INT82",PLC,00276,dde.cfg 설정; 온라인 현재값 아님
data_DB1_DBW110,"DB1,INT110",PLC,00275,dde.cfg 설정; 온라인 현재값 아님
data_DB1_DBW306,"DB1,INT306",PLC,00272,dde.cfg 설정; 온라인 현재값 아님
data_DB1_DBW176,"DB1,INT176",PLC,00271,dde.cfg 설정; 온라인 현재값 아님
Coeff_DB4_DBW100,"DB4,INT100",PLC,0026F,dde.cfg 설정; 온라인 현재값 아님
Coeff_DB4_DBW122,"DB4,INT122",PLC,0026E,dde.cfg 설정; 온라인 현재값 아님
Allarmi_219,"DB3,X22.5",PLC,0026D,dde.cfg 설정; 온라인 현재값 아님
Allarmi_214,"DB3,X22.0",PLC,0026C,dde.cfg 설정; 온라인 현재값 아님
Allarmi_203,"DB3,X20.5",PLC,0026B,dde.cfg 설정; 온라인 현재값 아님
data_DB1_DBW10,"DB1,INT10",PLC,0026A,dde.cfg 설정; 온라인 현재값 아님
data_DB1_DBW32,"DB1,INT32",PLC,00269,dde.cfg 설정; 온라인 현재값 아님
data_DB1_DBW54,"DB1,INT54",PLC,00268,dde.cfg 설정; 온라인 현재값 아님
data_DB1_DBW98,"DB1,INT98",PLC,00266,dde.cfg 설정; 온라인 현재값 아님
data_DB1_DBW242,"DB1,INT242",PLC,00264,dde.cfg 설정; 온라인 현재값 아님
data_DB1_DBW264,"DB1,INT264",PLC,00263,dde.cfg 설정; 온라인 현재값 아님
data_DB1_DBW286,"DB1,INT286",PLC,00262,dde.cfg 설정; 온라인 현재값 아님
Coeff_DB4_DBW210,"DB4,INT210",PLC,00261,dde.cfg 설정; 온라인 현재값 아님
Coeff_DB4_DBW60,"DB4,INT60",PLC,00260,dde.cfg 설정; 온라인 현재값 아님
Coeff_DB4_DBW4,"DB4,INT4",PLC,0025F,dde.cfg 설정; 온라인 현재값 아님
data_DB1_DBW100,"DB1,INT100",PLC,0025E,dde.cfg 설정; 온라인 현재값 아님
Coeff_DB4_DBW94,"DB4,INT94",PLC,0025D,dde.cfg 설정; 온라인 현재값 아님
data_DB8_DBW40,"DB8,INT40",PLC,0025C,dde.cfg 설정; 온라인 현재값 아님
data_DB1_DBW144,"DB1,INT144",PLC,0025A,dde.cfg 설정; 온라인 현재값 아님
Coeff_DB4_DBW112,"DB4,INT112",PLC,00257,dde.cfg 설정; 온라인 현재값 아님
Coeff_DB4_DBW134,"DB4,INT134",PLC,00256,dde.cfg 설정; 온라인 현재값 아님
data_DB1_DBW318,"DB1,INT318",PLC,00255,dde.cfg 설정; 온라인 현재값 아님
Allarmi_208,"DB3,X21.2",PLC,00254,dde.cfg 설정; 온라인 현재값 아님
data_DB1_DBW22,"DB1,INT22",PLC,00253,dde.cfg 설정; 온라인 현재값 아님
data_DB1_DBW302,"DB1,INT302",PLC,00252,dde.cfg 설정; 온라인 현재값 아님
data_DB1_DBW66,"DB1,INT66",PLC,00251,dde.cfg 설정; 온라인 현재값 아님
data_DB1_DBW322,"DB1,INT322",PLC,00250,dde.cfg 설정; 온라인 현재값 아님
data_DB1_DBW210,"DB1,INT210",PLC,0024F,dde.cfg 설정; 온라인 현재값 아님
Coeff_DB4_DBW200,"DB4,INT200",PLC,0024D,dde.cfg 설정; 온라인 현재값 아님
Coeff_DB4_DBW50,"DB4,INT50",PLC,0024C,dde.cfg 설정; 온라인 현재값 아님
Coeff_DB4_DBW222,"DB4,INT222",PLC,0024B,dde.cfg 설정; 온라인 현재값 아님
Coeff_DB4_DBW72,"DB4,INT72",PLC,0024A,dde.cfg 설정; 온라인 현재값 아님
data_DB41_DBW52,"DB41,INT52",PLC,00249,dde.cfg 설정; 온라인 현재값 아님
data_DB1_DBW112,"DB1,INT112",PLC,00248,dde.cfg 설정; 온라인 현재값 아님
data_DB1_DBW134,"DB1,INT134",PLC,00247,dde.cfg 설정; 온라인 현재값 아님
data_DB1_DBW304,"DB1,INT304",PLC,00246,dde.cfg 설정; 온라인 현재값 아님
data_DB1_DBW178,"DB1,INT178",PLC,00245,dde.cfg 설정; 온라인 현재값 아님
Coeff_DB4_DBW102,"DB4,INT102",PLC,00244,dde.cfg 설정; 온라인 현재값 아님
Coeff_DB4_DBW124,"DB4,INT124",PLC,00243,dde.cfg 설정; 온라인 현재값 아님
data_DB1_DBW320,"DB1,INT320",PLC,00242,dde.cfg 설정; 온라인 현재값 아님
data_DB41_DBW54,"DB41,INT54",PLC,00241,dde.cfg 설정; 온라인 현재값 아님
data_DB1_DBW56,"DB1,INT56",PLC,0023E,dde.cfg 설정; 온라인 현재값 아님
data_DB1_DBW78,"DB1,INT78",PLC,0023D,dde.cfg 설정; 온라인 현재값 아님
data_DB1_DBW222,"DB1,INT222",PLC,0023B,dde.cfg 설정; 온라인 현재값 아님
data_DB1_DBW244,"DB1,INT244",PLC,0023A,dde.cfg 설정; 온라인 현재값 아님
EnableTC02,"DB39,X0.1",PLC,00239,dde.cfg 설정; 온라인 현재값 아님
data_DB1_DBW288,"DB1,INT288",PLC,00238,dde.cfg 설정; 온라인 현재값 아님
Coeff_DB4_DBW40,"DB4,INT40",PLC,00237,dde.cfg 설정; 온라인 현재값 아님
Coeff_DB4_DBW212,"DB4,INT212",PLC,00236,dde.cfg 설정; 온라인 현재값 아님
Coeff_DB4_DBW62,"DB4,INT62",PLC,00235,dde.cfg 설정; 온라인 현재값 아님
Coeff_DB4_DBW6,"DB4,INT6",PLC,00234,dde.cfg 설정; 온라인 현재값 아님
data_DB1_DBW102,"DB1,INT102",PLC,00233,dde.cfg 설정; 온라인 현재값 아님
Coeff_DB4_DBW96,"DB4,INT96",PLC,00232,dde.cfg 설정; 온라인 현재값 아님
data_DB8_DBW42,"DB8,INT42",PLC,00231,dde.cfg 설정; 온라인 현재값 아님
data_DB1_DBW124,"DB1,INT124",PLC,00230,dde.cfg 설정; 온라인 현재값 아님
data_DB1_DBW146,"DB1,INT146",PLC,0022F,dde.cfg 설정; 온라인 현재값 아님
Coeff_DB4_DBW114,"DB4,INT114",PLC,0022D,dde.cfg 설정; 온라인 현재값 아님
data_DB1_DBW24,"DB1,INT24",PLC,0022C,dde.cfg 설정; 온라인 현재값 아님
data_DB1_DBW316,"DB1,INT316",PLC,0022B,dde.cfg 설정; 온라인 현재값 아님
data_DB1_DBW68,"DB1,INT68",PLC,0022A,dde.cfg 설정; 온라인 현재값 아님
data_DB6_DBW10,"DB6,INT10",PLC,00229,dde.cfg 설정; 온라인 현재값 아님
data_DB1_DBW212,"DB1,INT212",PLC,00228,dde.cfg 설정; 온라인 현재값 아님
Coeff_DB4_DBW30,"DB4,INT30",PLC,00225,dde.cfg 설정; 온라인 현재값 아님
Coeff_DB4_DBW202,"DB4,INT202",PLC,00224,dde.cfg 설정; 온라인 현재값 아님
Coeff_DB4_DBW52,"DB4,INT52",PLC,00223,dde.cfg 설정; 온라인 현재값 아님
Coeff_DB4_DBW224,"DB4,INT224",PLC,00222,dde.cfg 설정; 온라인 현재값 아님
data_DB1_DBW0,"DB1,INT0",PLC,00221,dde.cfg 설정; 온라인 현재값 아님
Coeff_DB4_DBW74,"DB4,INT74",PLC,00220,dde.cfg 설정; 온라인 현재값 아님
data_DB41_DBW58,"DB41,INT58",PLC,0021F,dde.cfg 설정; 온라인 현재값 아님
data_DB1_DBW136,"DB1,INT136",PLC,0021D,dde.cfg 설정; 온라인 현재값 아님
Coeff_DB4_DBW104,"DB4,INT104",PLC,0021B,dde.cfg 설정; 온라인 현재값 아님
Coeff_DB4_DBW126,"DB4,INT126",PLC,0021A,dde.cfg 설정; 온라인 현재값 아님
Allarmi_218,"DB3,X22.4",PLC,00219,dde.cfg 설정; 온라인 현재값 아님
data_DB6_DBW22,"DB6,INT22",PLC,00215,dde.cfg 설정; 온라인 현재값 아님
data_DB1_DBW224,"DB1,INT224",PLC,00213,dde.cfg 설정; 온라인 현재값 아님
EnableTC01,"DB39,X0.0",PLC,00211,dde.cfg 설정; 온라인 현재값 아님
Coeff_DB4_DBW20,"DB4,INT20",PLC,00210,dde.cfg 설정; 온라인 현재값 아님
Coeff_DB4_DBW42,"DB4,INT42",PLC,0020F,dde.cfg 설정; 온라인 현재값 아님
Coeff_DB4_DBW214,"DB4,INT214",PLC,0020E,dde.cfg 설정; 온라인 현재값 아님
Coeff_DB4_DBW64,"DB4,INT64",PLC,0020D,dde.cfg 설정; 온라인 현재값 아님
Coeff_DB4_DBW8,"DB4,INT8",PLC,0020C,dde.cfg 설정; 온라인 현재값 아님
Coeff_DB4_DBW98,"DB4,INT98",PLC,0020A,dde.cfg 설정; 온라인 현재값 아님
data_DB8_DBW44,"DB8,INT44",PLC,00209,dde.cfg 설정; 온라인 현재값 아님
data_DB1_DBW148,"DB1,INT148",PLC,00207,dde.cfg 설정; 온라인 현재값 아님
Coeff_DB4_DBW116,"DB4,INT116",PLC,00206,dde.cfg 설정; 온라인 현재값 아님
Coeff_DB4_DBW138,"DB4,INT138",PLC,00205,dde.cfg 설정; 온라인 현재값 아님
data_DB1_DBW26,"DB1,INT26",PLC,00204,dde.cfg 설정; 온라인 현재값 아님
data_DB1_DBW258,"DB1,INT258",PLC,00200,dde.cfg 설정; 온라인 현재값 아님
Coeff_DB4_DBW10,"DB4,INT10",PLC,001FF,dde.cfg 설정; 온라인 현재값 아님
Coeff_DB4_DBW32,"DB4,INT32",PLC,001FE,dde.cfg 설정; 온라인 현재값 아님
Coeff_DB4_DBW204,"DB4,INT204",PLC,001FD,dde.cfg 설정; 온라인 현재값 아님
Coeff_DB4_DBW54,"DB4,INT54",PLC,001FC,dde.cfg 설정; 온라인 현재값 아님
data_DB1_DBW2,"DB1,INT2",PLC,001FB,dde.cfg 설정; 온라인 현재값 아님
Coeff_DB4_DBW76,"DB4,INT76",PLC,001FA,dde.cfg 설정; 온라인 현재값 아님
Coeff_DB4_DBW88,"DB4,INT88",PLC,001F9,dde.cfg 설정; 온라인 현재값 아님
data_DB1_DBW116,"DB1,INT116",PLC,001F8,dde.cfg 설정; 온라인 현재값 아님
data_DB1_DBW138,"DB1,INT138",PLC,001F7,dde.cfg 설정; 온라인 현재값 아님
Coeff_DB4_DBW106,"DB4,INT106",PLC,001F6,dde.cfg 설정; 온라인 현재값 아님
Coeff_DB4_DBW128,"DB4,INT128",PLC,001F5,dde.cfg 설정; 온라인 현재값 아님
data_DB1_DBW300,"DB1,INT300",PLC,001F4,dde.cfg 설정; 온라인 현재값 아님
data_DB6_DBW24,"DB6,INT24",PLC,001F2,dde.cfg 설정; 온라인 현재값 아님
Coeff_DB4_DBW22,"DB4,INT22",PLC,001EE,dde.cfg 설정; 온라인 현재값 아님
Coeff_DB4_DBW44,"DB4,INT44",PLC,001ED,dde.cfg 설정; 온라인 현재값 아님
Coeff_DB4_DBW216,"DB4,INT216",PLC,001EC,dde.cfg 설정; 온라인 현재값 아님
Coeff_DB4_DBW66,"DB4,INT66",PLC,001EB,dde.cfg 설정; 온라인 현재값 아님
data_DB1_DBW128,"DB1,INT128",PLC,001E8,dde.cfg 설정; 온라인 현재값 아님
Coeff_DB4_DBW118,"DB4,INT118",PLC,001E7,dde.cfg 설정; 온라인 현재값 아님
data_DB1_DBW28,"DB1,INT28",PLC,001E6,dde.cfg 설정; 온라인 현재값 아님
Coeff_DB4_DBW12,"DB4,INT12",PLC,001E3,dde.cfg 설정; 온라인 현재값 아님
Coeff_DB4_DBW34,"DB4,INT34",PLC,001E2,dde.cfg 설정; 온라인 현재값 아님
Coeff_DB4_DBW206,"DB4,INT206",PLC,001E1,dde.cfg 설정; 온라인 현재값 아님
Coeff_DB4_DBW56,"DB4,INT56",PLC,001E0,dde.cfg 설정; 온라인 현재값 아님
data_DB1_DBW4,"DB1,INT4",PLC,001DF,dde.cfg 설정; 온라인 현재값 아님
Coeff_DB4_DBW78,"DB4,INT78",PLC,001DE,dde.cfg 설정; 온라인 현재값 아님
MaxPortataAria,"DB5,D100",PLC,001DD,dde.cfg 설정; 온라인 현재값 아님
Stechio_MAX_limit,"DB5,REAL24",PLC,001D9,dde.cfg 설정; 온라인 현재값 아님
FN_04\AutoON,"DB2,X9.2",PLC,001D7,dde.cfg 설정; 온라인 현재값 아님
Set_TH,"DB10,W0",PLC,001D6,dde.cfg 설정; 온라인 현재값 아님
Gain_FN02,"DB150,INT4",PLC,001D4,dde.cfg 설정; 온라인 현재값 아님
Gas_crv10,"DB5,W70",PLC,001D1,dde.cfg 설정; 온라인 현재값 아님
TI_FN02,"DB150,D0",PLC,001CF,dde.cfg 설정; 온라인 현재값 아님
Gas_crv00,"DB5,W50",PLC,001CE,dde.cfg 설정; 온라인 현재값 아님
Gas_crv11,"DB5,W72",PLC,001CD,dde.cfg 설정; 온라인 현재값 아님
Gas_crv01,"DB5,W52",PLC,001CC,dde.cfg 설정; 온라인 현재값 아님
Gas_crv12,"DB5,W74",PLC,001CB,dde.cfg 설정; 온라인 현재값 아님
Gas_crv02,"DB5,W54",PLC,001CA,dde.cfg 설정; 온라인 현재값 아님
Gas_crv13,"DB5,W76",PLC,001C9,dde.cfg 설정; 온라인 현재값 아님
Gas_crv03,"DB5,W56",PLC,001C8,dde.cfg 설정; 온라인 현재값 아님
Gas_crv14,"DB5,W78",PLC,001C7,dde.cfg 설정; 온라인 현재값 아님
Gas_crv04,"DB5,W58",PLC,001C6,dde.cfg 설정; 온라인 현재값 아님
Gas_crv15,"DB5,W80",PLC,001C5,dde.cfg 설정; 온라인 현재값 아님
Gas_crv05,"DB5,W60",PLC,001C4,dde.cfg 설정; 온라인 현재값 아님
FN_03\RispostaA,"DB11,X40.0",PLC,001C3,dde.cfg 설정; 온라인 현재값 아님
FN_06\RispostaA,"DB11,X42.0",PLC,001C2,dde.cfg 설정; 온라인 현재값 아님
SC_01\RispostaA,"DB11,X44.0",PLC,001C1,dde.cfg 설정; 온라인 현재값 아님
TC_PID_REF,"DB39,REAL2",PLC,001C0,dde.cfg 설정; 온라인 현재값 아님
LD_01_MF\RispostaA,"DB11,X48.0",PLC,001BF,dde.cfg 설정; 온라인 현재값 아님
LD_01_VB\RispostaA,"DB11,X50.0",PLC,001BE,dde.cfg 설정; 온라인 현재값 아님
SC_10\RispostaA,"DB11,X52.0",PLC,001BD,dde.cfg 설정; 온라인 현재값 아님
SC_11\RispostaA,"DB11,X54.0",PLC,001BC,dde.cfg 설정; 온라인 현재값 아님
FN_04\RispostaA,"DB11,X56.0",PLC,001BB,dde.cfg 설정; 온라인 현재값 아님
VR_03\RispostaA,"DB11,X58.0",PLC,001BA,dde.cfg 설정; 온라인 현재값 아님
VR_04\RispostaA,"DB11,X60.0",PLC,001B9,dde.cfg 설정; 온라인 현재값 아님
VR_05\RispostaA,"DB11,X62.0",PLC,001B8,dde.cfg 설정; 온라인 현재값 아님
VR_06\RispostaA,"DB11,X64.0",PLC,001B7,dde.cfg 설정; 온라인 현재값 아님
FN_05\RispostaA,"DB11,X66.0",PLC,001B6,dde.cfg 설정; 온라인 현재값 아님
ER_01\RispostaA,"DB11,X68.0",PLC,001B5,dde.cfg 설정; 온라인 현재값 아님
BC_01\Flag,"DB2,X0.0",PLC,001B4,dde.cfg 설정; 온라인 현재값 아님
RD_01\Flag,"DB2,X0.1",PLC,001B3,dde.cfg 설정; 온라인 현재값 아님
RD_01_FAN\Flag,"DB2,X0.2",PLC,001B2,dde.cfg 설정; 온라인 현재값 아님
MC_04\Flag,"DB2,X0.4",PLC,001B0,dde.cfg 설정; 온라인 현재값 아님
MC_05\Flag,"DB2,X0.5",PLC,001AF,dde.cfg 설정; 온라인 현재값 아님
VS_01\Flag,"DB2,X0.6",PLC,001AE,dde.cfg 설정; 온라인 현재값 아님
SC_12\Flag,"DB2,X0.7",PLC,001AD,dde.cfg 설정; 온라인 현재값 아님
Allarmi_227,"DB3,X23.5",PLC,001AB,dde.cfg 설정; 온라인 현재값 아님
Allarmi_228,"DB3,X23.6",PLC,001AA,dde.cfg 설정; 온라인 현재값 아님
MV_02\LimitSwitchOpen,"DB11,X20.3",PLC,001A9,dde.cfg 설정; 온라인 현재값 아님
MV_02\LimitSwitchClose,"DB11,X20.4",PLC,001A8,dde.cfg 설정; 온라인 현재값 아님
MV_01\Flag_CLOSE,"DB2,X3.4",PLC,001A7,dde.cfg 설정; 온라인 현재값 아님
MV_01\Allarme1,"DB11,X18.2",PLC,001A6,dde.cfg 설정; 온라인 현재값 아님
MV_05\OutputClose,"DB11,X26.1",PLC,001A4,dde.cfg 설정; 온라인 현재값 아님
MV_03\OutputClose,"DB11,X22.1",PLC,001A2,dde.cfg 설정; 온라인 현재값 아님
MV_01\OutputClose,"DB11,X18.1",PLC,001A0,dde.cfg 설정; 온라인 현재값 아님
FN_02\Flag,"DB2,X1.0",PLC,0019F,dde.cfg 설정; 온라인 현재값 아님
VR_01\Flag,"DB2,X1.1",PLC,0019E,dde.cfg 설정; 온라인 현재값 아님
FN_01\Flag,"DB2,X1.2",PLC,0019D,dde.cfg 설정; 온라인 현재값 아님
CH_01\Flag,"DB2,X1.4",PLC,0019C,dde.cfg 설정; 온라인 현재값 아님
FN_03\Flag,"DB2,X1.5",PLC,0019B,dde.cfg 설정; 온라인 현재값 아님
FN_06\Flag,"DB2,X3.7",PLC,0019A,dde.cfg 설정; 온라인 현재값 아님
SC_01\Flag,"DB2,X1.6",PLC,00199,dde.cfg 설정; 온라인 현재값 아님
AW336,AW336,PLC,00198,dde.cfg 설정; 온라인 현재값 아님
LD_01_MF\Flag,"DB2,X2.0",PLC,00197,dde.cfg 설정; 온라인 현재값 아님
LD_01_VB\Flag,"DB2,X2.1",PLC,00196,dde.cfg 설정; 온라인 현재값 아님
SC_10\Flag,"DB2,X2.2",PLC,00195,dde.cfg 설정; 온라인 현재값 아님
SC_11\Flag,"DB2,X2.3",PLC,00194,dde.cfg 설정; 온라인 현재값 아님
FN_04\Flag,"DB2,X2.4",PLC,00193,dde.cfg 설정; 온라인 현재값 아님
VR_03\Flag,"DB2,X2.5",PLC,00192,dde.cfg 설정; 온라인 현재값 아님
VR_04\Flag,"DB2,X2.6",PLC,00191,dde.cfg 설정; 온라인 현재값 아님
VR_05\Flag,"DB2,X2.7",PLC,00190,dde.cfg 설정; 온라인 현재값 아님
VR_06\Flag,"DB2,X3.0",PLC,0018F,dde.cfg 설정; 온라인 현재값 아님
FN_05\Flag,"DB2,X3.1",PLC,0018E,dde.cfg 설정; 온라인 현재값 아님
ER_01\Flag,"DB2,X5.4",PLC,0018D,dde.cfg 설정; 온라인 현재값 아님
Allarmi_1,"DB3,X0.0",PLC,0018C,dde.cfg 설정; 온라인 현재값 아님
Allarmi_2,"DB3,X0.1",PLC,0018B,dde.cfg 설정; 온라인 현재값 아님
Allarmi_3,"DB3,X0.2",PLC,0018A,dde.cfg 설정; 온라인 현재값 아님
Allarmi_4,"DB3,X0.3",PLC,00189,dde.cfg 설정; 온라인 현재값 아님
Allarmi_5,"DB3,X0.4",PLC,00188,dde.cfg 설정; 온라인 현재값 아님
Allarmi_6,"DB3,X0.5",PLC,00187,dde.cfg 설정; 온라인 현재값 아님
Allarmi_7,"DB3,X0.6",PLC,00186,dde.cfg 설정; 온라인 현재값 아님
Allarmi_8,"DB3,X0.7",PLC,00185,dde.cfg 설정; 온라인 현재값 아님
Allarmi_9,"DB3,X1.0",PLC,00184,dde.cfg 설정; 온라인 현재값 아님
Allarmi_10,"DB3,X1.1",PLC,00183,dde.cfg 설정; 온라인 현재값 아님
Allarmi_11,"DB3,X1.2",PLC,00182,dde.cfg 설정; 온라인 현재값 아님
Allarmi_12,"DB3,X1.3",PLC,00181,dde.cfg 설정; 온라인 현재값 아님
Allarmi_13,"DB3,X1.4",PLC,00180,dde.cfg 설정; 온라인 현재값 아님
Allarmi_14,"DB3,X1.5",PLC,0017F,dde.cfg 설정; 온라인 현재값 아님
Allarmi_15,"DB3,X1.6",PLC,0017E,dde.cfg 설정; 온라인 현재값 아님
Allarmi_16,"DB3,X1.7",PLC,0017D,dde.cfg 설정; 온라인 현재값 아님
Allarmi_17,"DB3,X2.0",PLC,0017C,dde.cfg 설정; 온라인 현재값 아님
Allarmi_18,"DB3,X2.1",PLC,0017B,dde.cfg 설정; 온라인 현재값 아님
Allarmi_19,"DB3,X2.2",PLC,0017A,dde.cfg 설정; 온라인 현재값 아님
Allarmi_20,"DB3,X2.3",PLC,00179,dde.cfg 설정; 온라인 현재값 아님
Allarmi_21,"DB3,X2.4",PLC,00178,dde.cfg 설정; 온라인 현재값 아님
Allarmi_22,"DB3,X2.5",PLC,00177,dde.cfg 설정; 온라인 현재값 아님
Allarmi_23,"DB3,X2.6",PLC,00176,dde.cfg 설정; 온라인 현재값 아님
Allarmi_24,"DB3,X2.7",PLC,00175,dde.cfg 설정; 온라인 현재값 아님
Allarmi_25,"DB3,X3.0",PLC,00174,dde.cfg 설정; 온라인 현재값 아님
Allarmi_26,"DB3,X3.1",PLC,00173,dde.cfg 설정; 온라인 현재값 아님
Allarmi_27,"DB3,X3.2",PLC,00172,dde.cfg 설정; 온라인 현재값 아님
Allarmi_28,"DB3,X3.3",PLC,00171,dde.cfg 설정; 온라인 현재값 아님
Allarmi_29,"DB3,X3.4",PLC,00170,dde.cfg 설정; 온라인 현재값 아님
Allarmi_30,"DB3,X3.5",PLC,0016F,dde.cfg 설정; 온라인 현재값 아님
Allarmi_31,"DB3,X3.6",PLC,0016E,dde.cfg 설정; 온라인 현재값 아님
Allarmi_32,"DB3,X3.7",PLC,0016D,dde.cfg 설정; 온라인 현재값 아님
Allarmi_33,"DB3,X4.0",PLC,0016C,dde.cfg 설정; 온라인 현재값 아님
Allarmi_34,"DB3,X4.1",PLC,0016B,dde.cfg 설정; 온라인 현재값 아님
Allarmi_35,"DB3,X4.2",PLC,0016A,dde.cfg 설정; 온라인 현재값 아님
Allarmi_36,"DB3,X4.3",PLC,00169,dde.cfg 설정; 온라인 현재값 아님
Allarmi_37,"DB3,X4.4",PLC,00168,dde.cfg 설정; 온라인 현재값 아님
Allarmi_38,"DB3,X4.5",PLC,00167,dde.cfg 설정; 온라인 현재값 아님
Allarmi_39,"DB3,X4.6",PLC,00166,dde.cfg 설정; 온라인 현재값 아님
Allarmi_40,"DB3,X4.7",PLC,00165,dde.cfg 설정; 온라인 현재값 아님
Allarmi_41,"DB3,X5.0",PLC,00164,dde.cfg 설정; 온라인 현재값 아님
Allarmi_42,"DB3,X5.1",PLC,00163,dde.cfg 설정; 온라인 현재값 아님
Allarmi_43,"DB3,X5.2",PLC,00162,dde.cfg 설정; 온라인 현재값 아님
Allarmi_44,"DB3,X5.3",PLC,00161,dde.cfg 설정; 온라인 현재값 아님
Allarmi_45,"DB3,X5.4",PLC,00160,dde.cfg 설정; 온라인 현재값 아님
data_DB41_DBW56,"DB41,INT56",PLC,0015F,dde.cfg 설정; 온라인 현재값 아님
Allarmi_47,"DB3,X5.6",PLC,0015E,dde.cfg 설정; 온라인 현재값 아님
Allarmi_48,"DB3,X5.7",PLC,0015D,dde.cfg 설정; 온라인 현재값 아님
Allarmi_49,"DB3,X6.0",PLC,0015C,dde.cfg 설정; 온라인 현재값 아님
Allarmi_50,"DB3,X6.1",PLC,0015B,dde.cfg 설정; 온라인 현재값 아님
Allarmi_51,"DB3,X6.2",PLC,0015A,dde.cfg 설정; 온라인 현재값 아님
Allarmi_52,"DB3,X6.3",PLC,00159,dde.cfg 설정; 온라인 현재값 아님
Allarmi_53,"DB3,X6.4",PLC,00158,dde.cfg 설정; 온라인 현재값 아님
Allarmi_54,"DB3,X6.5",PLC,00157,dde.cfg 설정; 온라인 현재값 아님
Allarmi_55,"DB3,X6.6",PLC,00156,dde.cfg 설정; 온라인 현재값 아님
Allarmi_56,"DB3,X6.7",PLC,00155,dde.cfg 설정; 온라인 현재값 아님
Allarmi_57,"DB3,X7.0",PLC,00154,dde.cfg 설정; 온라인 현재값 아님
Allarmi_58,"DB3,X7.1",PLC,00153,dde.cfg 설정; 온라인 현재값 아님
Allarmi_59,"DB3,X7.2",PLC,00152,dde.cfg 설정; 온라인 현재값 아님
Allarmi_60,"DB3,X7.3",PLC,00151,dde.cfg 설정; 온라인 현재값 아님
Allarmi_61,"DB3,X7.4",PLC,00150,dde.cfg 설정; 온라인 현재값 아님
Allarmi_62,"DB3,X7.5",PLC,0014F,dde.cfg 설정; 온라인 현재값 아님
Allarmi_63,"DB3,X7.6",PLC,0014E,dde.cfg 설정; 온라인 현재값 아님
Allarmi_64,"DB3,X7.7",PLC,0014D,dde.cfg 설정; 온라인 현재값 아님
Allarmi_65,"DB3,X8.0",PLC,0014C,dde.cfg 설정; 온라인 현재값 아님
Allarmi_66,"DB3,X8.1",PLC,0014B,dde.cfg 설정; 온라인 현재값 아님
Allarmi_67,"DB3,X8.2",PLC,0014A,dde.cfg 설정; 온라인 현재값 아님
Allarmi_68,"DB3,X8.3",PLC,00149,dde.cfg 설정; 온라인 현재값 아님
Allarmi_69,"DB3,X8.4",PLC,00148,dde.cfg 설정; 온라인 현재값 아님
Allarmi_70,"DB3,X8.5",PLC,00147,dde.cfg 설정; 온라인 현재값 아님
Allarmi_71,"DB3,X8.6",PLC,00146,dde.cfg 설정; 온라인 현재값 아님
Allarmi_72,"DB3,X8.7",PLC,00145,dde.cfg 설정; 온라인 현재값 아님
Allarmi_73,"DB3,X9.0",PLC,00144,dde.cfg 설정; 온라인 현재값 아님
Allarmi_74,"DB3,X9.1",PLC,00143,dde.cfg 설정; 온라인 현재값 아님
Allarmi_75,"DB3,X9.2",PLC,00142,dde.cfg 설정; 온라인 현재값 아님
Allarmi_76,"DB3,X9.3",PLC,00141,dde.cfg 설정; 온라인 현재값 아님
Allarmi_77,"DB3,X9.4",PLC,00140,dde.cfg 설정; 온라인 현재값 아님
Allarmi_78,"DB3,X9.5",PLC,0013F,dde.cfg 설정; 온라인 현재값 아님
Allarmi_79,"DB3,X9.6",PLC,0013E,dde.cfg 설정; 온라인 현재값 아님
Allarmi_80,"DB3,X9.7",PLC,0013D,dde.cfg 설정; 온라인 현재값 아님
Allarmi_81,"DB3,X10.0",PLC,0013C,dde.cfg 설정; 온라인 현재값 아님
Allarmi_82,"DB3,X10.1",PLC,0013B,dde.cfg 설정; 온라인 현재값 아님
Allarmi_83,"DB3,X10.2",PLC,0013A,dde.cfg 설정; 온라인 현재값 아님
Allarmi_84,"DB3,X10.3",PLC,00139,dde.cfg 설정; 온라인 현재값 아님
Allarmi_85,"DB3,X10.4",PLC,00138,dde.cfg 설정; 온라인 현재값 아님
Allarmi_86,"DB3,X10.5",PLC,00137,dde.cfg 설정; 온라인 현재값 아님
Allarmi_87,"DB3,X10.6",PLC,00136,dde.cfg 설정; 온라인 현재값 아님
Allarmi_88,"DB3,X10.7",PLC,00135,dde.cfg 설정; 온라인 현재값 아님
Allarmi_89,"DB3,X11.0",PLC,00134,dde.cfg 설정; 온라인 현재값 아님
Allarmi_90,"DB3,X11.1",PLC,00133,dde.cfg 설정; 온라인 현재값 아님
Allarmi_91,"DB3,X11.2",PLC,00132,dde.cfg 설정; 온라인 현재값 아님
Allarmi_92,"DB3,X11.3",PLC,00131,dde.cfg 설정; 온라인 현재값 아님
Allarmi_93,"DB3,X11.4",PLC,00130,dde.cfg 설정; 온라인 현재값 아님
Allarmi_94,"DB3,X11.5",PLC,0012F,dde.cfg 설정; 온라인 현재값 아님
Allarmi_95,"DB3,X11.6",PLC,0012E,dde.cfg 설정; 온라인 현재값 아님
Allarmi_96,"DB3,X11.7",PLC,0012D,dde.cfg 설정; 온라인 현재값 아님
Allarmi_97,"DB3,X12.0",PLC,0012C,dde.cfg 설정; 온라인 현재값 아님
Allarmi_98,"DB3,X12.1",PLC,0012B,dde.cfg 설정; 온라인 현재값 아님
Allarmi_99,"DB3,X12.2",PLC,0012A,dde.cfg 설정; 온라인 현재값 아님
Allarmi_100,"DB3,X12.3",PLC,00129,dde.cfg 설정; 온라인 현재값 아님
Allarmi_101,"DB3,X12.4",PLC,00128,dde.cfg 설정; 온라인 현재값 아님
Allarmi_102,"DB3,X12.5",PLC,00127,dde.cfg 설정; 온라인 현재값 아님
Allarmi_103,"DB3,X12.6",PLC,00126,dde.cfg 설정; 온라인 현재값 아님
Allarmi_104,"DB3,X12.7",PLC,00125,dde.cfg 설정; 온라인 현재값 아님
Allarmi_105,"DB3,X13.0",PLC,00124,dde.cfg 설정; 온라인 현재값 아님
Allarmi_106,"DB3,X13.1",PLC,00123,dde.cfg 설정; 온라인 현재값 아님
Allarmi_107,"DB3,X13.2",PLC,00122,dde.cfg 설정; 온라인 현재값 아님
Allarmi_108,"DB3,X13.3",PLC,00121,dde.cfg 설정; 온라인 현재값 아님
Allarmi_109,"DB3,X13.4",PLC,00120,dde.cfg 설정; 온라인 현재값 아님
Allarmi_110,"DB3,X13.5",PLC,0011F,dde.cfg 설정; 온라인 현재값 아님
Allarmi_111,"DB3,X13.6",PLC,0011E,dde.cfg 설정; 온라인 현재값 아님
Allarmi_112,"DB3,X13.7",PLC,0011D,dde.cfg 설정; 온라인 현재값 아님
Allarmi_113,"DB3,X14.0",PLC,0011C,dde.cfg 설정; 온라인 현재값 아님
Allarmi_114,"DB3,X14.1",PLC,0011B,dde.cfg 설정; 온라인 현재값 아님
Allarmi_115,"DB3,X14.2",PLC,0011A,dde.cfg 설정; 온라인 현재값 아님
Allarmi_116,"DB3,X14.3",PLC,00119,dde.cfg 설정; 온라인 현재값 아님
Allarmi_117,"DB3,X14.4",PLC,00118,dde.cfg 설정; 온라인 현재값 아님
Allarmi_118,"DB3,X14.5",PLC,00117,dde.cfg 설정; 온라인 현재값 아님
Allarmi_119,"DB3,X14.6",PLC,00116,dde.cfg 설정; 온라인 현재값 아님
Allarmi_120,"DB3,X14.7",PLC,00115,dde.cfg 설정; 온라인 현재값 아님
Allarmi_121,"DB3,X15.0",PLC,00114,dde.cfg 설정; 온라인 현재값 아님
Allarmi_122,"DB3,X15.1",PLC,00113,dde.cfg 설정; 온라인 현재값 아님
Allarmi_123,"DB3,X15.2",PLC,00112,dde.cfg 설정; 온라인 현재값 아님
Allarmi_124,"DB3,X15.3",PLC,00111,dde.cfg 설정; 온라인 현재값 아님
Allarmi_125,"DB3,X15.4",PLC,00110,dde.cfg 설정; 온라인 현재값 아님
Allarmi_126,"DB3,X15.5",PLC,0010F,dde.cfg 설정; 온라인 현재값 아님
Allarmi_127,"DB3,X15.6",PLC,0010E,dde.cfg 설정; 온라인 현재값 아님
Allarmi_128,"DB3,X15.7",PLC,0010D,dde.cfg 설정; 온라인 현재값 아님
Allarmi_129,"DB3,X16.0",PLC,0010C,dde.cfg 설정; 온라인 현재값 아님
Allarmi_130,"DB3,X16.1",PLC,0010B,dde.cfg 설정; 온라인 현재값 아님
Allarmi_132,"DB3,X16.3",PLC,0010A,dde.cfg 설정; 온라인 현재값 아님
Allarmi_131,"DB3,X16.2",PLC,00109,dde.cfg 설정; 온라인 현재값 아님
Allarmi_133,"DB3,X17.0",PLC,00108,dde.cfg 설정; 온라인 현재값 아님
Allarmi_134,"DB3,X17.1",PLC,00107,dde.cfg 설정; 온라인 현재값 아님
Allarmi_135,"DB3,X16.4",PLC,00106,dde.cfg 설정; 온라인 현재값 아님
Allarmi_136,"DB3,X16.5",PLC,00105,dde.cfg 설정; 온라인 현재값 아님
Allarmi_137,"DB3,X17.2",PLC,00104,dde.cfg 설정; 온라인 현재값 아님
Allarmi_139,"DB3,X17.3",PLC,00103,dde.cfg 설정; 온라인 현재값 아님
Allarmi_140,"DB3,X17.4",PLC,00102,dde.cfg 설정; 온라인 현재값 아님
Allarmi_141,"DB3,X17.5",PLC,00101,dde.cfg 설정; 온라인 현재값 아님
Allarmi_142,"DB3,X17.6",PLC,00100,dde.cfg 설정; 온라인 현재값 아님
Allarmi_143,"DB3,X17.7",PLC,000FF,dde.cfg 설정; 온라인 현재값 아님
Allarmi_144,"DB3,X18.0",PLC,000FE,dde.cfg 설정; 온라인 현재값 아님
Allarmi_145,"DB3,X18.1",PLC,000FD,dde.cfg 설정; 온라인 현재값 아님
Allarmi_146,"DB3,X18.2",PLC,000FC,dde.cfg 설정; 온라인 현재값 아님
Allarmi_147,"DB3,X18.3",PLC,000FB,dde.cfg 설정; 온라인 현재값 아님
Allarmi_148,"DB3,X18.4",PLC,000FA,dde.cfg 설정; 온라인 현재값 아님
Allarmi_149,"DB3,X18.5",PLC,000F9,dde.cfg 설정; 온라인 현재값 아님
Allarmi_150,"DB3,X18.6",PLC,000F8,dde.cfg 설정; 온라인 현재값 아님
Allarmi_151,"DB3,X18.7",PLC,000F7,dde.cfg 설정; 온라인 현재값 아님
Allarmi_152,"DB3,X19.0",PLC,000F6,dde.cfg 설정; 온라인 현재값 아님
Allarmi_153,"DB3,X19.1",PLC,000F5,dde.cfg 설정; 온라인 현재값 아님
Allarmi_154,"DB3,X19.2",PLC,000F4,dde.cfg 설정; 온라인 현재값 아님
Allarmi_155,"DB3,X19.3",PLC,000F3,dde.cfg 설정; 온라인 현재값 아님
Allarmi_156,"DB3,X19.4",PLC,000F2,dde.cfg 설정; 온라인 현재값 아님
Allarmi_157,"DB3,X19.5",PLC,000F1,dde.cfg 설정; 온라인 현재값 아님
Allarmi_158,"DB3,X19.6",PLC,000F0,dde.cfg 설정; 온라인 현재값 아님
Allarmi_159,"DB3,X19.7",PLC,000EF,dde.cfg 설정; 온라인 현재값 아님
Allarmi_160,"DB3,X20.0",PLC,000EE,dde.cfg 설정; 온라인 현재값 아님
Allarmi_161,"DB3,X20.1",PLC,000ED,dde.cfg 설정; 온라인 현재값 아님
BWF01\Risposta,"DB11,X70.1",PLC,000EC,dde.cfg 설정; 온라인 현재값 아님
BWF01\StatusOK,"DB11,X70.0",PLC,000EA,dde.cfg 설정; 온라인 현재값 아님
BWF01\Allarme1,"DB11,X70.2",PLC,000E9,dde.cfg 설정; 온라인 현재값 아님
BWF01\Flag,"DB2,X12.0",PLC,000E8,dde.cfg 설정; 온라인 현재값 아님
Gas_crv16,"DB5,W82",PLC,000E6,dde.cfg 설정; 온라인 현재값 아님
Stechio_GAIN,"DB5,REAL8",PLC,000E5,dde.cfg 설정; 온라인 현재값 아님
Gas_crv06,"DB5,W62",PLC,000E4,dde.cfg 설정; 온라인 현재값 아님
Gas_crv17,"DB5,W84",PLC,000E3,dde.cfg 설정; 온라인 현재값 아님
Stechio_min_limit,"DB5,REAL20",PLC,000E2,dde.cfg 설정; 온라인 현재값 아님
Gas_crv07,"DB5,W64",PLC,000E1,dde.cfg 설정; 온라인 현재값 아님
Gas_crv18,"DB5,W86",PLC,000E0,dde.cfg 설정; 온라인 현재값 아님
Gas_crv08,"DB5,W66",PLC,000DF,dde.cfg 설정; 온라인 현재값 아님
Gas_crv19,"DB5,W88",PLC,000DE,dde.cfg 설정; 온라인 현재값 아님
Gas_crv09,"DB5,W68",PLC,000DD,dde.cfg 설정; 온라인 현재값 아님
AbilitaAuto,"DB2,X7.3",PLC,000DB,dde.cfg 설정; 온라인 현재값 아님
TacitAlarms,"DB2,X13.5",PLC,000DA,dde.cfg 설정; 온라인 현재값 아님
EB3,EB3,PLC,000CB,dde.cfg 설정; 온라인 현재값 아님
EB4,EB4,PLC,000CA,dde.cfg 설정; 온라인 현재값 아님
EB5,EB5,PLC,000C9,dde.cfg 설정; 온라인 현재값 아님
EB6,EB6,PLC,000C8,dde.cfg 설정; 온라인 현재값 아님
EB7,EB7,PLC,000C7,dde.cfg 설정; 온라인 현재값 아님
EB8,EB8,PLC,000C6,dde.cfg 설정; 온라인 현재값 아님
EB9,EB9,PLC,000C5,dde.cfg 설정; 온라인 현재값 아님
EB10,EB10,PLC,000C4,dde.cfg 설정; 온라인 현재값 아님
EB11,EB11,PLC,000C3,dde.cfg 설정; 온라인 현재값 아님
EB12,EB12,PLC,000C2,dde.cfg 설정; 온라인 현재값 아님
EB13,EB13,PLC,000C1,dde.cfg 설정; 온라인 현재값 아님
EB14,EB14,PLC,000C0,dde.cfg 설정; 온라인 현재값 아님
EB15,EB15,PLC,000BF,dde.cfg 설정; 온라인 현재값 아님
EB16,EB16,PLC,000BE,dde.cfg 설정; 온라인 현재값 아님
EB17,EB17,PLC,000BD,dde.cfg 설정; 온라인 현재값 아님
EB18,EB18,PLC,000BC,dde.cfg 설정; 온라인 현재값 아님
EB28,EB28,PLC,000BB,dde.cfg 설정; 온라인 현재값 아님
BWF02\Risposta,"DB11,X72.1",PLC,000BA,dde.cfg 설정; 온라인 현재값 아님
BWF02\StatusOK,"DB11,X72.0",PLC,000B8,dde.cfg 설정; 온라인 현재값 아님
BWF02\Allarme1,"DB11,X72.2",PLC,000B7,dde.cfg 설정; 온라인 현재값 아님
BWF02\Flag,"DB2,X12.5",PLC,000B6,dde.cfg 설정; 온라인 현재값 아님
PV_14\Flag,"DB2,X13.1",PLC,000B5,dde.cfg 설정; 온라인 현재값 아님
PV_14\LS_Open,"DB11,X74.0",PLC,000B3,dde.cfg 설정; 온라인 현재값 아님
PV_14\LS_Close,"DB11,X74.1",PLC,000B2,dde.cfg 설정; 온라인 현재값 아님
PV_01\GateA_Open,"DB11,X76.1",PLC,000B1,dde.cfg 설정; 온라인 현재값 아님
PV_01\Flag,"DB2,X5.0",PLC,000B0,dde.cfg 설정; 온라인 현재값 아님
PV_01\GateA_Close,"DB11,X76.2",PLC,000AF,dde.cfg 설정; 온라인 현재값 아님
PV_01\GateB_Open,"DB11,X76.3",PLC,000AE,dde.cfg 설정; 온라인 현재값 아님
PV_01\GateB_Close,"DB11,X76.4",PLC,000AD,dde.cfg 설정; 온라인 현재값 아님
PV_01\Selector_GateA,"DB11,X76.5",PLC,000AC,dde.cfg 설정; 온라인 현재값 아님
PV_01\Selector_GateB,"DB11,X76.6",PLC,000AB,dde.cfg 설정; 온라인 현재값 아님
PV_01\Allarme1,"DB11,X76.0",PLC,000A9,dde.cfg 설정; 온라인 현재값 아님
PV_02\Flag,"DB2,X10.3",PLC,000A8,dde.cfg 설정; 온라인 현재값 아님
PV_02\GateA_Open,"DB11,X78.1",PLC,000A6,dde.cfg 설정; 온라인 현재값 아님
PV_02\GateA_Close,"DB11,X78.2",PLC,000A5,dde.cfg 설정; 온라인 현재값 아님
EW256,EW256,PLC,000A4,dde.cfg 설정; 온라인 현재값 아님
EW258,EW258,PLC,000A3,dde.cfg 설정; 온라인 현재값 아님
EW260,EW260,PLC,000A2,dde.cfg 설정; 온라인 현재값 아님
EW262,EW262,PLC,000A1,dde.cfg 설정; 온라인 현재값 아님
EW264,EW264,PLC,000A0,dde.cfg 설정; 온라인 현재값 아님
EW266,EW266,PLC,0009F,dde.cfg 설정; 온라인 현재값 아님
EW268,EW268,PLC,0009E,dde.cfg 설정; 온라인 현재값 아님
EW272,EW272,PLC,0009D,dde.cfg 설정; 온라인 현재값 아님
EW274,EW274,PLC,0009C,dde.cfg 설정; 온라인 현재값 아님
EW278,EW278,PLC,0009B,dde.cfg 설정; 온라인 현재값 아님
EW276,EW276,PLC,0009A,dde.cfg 설정; 온라인 현재값 아님
EW280,EW280,PLC,00099,dde.cfg 설정; 온라인 현재값 아님
EW282,EW282,PLC,00098,dde.cfg 설정; 온라인 현재값 아님
EW284,EW284,PLC,00097,dde.cfg 설정; 온라인 현재값 아님
EW286,EW286,PLC,00096,dde.cfg 설정; 온라인 현재값 아님
EW320,EW320,PLC,00095,dde.cfg 설정; 온라인 현재값 아님
EW322,EW322,PLC,00094,dde.cfg 설정; 온라인 현재값 아님
EW324,EW324,PLC,00093,dde.cfg 설정; 온라인 현재값 아님
EW326,EW326,PLC,00092,dde.cfg 설정; 온라인 현재값 아님
EW328,EW328,PLC,00091,dde.cfg 설정; 온라인 현재값 아님
EW332,EW332,PLC,00090,dde.cfg 설정; 온라인 현재값 아님
EW330,EW330,PLC,0008F,dde.cfg 설정; 온라인 현재값 아님
EW334,EW334,PLC,0008E,dde.cfg 설정; 온라인 현재값 아님
EW352,EW352,PLC,0008D,dde.cfg 설정; 온라인 현재값 아님
EW354,EW354,PLC,0008C,dde.cfg 설정; 온라인 현재값 아님
EW356,EW356,PLC,0008B,dde.cfg 설정; 온라인 현재값 아님
EW358,EW358,PLC,0008A,dde.cfg 설정; 온라인 현재값 아님
EW360,EW360,PLC,00089,dde.cfg 설정; 온라인 현재값 아님
EW362,EW362,PLC,00088,dde.cfg 설정; 온라인 현재값 아님
EW364,EW364,PLC,00087,dde.cfg 설정; 온라인 현재값 아님
EW366,EW366,PLC,00086,dde.cfg 설정; 온라인 현재값 아님
AW290,AW290,PLC,00085,dde.cfg 설정; 온라인 현재값 아님
AW288,AW288,PLC,00084,dde.cfg 설정; 온라인 현재값 아님
AW292,AW292,PLC,00083,dde.cfg 설정; 온라인 현재값 아님
AW294,AW294,PLC,00082,dde.cfg 설정; 온라인 현재값 아님
AW296,AW296,PLC,00081,dde.cfg 설정; 온라인 현재값 아님
AW298,AW298,PLC,00080,dde.cfg 설정; 온라인 현재값 아님
AW300,AW300,PLC,0007F,dde.cfg 설정; 온라인 현재값 아님
AW302,AW302,PLC,0007E,dde.cfg 설정; 온라인 현재값 아님
AW304,AW304,PLC,0007D,dde.cfg 설정; 온라인 현재값 아님
AW306,AW306,PLC,0007C,dde.cfg 설정; 온라인 현재값 아님
AW308,AW308,PLC,0007B,dde.cfg 설정; 온라인 현재값 아님
AW312,AW312,PLC,0007A,dde.cfg 설정; 온라인 현재값 아님
AW310,AW310,PLC,00079,dde.cfg 설정; 온라인 현재값 아님
AW314,AW314,PLC,00078,dde.cfg 설정; 온라인 현재값 아님
PV_02\GateB_Open,"DB11,X78.3",PLC,00077,dde.cfg 설정; 온라인 현재값 아님
PV_02\GateB_Close,"DB11,X78.4",PLC,00076,dde.cfg 설정; 온라인 현재값 아님
PV_02\Selector_GateA,"DB11,X78.5",PLC,00075,dde.cfg 설정; 온라인 현재값 아님
PV_02\Selector_GateB,"DB11,X78.6",PLC,00074,dde.cfg 설정; 온라인 현재값 아님
PV_02\Allarme1,"DB11,X78.0",PLC,00073,dde.cfg 설정; 온라인 현재값 아님
PV_03\Flag,"DB2,X11.2",PLC,00072,dde.cfg 설정; 온라인 현재값 아님
PV_03\LS_Open,"DB11,X80.0",PLC,00070,dde.cfg 설정; 온라인 현재값 아님
PV_03\LS_Close,"DB11,X80.1",PLC,0006F,dde.cfg 설정; 온라인 현재값 아님
PV_03\Allarme1,"DB11,X80.3",PLC,0006E,dde.cfg 설정; 온라인 현재값 아님
PV_03\Selector,"DB11,X80.2",PLC,0006D,dde.cfg 설정; 온라인 현재값 아님
PV_04\Flag,"DB2,X4.1",PLC,0006B,dde.cfg 설정; 온라인 현재값 아님
PV_04\LS_Open,"DB11,X82.0",PLC,00069,dde.cfg 설정; 온라인 현재값 아님
PV_04\LS_Close,"DB11,X82.1",PLC,00068,dde.cfg 설정; 온라인 현재값 아님
PV_04\Push_Button,"DB11,X82.2",PLC,00067,dde.cfg 설정; 온라인 현재값 아님
PV_04\Allarme1,"DB11,X82.3",PLC,00066,dde.cfg 설정; 온라인 현재값 아님
I_TC_04,"DB13,INT24",PLC,00065,dde.cfg 설정; 온라인 현재값 아님
I_TC_06,"DB13,INT42",PLC,00064,dde.cfg 설정; 온라인 현재값 아님
I_TC_03,"DB13,INT40",PLC,00063,dde.cfg 설정; 온라인 현재값 아님
I_TC_02,"DB13,INT38",PLC,00062,dde.cfg 설정; 온라인 현재값 아님
I_Level_BWF02,"DB13,INT34",PLC,00061,dde.cfg 설정; 온라인 현재값 아님
I_TC_01,"DB13,INT36",PLC,00060,dde.cfg 설정; 온라인 현재값 아님
I_Flow_rate_BWF02,"DB13,INT30",PLC,0005E,dde.cfg 설정; 온라인 현재값 아님
I_Level_BWF01,"DB13,INT32",PLC,0005D,dde.cfg 설정; 온라인 현재값 아님
I_Flow_rate_BWF01,"DB13,INT28",PLC,0005C,dde.cfg 설정; 온라인 현재값 아님
I_TC_05,"DB13,INT26",PLC,0005B,dde.cfg 설정; 온라인 현재값 아님
AB5,AB5,PLC,0005A,dde.cfg 설정; 온라인 현재값 아님
I_PC_01,"DB13,INT54",PLC,00057,dde.cfg 설정; 온라인 현재값 아님
I_PSH_03,"DB13,INT52",PLC,00056,dde.cfg 설정; 온라인 현재값 아님
I_PSH_02,"DB13,INT50",PLC,00055,dde.cfg 설정; 온라인 현재값 아님
I_PSH_01,"DB13,INT48",PLC,00054,dde.cfg 설정; 온라인 현재값 아님
I_ZT_01,"DB13,INT46",PLC,00053,dde.cfg 설정; 온라인 현재값 아님
I_TC_07,"DB13,INT44",PLC,00052,dde.cfg 설정; 온라인 현재값 아님
AB6,AB6,PLC,00051,dde.cfg 설정; 온라인 현재값 아님
AB4,AB4,PLC,00050,dde.cfg 설정; 온라인 현재값 아님
AW316,AW316,PLC,0004F,dde.cfg 설정; 온라인 현재값 아님
AW318,AW318,PLC,0004E,dde.cfg 설정; 온라인 현재값 아님
EW270,EW270,PLC,0004D,dde.cfg 설정; 온라인 현재값 아님
AB0,AB0,PLC,0004C,dde.cfg 설정; 온라인 현재값 아님
AB1,AB1,PLC,0004B,dde.cfg 설정; 온라인 현재값 아님
AB2,AB2,PLC,0004A,dde.cfg 설정; 온라인 현재값 아님
AB3,AB3,PLC,00049,dde.cfg 설정; 온라인 현재값 아님
MV_06\AutoMan,"DB2,X6.5",PLC,00047,dde.cfg 설정; 온라인 현재값 아님
MV_06\OutputOpen,"DB11,X28.0",PLC,00046,dde.cfg 설정; 온라인 현재값 아님
MV_05\Flag_OPEN,"DB2,X9.4",PLC,00045,dde.cfg 설정; 온라인 현재값 아님
MV_05\LimitSwitchClose,"DB11,X26.4",PLC,00044,dde.cfg 설정; 온라인 현재값 아님
MV_03\LimitSwitchOpen,"DB11,X22.3",PLC,00043,dde.cfg 설정; 온라인 현재값 아님
Allarmi_229,"DB3,X23.7",PLC,00042,dde.cfg 설정; 온라인 현재값 아님
MV_02\Flag_CLOSE,"DB2,X9.5",PLC,00041,dde.cfg 설정; 온라인 현재값 아님
MV_02\Flag_OPEN,"DB2,X9.6",PLC,00040,dde.cfg 설정; 온라인 현재값 아님
MC_05\Allarme1,"DB11,X10.1",PLC,0003F,dde.cfg 설정; 온라인 현재값 아님
VS_01\Allarme1,"DB11,X12.1",PLC,0003D,dde.cfg 설정; 온라인 현재값 아님
SC_12\Allarme1,"DB11,X14.1",PLC,0003B,dde.cfg 설정; 온라인 현재값 아님
BC_01\Allarme1,"DB11,X0.1",PLC,00038,dde.cfg 설정; 온라인 현재값 아님
I_BR_01_RETRANSMISSION_AIR,"DB13,INT78",PLC,00035,dde.cfg 설정; 온라인 현재값 아님
I_BR_01_RETRANSMISSION_GAS,"DB13,INT76",PLC,00034,dde.cfg 설정; 온라인 현재값 아님
I_RO_04,"DB13,INT74",PLC,00033,dde.cfg 설정; 온라인 현재값 아님
I_RO_03,"DB13,INT72",PLC,00032,dde.cfg 설정; 온라인 현재값 아님
I_W2,"DB13,W2",PLC,00031,dde.cfg 설정; 온라인 현재값 아님
I_W0,"DB13,W0",PLC,00030,dde.cfg 설정; 온라인 현재값 아님
I_RO_02,"DB13,INT70",PLC,0002F,dde.cfg 설정; 온라인 현재값 아님
I_RO_01,"DB13,INT68",PLC,0002E,dde.cfg 설정; 온라인 현재값 아님
I_FN01_ABSORPTION,"DB13,INT66",PLC,0002D,dde.cfg 설정; 온라인 현재값 아님
I_RD01_ABSORBPTION,"DB13,INT64",PLC,0002C,dde.cfg 설정; 온라인 현재값 아님
I_FN04_ABSORPTION,"DB13,INT62",PLC,0002B,dde.cfg 설정; 온라인 현재값 아님
I_FN02_ABSORPTION,"DB13,INT60",PLC,0002A,dde.cfg 설정; 온라인 현재값 아님
I_MV_04_MV18B,"DB13,INT58",PLC,00029,dde.cfg 설정; 온라인 현재값 아님
I_MV_04_M18A,"DB13,INT56",PLC,00028,dde.cfg 설정; 온라인 현재값 아님
I_BR_01_MASSFLOWMETER_GAS,"DB13,INT80",PLC,00027,dde.cfg 설정; 온라인 현재값 아님
I_BR_01_MASSFLOWMETER_AIR,"DB13,INT82",PLC,00026,dde.cfg 설정; 온라인 현재값 아님
Allarmi_233,"DB3,X24.3",PLC,00025,dde.cfg 설정; 온라인 현재값 아님
