번호,확인 과제,필요한 증거,연결되는 개선,상태
V01,현재 PLC와 2월·6월 프로젝트 차이,온라인 비교와 장치 정보,기준 버전 확정,미확인
V02,HMI Maintenance code 항목 주소,WindowMaker 객체·태그 정의,유지보수 해제 절차,미확인
V03,CPU 날짜와 시계 읽기 반환값,온라인 읽기,날짜 판정 신뢰성,미확인
V04,유지보수 알람이 운전에 미치는 영향,Allarm 비트의 전체 교차 참조,정책·인터록 검토,미확인
V05,PV01 원시 센서와 출력 방향,도면·태그·현장 확인,필터·상태 정의,미확인
V06,화면 게이트 시간과 타임아웃 관계,변수 대응과 TIA 네트워크,설정 분리,미확인
V07,HMI Reset에서 내부 Reset 전달,두 주소의 동시 관찰,명령 처리,미확인
V08,시뮬레이션 활성·쓰기 경로,교차 참조·온라인 상태,시험 경로 통제,미확인
V09,100ms·1초 OB 실제 속성,OB 주기·우선순위·실행 시간,시간 설계,미확인
V10,32000 온도 한계와 PID 0 표시,스케일·데이터형·사용 경로,설정 검증,미확인
V11,버너와 전용 제어함의 역할,제작사 자료·전기 도면,보호 기능 경계,미확인
V12,Logger 자동 실행과 장애 복구,재기동 시험·캐시·DB 상태,이력 가용성,미확인
V13,최신 태그 트렌드 저장,실제 로그 경로와 파일 변화,공정 분석,미확인
V14,정지·재기동 데이터 정책,Startup·Retain·실기 상태,안전한 복구,미확인
V15,분산 I/O 실제 장치 대응,온라인 구성과 네트워크 도면,I/O 문서화,미확인
V16,10월 7일 유선 링크 단절 원인과 복구,"랜선·포트·스위치 전원·LED, IP와 통신 상태",통신 품질과 장애 진단,미확인
