검증 ID,미확정 항목,필요한 근거,완료 판정,현재 상태
V01,현재 PLC와 분석 백업의 일치,"온라인/오프라인 비교, 장치·프로젝트 정보",기준 프로젝트와 차이 목록 확정,미검증
V02,LS-02 실사용 및 SPARE 충돌,"현장 센서·배선, 최신 준공도, 관련 LAD",사용·미사용·대체 처리 중 하나를 근거로 확정,미검증
V03,입력 접점의 극성,"센서 사양, 배선, 실제 I 상태",열림/닫힘별 정상 논리 상태 확인,미검증
V04,EV-01/02 무여자·공압 상실 동작,밸브·실린더 사양과 현장 관찰,반환 방식과 최종 위치 확정,미검증
V05,상태 0~5 전이 조건,r1 scraps gate 2 래더 원본,각 분기의 접점·코일·MOVE 조건 기록,미검증
V06,A/B 동시 열림 방지,전체 출력 작성자 및 인터록 교차 참조,금지 조건·예외·시험 결과 기록,미검증
V07,알람 시간과 Reset 조건,"allarms 1, manager, flag 선언",타입·조건·래치·해제·정지 영향 확정,미검증
V08,원시 입력→기억→HMI 경로,"위치 처리·HMI 블록, DB 선언부",각 필드의 작성자·극성·오프셋 대조,미검증
V09,현장/자동/유지보수 우선순위,요청·출력 네트워크 및 교차 참조,중첩 요청과 취소 동작 정의,미검증
V10,시험·시뮬레이션 경로,"main, simulation, inputs 작성자",호출 조건과 실제 출력 취급 확정,미검증
V11,시간 설정의 단위·범위·유지,"data 선언, 변환 블록, HMI 객체",현재값과 허용 범위·적용 시점 기록,미검증
V12,초기화와 재시작,"startup, state 작성자, 온라인 동작",기억값·물리 위치 불일치 시 처리 확인,미검증
V13,BC01 및 비상·저압 연계,주변 제어와 알람 교차 참조,원인별 정지 대상과 복귀 경로 확정,미검증
V14,HMI 버튼과 표시 조건,원본 HMI 객체·이벤트·통신 설정,색상·쓰기·읽기·통신 단절 동작 대조,미검증
