색인 세그먼트,문서 ID,PLC 태그,주소,데이터형,해석 한계
_7ev,39,open ev a 00 pv-01,%M20.0,bool,태그 존재 확인; 실제 작성·읽기·활성 경로는 교차 참조 필요
_7ev,41,open ev a 01 pv-01,%M21.3,bool,태그 존재 확인; 실제 작성·읽기·활성 경로는 교차 참조 필요
_7ev,46,close ev a 00 pv-01,%M20.2,bool,태그 존재 확인; 실제 작성·읽기·활성 경로는 교차 참조 필요
_7ev,47,close ev a 01 pv-01,%M21.0,bool,태그 존재 확인; 실제 작성·읽기·활성 경로는 교차 참조 필요
_7ev,49,close ev a 02 pv-01,%M22.3,bool,태그 존재 확인; 실제 작성·읽기·활성 경로는 교차 참조 필요
_7ev,50,close ev b 00 pv-01,%M20.3,bool,태그 존재 확인; 실제 작성·읽기·활성 경로는 교차 참조 필요
_7ev,51,close ev b 01 pv-01,%M21.2,bool,태그 존재 확인; 실제 작성·읽기·활성 경로는 교차 참조 필요
_7ev,53,close ev b 02 pv-01,%M22.1,bool,태그 존재 확인; 실제 작성·읽기·활성 경로는 교차 참조 필요
_7ev,59,open ev b 01 pv-01,%M21.1,bool,태그 존재 확인; 실제 작성·읽기·활성 경로는 교차 참조 필요
_7ev,61,open ev b 02 pv-01,%M22.2,bool,태그 존재 확인; 실제 작성·읽기·활성 경로는 교차 참조 필요
_7ev,84,mem gate a open pv-01,%M10.7,bool,태그 존재 확인; 실제 작성·읽기·활성 경로는 교차 참조 필요
_7ev,86,mem gate b open pv-01,%M10.6,bool,태그 존재 확인; 실제 작성·읽기·활성 경로는 교차 참조 필요
_7ev,99,open ev a 02 pv-01,%M22.0,bool,태그 존재 확인; 실제 작성·읽기·활성 경로는 교차 참조 필요
_7ev,100,open ev b 00 pv-01,%M20.1,bool,태그 존재 확인; 실제 작성·읽기·활성 경로는 교차 참조 필요
_7ev,101,r1 gate on,%M10.5,bool,태그 존재 확인; 실제 작성·읽기·활성 경로는 교차 참조 필요
_7ev,157,tag_163,%T100,timer,태그 존재 확인; 실제 작성·읽기·활성 경로는 교차 참조 필요
_7ev,158,tag_164,%T56,timer,태그 존재 확인; 실제 작성·읽기·활성 경로는 교차 참조 필요
_7ev,159,tag_165,%T102,timer,태그 존재 확인; 실제 작성·읽기·활성 경로는 교차 참조 필요
_7ev,160,tag_166,%T57,timer,태그 존재 확인; 실제 작성·읽기·활성 경로는 교차 참조 필요
_7ev,474,maintenance pv01,%M80.5,bool,태그 존재 확인; 실제 작성·읽기·활성 경로는 교차 참조 필요
_7ev,1289,tag_83,%T106,timer,태그 존재 확인; 실제 작성·읽기·활성 경로는 교차 참조 필요
_7ev,1290,tag_82,%T105,timer,태그 존재 확인; 실제 작성·읽기·활성 경로는 교차 참조 필요
_7ev,1291,tag_81,%T104,timer,태그 존재 확인; 실제 작성·읽기·활성 경로는 교차 참조 필요
_7ev,1292,tag_80,%T103,timer,태그 존재 확인; 실제 작성·읽기·활성 경로는 교차 참조 필요
_7ev,1516,simulation(1),%M180.0,bool,태그 존재 확인; 실제 작성·읽기·활성 경로는 교차 참조 필요
_7ev,1552,off,%M0.1,bool,태그 존재 확인; 실제 작성·읽기·활성 경로는 교차 참조 필요
_7ev,1556,on,%M0.0,bool,태그 존재 확인; 실제 작성·읽기·활성 경로는 교차 참조 필요
_7ev,1906,under testing,%M5.5,bool,태그 존재 확인; 실제 작성·읽기·활성 경로는 교차 참조 필요
