화면 이름,ID,Parent ID,설명,근거와 한계
ALARM,4,3,,WindowsInfo.json; 메뉴 노출 여부 미확인
ALARM_HIST,5,3,,WindowsInfo.json; 메뉴 노출 여부 미확인
ALARM_RECENT,7,3,,WindowsInfo.json; 메뉴 노출 여부 미확인
BOTTOM,8,3,,WindowsInfo.json; 메뉴 노출 여부 미확인
CONFIG1,9,3,,WindowsInfo.json; 메뉴 노출 여부 미확인
CONFIG2,10,3,,WindowsInfo.json; 메뉴 노출 여부 미확인
CONFIG3,11,3,Burner configuration page,WindowsInfo.json; 메뉴 노출 여부 미확인
HOMEPAGE,12,3,,WindowsInfo.json; 메뉴 노출 여부 미확인
PLC_RACK1,13,3,PLC and IO status page,WindowsInfo.json; 메뉴 노출 여부 미확인
PLC_RACK2,14,3,IM status page,WindowsInfo.json; 메뉴 노출 여부 미확인
POPUP LISTA PENNE,15,3,,WindowsInfo.json; 메뉴 노출 여부 미확인
Popup_AutoCycle,16,3,,WindowsInfo.json; 메뉴 노출 여부 미확인
RECIPES,17,3,,WindowsInfo.json; 메뉴 노출 여부 미확인
SIN1_DECOATER,18,3,,WindowsInfo.json; 메뉴 노출 여부 미확인
SIN2_LOAD_MATERIAL,19,3,,WindowsInfo.json; 메뉴 노출 여부 미확인
TOP,20,3,,WindowsInfo.json; 메뉴 노출 여부 미확인
TRENDS,21,3,,WindowsInfo.json; 메뉴 노출 여부 미확인
