network,type_value,part,gate,target,counter_values,additional_off,condition,value
1843,1,410,SCoil,Flag.RESET_ALLARM,[1],False,((((ON AND NOT (Allarm.Emergency_module_fault)) AND (Data.Tipo_preset = 1)) AND Flag.Auto_ON1) AND (Data.Tempo_presetting = 1)),
1843,1,412,RCoil,Flag.Maintenance_ON,[1],False,((((ON AND NOT (Allarm.Emergency_module_fault)) AND (Data.Tipo_preset = 1)) AND Flag.Auto_ON1) AND (Data.Tempo_presetting = 1)),
1843,1,420,SCoil,Flag.M_VR_03,[3],False,((((ON AND NOT (Allarm.Emergency_module_fault)) AND (Data.Tipo_preset = 1)) AND Flag.Auto_ON1) AND (Data.Tempo_presetting = 3)),
1843,1,422,SCoil,Flag.M_VR_04,[3],False,((((ON AND NOT (Allarm.Emergency_module_fault)) AND (Data.Tipo_preset = 1)) AND Flag.Auto_ON1) AND (Data.Tempo_presetting = 3)),
1843,1,424,SCoil,Flag.M_VR_05,[3],False,((((ON AND NOT (Allarm.Emergency_module_fault)) AND (Data.Tipo_preset = 1)) AND Flag.Auto_ON1) AND (Data.Tempo_presetting = 3)),
1843,1,432,SCoil,Flag.M_SC_01,[5],False,((((ON AND NOT (Allarm.Emergency_module_fault)) AND (Data.Tipo_preset = 1)) AND Flag.Auto_ON1) AND (Data.Tempo_presetting = 5)),
1843,1,434,SCoil,Flag.M_SC_10,[5],False,((((ON AND NOT (Allarm.Emergency_module_fault)) AND (Data.Tipo_preset = 1)) AND Flag.Auto_ON1) AND (Data.Tempo_presetting = 5)),
1843,1,436,SCoil,Flag.M_SC_11,[5],False,((((ON AND NOT (Allarm.Emergency_module_fault)) AND (Data.Tipo_preset = 1)) AND Flag.Auto_ON1) AND (Data.Tempo_presetting = 5)),
1843,1,443,SCoil,Flag.M_FN_04,[8],False,((((ON AND NOT (Allarm.Emergency_module_fault)) AND (Data.Tipo_preset = 1)) AND Flag.Auto_ON1) AND (Data.Tempo_presetting = 8)),
1843,1,449,SCoil,Flag.STANDBY_ON,[15],False,((((ON AND NOT (Allarm.Emergency_module_fault)) AND (Data.Tipo_preset = 1)) AND Flag.Auto_ON1) AND (Data.Tempo_presetting = 15)),
1843,1,456,RCoil,Flag.M_VS_01,[17],False,((((ON AND NOT (Allarm.Emergency_module_fault)) AND (Data.Tipo_preset = 1)) AND Flag.Auto_ON1) AND (Data.Tempo_presetting = 17)),
1843,1,458,RCoil,Flag.M_MC_05,[17],False,((((ON AND NOT (Allarm.Emergency_module_fault)) AND (Data.Tipo_preset = 1)) AND Flag.Auto_ON1) AND (Data.Tempo_presetting = 17)),
1843,1,460,RCoil,Flag.M_MC_04,[17],False,((((ON AND NOT (Allarm.Emergency_module_fault)) AND (Data.Tipo_preset = 1)) AND Flag.Auto_ON1) AND (Data.Tempo_presetting = 17)),
1843,1,462,RCoil,Flag.Enable_R2_GATE,[17],False,((((ON AND NOT (Allarm.Emergency_module_fault)) AND (Data.Tipo_preset = 1)) AND Flag.Auto_ON1) AND (Data.Tempo_presetting = 17)),
1843,1,469,SCoil,Flag.M_RD_01_FAN,[19],False,((((ON AND NOT (Allarm.Emergency_module_fault)) AND (Data.Tipo_preset = 1)) AND Flag.Auto_ON1) AND (Data.Tempo_presetting = 19)),
1843,1,478,SCoil,Flag.M_RD_01,[21],False,((((ON AND NOT (Allarm.Emergency_module_fault)) AND (Data.Tipo_preset = 1)) AND Flag.Auto_ON1) AND (Data.Tempo_presetting = 21)),
1843,1,481,Move,Data.SET_PERC_FR01,[21],False,((((ON AND NOT (Allarm.Emergency_module_fault)) AND (Data.Tipo_preset = 1)) AND Flag.Auto_ON1) AND (Data.Tempo_presetting = 21)),25
1843,1,492,SCoil,Flag.M_BC_01,[24],False,((((ON AND NOT (Allarm.Emergency_module_fault)) AND (Data.Tipo_preset = 1)) AND Flag.Auto_ON1) AND (Data.Tempo_presetting = 24)),
1843,1,102,SCoil,MemoCMD_BC01_Startup,[24],False,((((ON AND NOT (Allarm.Emergency_module_fault)) AND (Data.Tipo_preset = 1)) AND Flag.Auto_ON1) AND (Data.Tempo_presetting = 24)),
1843,1,495,Move,Data.Set_Perc_VT02,[24],False,((((ON AND NOT (Allarm.Emergency_module_fault)) AND (Data.Tipo_preset = 1)) AND Flag.Auto_ON1) AND (Data.Tempo_presetting = 24)),75
1843,1,500,SCoil,Flag.M_FN_02,[24],False,((((ON AND NOT (Allarm.Emergency_module_fault)) AND (Data.Tipo_preset = 1)) AND Flag.Auto_ON1) AND (Data.Tempo_presetting = 24)),
1843,1,506,SCoil,Flag.Enable_R1_GATE,[26],False,((((ON AND NOT (Allarm.Emergency_module_fault)) AND (Data.Tipo_preset = 1)) AND Flag.Auto_ON1) AND (Data.Tempo_presetting = 26)),
1843,1,34,SCoil,MemoCMD_PV1_Startup,[26],False,((((ON AND NOT (Allarm.Emergency_module_fault)) AND (Data.Tipo_preset = 1)) AND Flag.Auto_ON1) AND (Data.Tempo_presetting = 26)),
1843,1,513,SCoil,Flag.M_VR_01,[28],False,((((ON AND NOT (Allarm.Emergency_module_fault)) AND (Data.Tipo_preset = 1)) AND Flag.Auto_ON1) AND (Data.Tempo_presetting = 28)),
1843,1,515,SCoil,Flag.M_VR_02,[28],False,((((ON AND NOT (Allarm.Emergency_module_fault)) AND (Data.Tipo_preset = 1)) AND Flag.Auto_ON1) AND (Data.Tempo_presetting = 28)),
1843,1,517,RCoil,Flag.M_CH_01,[28],False,((((ON AND NOT (Allarm.Emergency_module_fault)) AND (Data.Tipo_preset = 1)) AND Flag.Auto_ON1) AND (Data.Tempo_presetting = 28)),
1843,1,527,SCoil,Flag.M_FN_01,[30],False,((((ON AND NOT (Allarm.Emergency_module_fault)) AND (Data.Tipo_preset = 1)) AND Flag.Auto_ON1) AND (Data.Tempo_presetting = 30)),
1843,1,530,Move,Data.SET_PERC_VT01,[30],False,((((ON AND NOT (Allarm.Emergency_module_fault)) AND (Data.Tipo_preset = 1)) AND Flag.Auto_ON1) AND (Data.Tempo_presetting = 30)),35
1843,1,539,RCoil,Flag.M_FN_02,[33],True,(((((ON AND NOT (Allarm.Emergency_module_fault)) AND (Data.Tipo_preset = 1)) AND Flag.Auto_ON1) AND (Data.Tempo_presetting = 33)) AND OFF),
1843,1,545,SCoil,Flag.M_FN_03,[36],False,((((ON AND NOT (Allarm.Emergency_module_fault)) AND (Data.Tipo_preset = 1)) AND Flag.Auto_ON1) AND (Data.Tempo_presetting = 36)),
1843,1,552,SCoil,Flag.RESET_ALLARM,[40],False,((((ON AND NOT (Allarm.Emergency_module_fault)) AND (Data.Tipo_preset = 1)) AND Flag.Auto_ON1) AND (Data.Tempo_presetting = 40)),
1843,1,554,SCoil,Flag.M_FN_06,[40],False,((((ON AND NOT (Allarm.Emergency_module_fault)) AND (Data.Tipo_preset = 1)) AND Flag.Auto_ON1) AND (Data.Tempo_presetting = 40)),
1843,1,568,Move,Data.TC01_SETPOINT,[45],True,(((((ON AND NOT (Allarm.Emergency_module_fault)) AND (Data.Tipo_preset = 1)) AND Flag.Auto_ON1) AND (Data.Tempo_presetting = 45)) AND OFF),850
1843,1,573,Move,Data.TC03_SETPOINT,[45],True,(((((ON AND NOT (Allarm.Emergency_module_fault)) AND (Data.Tipo_preset = 1)) AND Flag.Auto_ON1) AND (Data.Tempo_presetting = 45)) AND OFF),500
1843,1,578,SCoil,Flag.Start_Burner,[45],False,((((ON AND NOT (Allarm.Emergency_module_fault)) AND (Data.Tipo_preset = 1)) AND Flag.Auto_ON1) AND (Data.Tempo_presetting = 45)),
1843,1,581,SCoil,Flag.AUTO_BURNER,[45],False,((((ON AND NOT (Allarm.Emergency_module_fault)) AND (Data.Tipo_preset = 1)) AND Flag.Auto_ON1) AND (Data.Tempo_presetting = 45)),
1843,1,587,RCoil,Flag.Auto_ON1,[50],False,((((ON AND NOT (Allarm.Emergency_module_fault)) AND (Data.Tipo_preset = 1)) AND Flag.Auto_ON1) AND (Data.Tempo_presetting = 50)),
1843,1,828,RCoil,MemoCMD_BC01_Startup,[],False,NOT (((ON AND NOT (Allarm.Emergency_module_fault)) AND (Data.Tipo_preset = 1))),
1843,1,837,RCoil,Flag.Enable_R1_GATE,[],False,[미확정: 연결된 입력이 없음],
1843,1,838,RCoil,MemoCMD_PV1_Startup,[],False,[미확정: 연결된 입력이 없음],
1844,2,747,SCoil,Flag.RESET_ALLARM,[1],False,((((ON AND NOT (Allarm.Emergency_module_fault)) AND Flag.Auto_ON1) AND (Data.Tipo_preset = 2)) AND (Data.Tempo_presetting = 1)),
1844,2,749,RCoil,Flag.Maintenance_ON,[1],False,((((ON AND NOT (Allarm.Emergency_module_fault)) AND Flag.Auto_ON1) AND (Data.Tipo_preset = 2)) AND (Data.Tempo_presetting = 1)),
1844,2,757,SCoil,Flag.M_VR_03,[3],False,((((ON AND NOT (Allarm.Emergency_module_fault)) AND Flag.Auto_ON1) AND (Data.Tipo_preset = 2)) AND (Data.Tempo_presetting = 3)),
1844,2,759,SCoil,Flag.M_VR_04,[3],False,((((ON AND NOT (Allarm.Emergency_module_fault)) AND Flag.Auto_ON1) AND (Data.Tipo_preset = 2)) AND (Data.Tempo_presetting = 3)),
1844,2,761,SCoil,Flag.M_VR_05,[3],False,((((ON AND NOT (Allarm.Emergency_module_fault)) AND Flag.Auto_ON1) AND (Data.Tipo_preset = 2)) AND (Data.Tempo_presetting = 3)),
1844,2,769,SCoil,Flag.M_SC_01,[6],False,((((ON AND NOT (Allarm.Emergency_module_fault)) AND Flag.Auto_ON1) AND (Data.Tipo_preset = 2)) AND (Data.Tempo_presetting = 6)),
1844,2,771,SCoil,Flag.M_SC_10,[6],False,((((ON AND NOT (Allarm.Emergency_module_fault)) AND Flag.Auto_ON1) AND (Data.Tipo_preset = 2)) AND (Data.Tempo_presetting = 6)),
1844,2,773,SCoil,Flag.M_SC_11,[6],False,((((ON AND NOT (Allarm.Emergency_module_fault)) AND Flag.Auto_ON1) AND (Data.Tipo_preset = 2)) AND (Data.Tempo_presetting = 6)),
1844,2,780,SCoil,Flag.M_FN_04,[10],False,((((ON AND NOT (Allarm.Emergency_module_fault)) AND Flag.Auto_ON1) AND (Data.Tipo_preset = 2)) AND (Data.Tempo_presetting = 10)),
1844,2,786,SCoil,Flag.M_VS_01,[18],False,((((ON AND NOT (Allarm.Emergency_module_fault)) AND Flag.Auto_ON1) AND (Data.Tipo_preset = 2)) AND (Data.Tempo_presetting = 18)),
1844,2,793,SCoil,Flag.M_MC_05,[21],True,(((((ON AND NOT (Allarm.Emergency_module_fault)) AND Flag.Auto_ON1) AND (Data.Tipo_preset = 2)) AND (Data.Tempo_presetting = 21)) AND OFF),
1844,2,799,SCoil,Flag.M_MC_04,[24],False,((((ON AND NOT (Allarm.Emergency_module_fault)) AND Flag.Auto_ON1) AND (Data.Tipo_preset = 2)) AND (Data.Tempo_presetting = 24)),
1844,2,805,SCoil,Flag.Enable_R2_GATE,[27],False,((((ON AND NOT (Allarm.Emergency_module_fault)) AND Flag.Auto_ON1) AND (Data.Tipo_preset = 2)) AND (Data.Tempo_presetting = 27)),
1844,2,811,RCoil,Flag.STANDBY_ON,[30],False,((((ON AND NOT (Allarm.Emergency_module_fault)) AND Flag.Auto_ON1) AND (Data.Tipo_preset = 2)) AND (Data.Tempo_presetting = 30)),
1844,2,817,SCoil,Flag.M_RD_01_FAN,[33],False,((((ON AND NOT (Allarm.Emergency_module_fault)) AND Flag.Auto_ON1) AND (Data.Tipo_preset = 2)) AND (Data.Tempo_presetting = 33)),
1844,2,826,SCoil,Flag.M_RD_01,[35],False,((((ON AND NOT (Allarm.Emergency_module_fault)) AND Flag.Auto_ON1) AND (Data.Tipo_preset = 2)) AND (Data.Tempo_presetting = 35)),
1844,2,829,Move,Data.SET_PERC_FR01,[35],False,((((ON AND NOT (Allarm.Emergency_module_fault)) AND Flag.Auto_ON1) AND (Data.Tipo_preset = 2)) AND (Data.Tempo_presetting = 35)),25
1844,2,1158,SCoil,Flag.Enable_R1_GATE,[40],False,((((ON AND NOT (Allarm.Emergency_module_fault)) AND Flag.Auto_ON1) AND (Data.Tipo_preset = 2)) AND (Data.Tempo_presetting = 40)),
1844,2,1162,SCoil,Flag.M_BC_01,[43],False,((((ON AND NOT (Allarm.Emergency_module_fault)) AND Flag.Auto_ON1) AND (Data.Tipo_preset = 2)) AND (Data.Tempo_presetting = 43)),
1844,2,850,SCoil,Flag.M_VR_01,[46],False,((((ON AND NOT (Allarm.Emergency_module_fault)) AND Flag.Auto_ON1) AND (Data.Tipo_preset = 2)) AND (Data.Tempo_presetting = 46)),
1844,2,852,SCoil,Flag.M_VR_02,[46],False,((((ON AND NOT (Allarm.Emergency_module_fault)) AND Flag.Auto_ON1) AND (Data.Tipo_preset = 2)) AND (Data.Tempo_presetting = 46)),
1844,2,854,SCoil,Flag.M_CH_01,[46],False,((((ON AND NOT (Allarm.Emergency_module_fault)) AND Flag.Auto_ON1) AND (Data.Tipo_preset = 2)) AND (Data.Tempo_presetting = 46)),
1844,2,864,SCoil,Flag.M_FN_01,[49],False,((((ON AND NOT (Allarm.Emergency_module_fault)) AND Flag.Auto_ON1) AND (Data.Tipo_preset = 2)) AND (Data.Tempo_presetting = 49)),
1844,2,867,Move,Data.SET_PERC_VT01,[49],False,((((ON AND NOT (Allarm.Emergency_module_fault)) AND Flag.Auto_ON1) AND (Data.Tipo_preset = 2)) AND (Data.Tempo_presetting = 49)),35
1844,2,878,SCoil,Flag.M_FN_02,[52],False,((((ON AND NOT (Allarm.Emergency_module_fault)) AND Flag.Auto_ON1) AND (Data.Tipo_preset = 2)) AND (Data.Tempo_presetting = 52)),
1844,2,881,Move,Data.Set_Perc_VT02,[52],False,((((ON AND NOT (Allarm.Emergency_module_fault)) AND Flag.Auto_ON1) AND (Data.Tipo_preset = 2)) AND (Data.Tempo_presetting = 52)),80
1844,2,889,SCoil,Flag.M_FN_03,[56],False,((((ON AND NOT (Allarm.Emergency_module_fault)) AND Flag.Auto_ON1) AND (Data.Tipo_preset = 2)) AND (Data.Tempo_presetting = 56)),
1844,2,896,SCoil,Flag.RESET_ALLARM,[60],False,((((ON AND NOT (Allarm.Emergency_module_fault)) AND Flag.Auto_ON1) AND (Data.Tipo_preset = 2)) AND (Data.Tempo_presetting = 60)),
1844,2,898,SCoil,Flag.M_FN_06,[60],False,((((ON AND NOT (Allarm.Emergency_module_fault)) AND Flag.Auto_ON1) AND (Data.Tipo_preset = 2)) AND (Data.Tempo_presetting = 60)),
1844,2,912,Move,Data.TC01_SETPOINT,[62],True,(((((ON AND NOT (Allarm.Emergency_module_fault)) AND Flag.Auto_ON1) AND (Data.Tipo_preset = 2)) AND (Data.Tempo_presetting = 62)) AND OFF),850
1844,2,917,Move,Data.TC03_SETPOINT,[62],True,(((((ON AND NOT (Allarm.Emergency_module_fault)) AND Flag.Auto_ON1) AND (Data.Tipo_preset = 2)) AND (Data.Tempo_presetting = 62)) AND OFF),500
1844,2,922,SCoil,Flag.Start_Burner,[62],False,((((ON AND NOT (Allarm.Emergency_module_fault)) AND Flag.Auto_ON1) AND (Data.Tipo_preset = 2)) AND (Data.Tempo_presetting = 62)),
1844,2,925,SCoil,Flag.AUTO_BURNER,[62],False,((((ON AND NOT (Allarm.Emergency_module_fault)) AND Flag.Auto_ON1) AND (Data.Tipo_preset = 2)) AND (Data.Tempo_presetting = 62)),
1844,2,931,RCoil,Flag.Auto_ON1,[65],False,((((ON AND NOT (Allarm.Emergency_module_fault)) AND Flag.Auto_ON1) AND (Data.Tipo_preset = 2)) AND (Data.Tempo_presetting = 65)),
1847,5,891,RCoil,Flag.M_FN_03,[1],False,(((Flag.Auto_ON1 AND (Data.Tipo_preset = 5)) AND (Data.Tempo_presetting = 1)) OR ((Flag.Auto_ON1 AND (Data.Tipo_preset = 5)) AND Allarm.Emergency_module_fault)),
1847,5,893,RCoil,Flag.M_FN_02,[1],False,(((Flag.Auto_ON1 AND (Data.Tipo_preset = 5)) AND (Data.Tempo_presetting = 1)) OR ((Flag.Auto_ON1 AND (Data.Tipo_preset = 5)) AND Allarm.Emergency_module_fault)),
1847,5,897,RCoil,Flag.M_FN_06,[1],False,(((Flag.Auto_ON1 AND (Data.Tipo_preset = 5)) AND (Data.Tempo_presetting = 1)) OR ((Flag.Auto_ON1 AND (Data.Tipo_preset = 5)) AND Allarm.Emergency_module_fault)),
1847,5,905,RCoil,Flag.M_CH_01,[5],False,(((Flag.Auto_ON1 AND (Data.Tipo_preset = 5)) AND (Data.Tempo_presetting = 5)) OR ((Flag.Auto_ON1 AND (Data.Tipo_preset = 5)) AND Allarm.Emergency_module_fault)),
1847,5,907,RCoil,Flag.M_FN_01_FAN,[5],False,(((Flag.Auto_ON1 AND (Data.Tipo_preset = 5)) AND (Data.Tempo_presetting = 5)) OR ((Flag.Auto_ON1 AND (Data.Tipo_preset = 5)) AND Allarm.Emergency_module_fault)),
1847,5,909,RCoil,Flag.M_FN_01,[5],False,(((Flag.Auto_ON1 AND (Data.Tipo_preset = 5)) AND (Data.Tempo_presetting = 5)) OR ((Flag.Auto_ON1 AND (Data.Tipo_preset = 5)) AND Allarm.Emergency_module_fault)),
1847,5,917,RCoil,Flag.M_VR_01,[11],False,(((Flag.Auto_ON1 AND (Data.Tipo_preset = 5)) AND (Data.Tempo_presetting = 11)) OR ((Flag.Auto_ON1 AND (Data.Tipo_preset = 5)) AND Allarm.Emergency_module_fault)),
1847,5,919,RCoil,Flag.M_VR_02,[11],False,(((Flag.Auto_ON1 AND (Data.Tipo_preset = 5)) AND (Data.Tempo_presetting = 11)) OR ((Flag.Auto_ON1 AND (Data.Tipo_preset = 5)) AND Allarm.Emergency_module_fault)),
1847,5,927,RCoil,Flag.M_BC_01,[13],False,(((Flag.Auto_ON1 AND (Data.Tipo_preset = 5)) AND (Data.Tempo_presetting = 13)) OR ((Flag.Auto_ON1 AND (Data.Tipo_preset = 5)) AND Allarm.Emergency_module_fault)),
1847,5,929,RCoil,Flag.M_FN_04,[13],False,(((Flag.Auto_ON1 AND (Data.Tipo_preset = 5)) AND (Data.Tempo_presetting = 13)) OR ((Flag.Auto_ON1 AND (Data.Tipo_preset = 5)) AND Allarm.Emergency_module_fault)),
1847,5,931,RCoil,Flag.M_ER01,[13],False,(((Flag.Auto_ON1 AND (Data.Tipo_preset = 5)) AND (Data.Tempo_presetting = 13)) OR ((Flag.Auto_ON1 AND (Data.Tipo_preset = 5)) AND Allarm.Emergency_module_fault)),
1847,5,939,RCoil,Flag.M_RD_01,[15],False,(((Flag.Auto_ON1 AND (Data.Tipo_preset = 5)) AND (Data.Tempo_presetting = 15)) OR ((Flag.Auto_ON1 AND (Data.Tipo_preset = 5)) AND Allarm.Emergency_module_fault)),
1847,5,941,RCoil,Flag.Enable_R1_GATE,[15],False,(((Flag.Auto_ON1 AND (Data.Tipo_preset = 5)) AND (Data.Tempo_presetting = 15)) OR ((Flag.Auto_ON1 AND (Data.Tipo_preset = 5)) AND Allarm.Emergency_module_fault)),
1847,5,948,RCoil,Flag.M_RD_01_FAN,[17],False,(((Flag.Auto_ON1 AND (Data.Tipo_preset = 5)) AND (Data.Tempo_presetting = 17)) OR ((Flag.Auto_ON1 AND (Data.Tipo_preset = 5)) AND Allarm.Emergency_module_fault)),
1847,5,954,RCoil,Flag.M_MC_04,[19],False,(((Flag.Auto_ON1 AND (Data.Tipo_preset = 5)) AND (Data.Tempo_presetting = 19)) OR ((Flag.Auto_ON1 AND (Data.Tipo_preset = 5)) AND Allarm.Emergency_module_fault)),
1847,5,961,RCoil,Flag.M_VR_03,[20],False,(((Flag.Auto_ON1 AND (Data.Tipo_preset = 5)) AND (Data.Tempo_presetting = 20)) OR ((Flag.Auto_ON1 AND (Data.Tipo_preset = 5)) AND Allarm.Emergency_module_fault)),
1847,5,963,RCoil,Flag.M_VR_04,[20],False,(((Flag.Auto_ON1 AND (Data.Tipo_preset = 5)) AND (Data.Tempo_presetting = 20)) OR ((Flag.Auto_ON1 AND (Data.Tipo_preset = 5)) AND Allarm.Emergency_module_fault)),
1847,5,965,RCoil,Flag.M_VR_05,[20],False,(((Flag.Auto_ON1 AND (Data.Tipo_preset = 5)) AND (Data.Tempo_presetting = 20)) OR ((Flag.Auto_ON1 AND (Data.Tipo_preset = 5)) AND Allarm.Emergency_module_fault)),
1847,5,973,RCoil,Flag.STANDBY_ON,[21],False,(((Flag.Auto_ON1 AND (Data.Tipo_preset = 5)) AND (Data.Tempo_presetting = 21)) OR ((Flag.Auto_ON1 AND (Data.Tipo_preset = 5)) AND Allarm.Emergency_module_fault)),
1847,5,975,RCoil,Flag.M_VS_01,[21],False,(((Flag.Auto_ON1 AND (Data.Tipo_preset = 5)) AND (Data.Tempo_presetting = 21)) OR ((Flag.Auto_ON1 AND (Data.Tipo_preset = 5)) AND Allarm.Emergency_module_fault)),
1847,5,982,RCoil,Flag.Auto_ON1,[25],False,(((Flag.Auto_ON1 AND (Data.Tipo_preset = 5)) AND (Data.Tempo_presetting = 25)) OR ((Flag.Auto_ON1 AND (Data.Tipo_preset = 5)) AND Allarm.Emergency_module_fault)),
1848,6,923,SCoil,Flag.STANDBY_ON,[1],False,((Flag.Auto_ON1 AND (Data.Tipo_preset = 6)) AND (Data.Tempo_presetting = 1)),
1848,6,929,RCoil,Flag.Auto_ON1,[25],False,((Flag.Auto_ON1 AND (Data.Tipo_preset = 6)) AND (Data.Tempo_presetting = 25)),
