구분,설비,PDF페이지,행,케이블 식별자,FROM,TO,CURRENT TYPE 원문,SPEC 원문,CORE 원문,SIZE 원문,SPARE 원문,경로 원문,LEN 원문,검토,상태
power,BC01,51,1_1,=ENT+BC01-M02A,CR,BC-01 / M02,DAC,PVC-S,4,2.5SB,0,CR → E100,22,,도면 선택 행 시각 확인 / 현장 미확인
power,FN03,51,1_3,=ENT+FN03-M25A,CR,FN-03 / M25,DAC,PVC-S,4,25SB,0,100 → RA → E200,36,,도면 선택 행 시각 확인 / 현장 미확인
power,FN06,51,1_4,=ENT+FN06-M26A,CR,FN-06 / M26,GAC,CV,4,1.5,0,100 → RB → E100,43,PDF21 배관도에는 100RBD1의 분기 표기도 있습니다. 배관 경로 단계와 케이블 목록의 열을 함께 확인합니다.,도면 선택 행 시각 확인 / 현장 미확인
power,RD01,51,1_5,=ROT+RD01-M03A,CR,RD-01 / M03,DAC,PVC-S,4,25SB,0,100 → RC → E100,39,PDF24 같은 케이블의 SIZE16과 차이. C04 검토 전 규격을 선택하지 않습니다.,도면 선택 행 시각 확인 / 현장 미확인
power,RD01-FAN,51,1_6,=ROT+RD01-M04A,CR,RD-01 / M04,GAC,CV,4,1.5,0,100 → RC → E200,39,RD01 주 구동 M03과 냉각팬 M04를 별도로 기록합니다.,도면 선택 행 시각 확인 / 현장 미확인
power,MV03,51,1_9,=FLA+MV03-M17A,CR,MV-03 / M17,GAC,CV,4,1.5,0,100 → LCD1 → E100,46,,도면 선택 행 시각 확인 / 현장 미확인
power,FN02,51,1_10,=FLA+FN02-M19A,CR,FN-02 / M19,DAC,PVC-S,4,50SB,0,100 → 110 → LAD1 → E100,50,,도면 선택 행 시각 확인 / 현장 미확인
power,MV01,51,1_11,=FLA+MV01-M20A,CR,MV-01 / M20,GAC,CV,4,1.5,0,100 → 110 → LAD1 → E200,49,,도면 선택 행 시각 확인 / 현장 미확인
power,FN01,51,1_12,=FLB+FN01-M22A,CR,FN-01 / M22,DAC,PVC-S,4,95SB,0,100 → 120 → RB → E1200,65,,도면 선택 행 시각 확인 / 현장 미확인
power,FN01-FAN,51,1_13,=FLB+FN01-M29A,CR,FN-01 / M29,GAC,CV,4,1.5,0,100 → 120 → RB → E1300,65,기존 OEM FG54는 냉각팬 SPARE 표기입니다. 시공도면 목록에 있다고 실제 설치·사용으로 확정하지 않습니다.,도면 선택 행 시각 확인 / 현장 미확인
power,MV06,51,1_14,=FLB+MV06-M14A,CR,MV-06 / M14,DAC,PVC-S,4,1.5SB,0,100 → 120 → RB → E900,59,,도면 선택 행 시각 확인 / 현장 미확인
power,MC04,51,1_18,=EXI+MC04-M09A,CR,MC-04 / M09,DAC,PVC-S,4,16SB,0,100 → 120 → 121 → 122 → EXI1TB1 → E100,87,,도면 선택 행 시각 확인 / 현장 미확인
power,VS01,51,1_20,=EXI+VS01-M06A,CR,VS-01 / M06,DAC,PVC-S,4,6SB,0,100 → 120 → 121 → 122 → EXI1TB1 → E300,88,,도면 선택 행 시각 확인 / 현장 미확인
power,VS01,51,1_21,=EXI+VS01-M07A,CR,VS-01 / M07,DAC,PVC-S,4,6SB,0,100 → 120 → 121 → 122 → EXI1TB1 → E400,88,두 모터 분기를 별도로 기록합니다.,도면 선택 행 시각 확인 / 현장 미확인
power,SC01,51,1_22,=DUS+SC01-M28A,CR,SC-01 / M28,GAC,CV,4,1.5,0,100 → 200 → 210 → 211 → RC → E100,110,FN04와 연관된 분진 스크루이며 동일 설비로 병합하지 않습니다.,도면 선택 행 시각 확인 / 현장 미확인
power,FN04,52,2_3,=DUS+FN04-M31A,CR,FN-04 / M31,DAC,PVC-S,4,50SB,0,100 → 200 → 230 → 231 → RA → E100,106,PDF48 모터 그림·TAG 표기의 혼재는 C05에서 확인 대기로 관리합니다.,도면 선택 행 시각 확인 / 현장 미확인
power,FN04,52,2_4,=DUS+FN04-M36A,CR,FN-04 / M36,DAC,PVC-S,4,50SB,0,100 → 200 → 230 → 231 → RB → E100,109,공통 인버터와 두 모터 분기를 구분합니다. M34·M38로 자동 치환하지 않습니다.,도면 선택 행 시각 확인 / 현장 미확인
control,BC01,53,3_18,=ENT+BC01-SS01A,BC-01 / ENT1TB1,BC-01 / SS-01,DC,CVV,5G,1.0,,,,기존 FG19의 직렬 허가 접점과 PLC 감시 접점은 별도 회로입니다.,도면 선택 행 시각 확인 / 현장 미확인
control,BC01,53,3_19,=ENT+BC01-SSL01A,BC-01 / ENT1TB2,BC-01 / SSL-01,DC,CVV,2C,1.0,,,,OEM FG19 SPARE. 설치 여부·입력 사용은 미확인입니다.,도면 선택 행 시각 확인 / 현장 미확인
control,PV01,53,3_8,=ENT+PV01-ENT2TB2A,CC-01 / ENT2TB1,PV-01 / ENT2TB2 · LS01/02/03/04,DC,CVV,12G,1.0,3,,,,도면 선택 행 시각 확인 / 현장 미확인
control,PV01,53,3_9,=ENT+PV01-ENT2TB2B,CC-01 / ENT2TB1,PV-01 / ENT2TB2 · EV01,AC,CVV,3G,1.0,0,,,,도면 선택 행 시각 확인 / 현장 미확인
control,PV01,53,3_10,=ENT+PV01-ENT2TB3A,CC-01 / ENT2TB1,PV-01 / ENT2TB3 · LS05/06/07/08,DC,CVV,12G,1.0,3,,,,도면 선택 행 시각 확인 / 현장 미확인
control,PV01,53,3_11,=ENT+PV01-ENT2TB3B,CC-01 / ENT2TB1,PV-01 / ENT2TB3 · EV02,AC,CVV,3G,1.0,0,,,,도면 선택 행 시각 확인 / 현장 미확인
control,PV02,55,5_1,=ROT+UC01-ROT1TB1A,CR,"UC-01 / ROT1TB1 · LS25–32, PB16",DC,CVV,25G,1.0,5,,,공유 접속함의 간선입니다. PV02 전용 PLC 입력 수를 의미하지 않습니다.,도면 선택 행 시각 확인 / 현장 미확인
control,PV02,55,5_2,=ROT+UC01-ROT1TB1B,CR,UC-01 / ROT1TB1 · EV03/04/05,AC,CVV,12G,1.0,5,,,EV03은 RD01 윤활 밸브 회로와 구분해 추적합니다.,도면 선택 행 시각 확인 / 현장 미확인
control,PV02,55,5_4,=ROT+PV02-LS25A,UC-01 / ROT1TB1,PV-02 / LS-25,DC,CVV,2C,1.0,,,,배관도 PDF24의 짧은 No. 표기는 다릅니다. 전체 식별자와 페이지로 찾습니다.,도면 선택 행 시각 확인 / 현장 미확인
control,PV02,55,5_8,=ROT+PV02-EV04A,UC-01 / ROT1TB1,PV-02 / EV-04,AC,CVV,3G,1.0,,,,,도면 선택 행 시각 확인 / 현장 미확인
control,EV03,55,5_3,=ROT+RD01-ROT1TB2A,UC-01 / ROT1TB1,RD-01 / ROT1TB2 · EV03,AC,CVV,3G,1.0,,,,공유 간선 다음의 RD01 접속함 분기. 원본 FG21/PDF22의 밸브 회로와 대조합니다.,도면 선택 행 시각 확인 / 현장 미확인
control,EV03,55,5_15,=ROT+RD01-EV03A,RD-01 / ROT1TB2,RD-01 / EV-03,AC,CVV,3G,1.0,,,,,도면 선택 행 시각 확인 / 현장 미확인
control,MV03,56,6_15,=FLA+MV03-LS19A,MV-03 / FLO1TB1,MV-03 / LS-19,DC,CVV,2C,1.0,,,,,도면 선택 행 시각 확인 / 현장 미확인
control,MV03,56,6_16,=FLA+MV03-LS20A,MV-03 / FLO1TB1,MV-03 / LS-20,DC,CVV,2C,1.0,,,,,도면 선택 행 시각 확인 / 현장 미확인
control,MV03,56,6_17,=FLA+MV03-ZT04A,MV-03 / FLO1TB1,MV-03 / ZT-04,TM,CVV-S,4S,1.0,,,,도면 TM 표기는 원문으로 유지합니다. 전기 신호 규격·PLC 환산은 별도 확인입니다.,도면 선택 행 시각 확인 / 현장 미확인
control,MV01,57,7_8,=FLA+MV01-LS23A,HE-01 / FLO2TB1,MV-01 / LS-23,DC,CVV,2C,1.0,,,,,도면 선택 행 시각 확인 / 현장 미확인
control,MV01,57,7_9,=FLA+MV01-LS24A,HE-01 / FLO2TB1,MV-01 / LS-24,DC,CVV,2C,1.0,,,,,도면 선택 행 시각 확인 / 현장 미확인
control,MV01,57,7_10,=FLA+MV01-ZT02A,HE-01 / FLO2TB1,MV-01 / ZT-02,AI,CVV-S,4S,1.0,,,,,도면 선택 행 시각 확인 / 현장 미확인
control,MV06,58,8_6,=FLB+MV06-FLO4TB2A,CR,MV-06 / FLO4TB2 · ZT06,TM,CVV-S,4S,1.0,0,,,8_17과 같은 식별자지만 시작점·신호·규격이 다릅니다. C01 확인 전 한 케이블로 합치지 않습니다.,도면 선택 행 시각 확인 / 현장 미확인
control,MV06,58,8_17,=FLB+MV06-FLO4TB2A,UC-01 / FLO4TB1,MV-06 / FLO4TB2 · LS34/35,DC,CVV,7G,1.0,2,,,8_6과 같은 식별자. 페이지+행을 별도 키로 보존합니다.,도면 선택 행 시각 확인 / 현장 미확인
control,MV06,58,8_19,=FLB+MV06-LS34A,MV-06 / FLO4TB2,MV-06 / LS-34,DC,CVV,2C,1.0,,,,,도면 선택 행 시각 확인 / 현장 미확인
control,MV06,58,8_20,=FLB+MV06-LS35A,MV-06 / FLO4TB2,MV-06 / LS-35,DC,CVV,2C,1.0,,,,,도면 선택 행 시각 확인 / 현장 미확인
control,MV06,58,8_21,=FLB+MV06-ZT06A,MV-06 / FLO4TB2,MV-06 / ZT-06,TM,CVV-S,4S,1.0,,,,,도면 선택 행 시각 확인 / 현장 미확인
control,MC04,59,9_7,=EXI+MC04-SS10A,MC-05 / EXI1TB2,MC-04 / SS-10,DC,CVV,2C,1.0,,,,OEM FG25의 SS10 SPARE 표기와 현재 설치·사용을 대조합니다.,도면 선택 행 시각 확인 / 현장 미확인
control,MC04,59,9_8,=EXI+MC04-SS11A,MC-05 / EXI1TB2,MC-05 / SS-11,DC,CVV,2C,1.0,,,,식별자의 MC04와 TO의 MC05가 다릅니다. C07 대기. MC04·MC05·SS11을 병합하지 않습니다.,도면 선택 행 시각 확인 / 현장 미확인
control,FN01,58,8_22,=FLB+FN01-TC04A,CR,FN-01 / TC-04,TC,KX,2S,1.0,,,,8_7의 가려진 NO/NO 행을 배선으로 채택하지 않습니다.,도면 선택 행 시각 확인 / 현장 미확인
control,FN01,58,8_23,=FLB+FN01-TC05A,CR,FN-01 / TC-05,TC,KX,2S,1.0,,,,8_8의 가려진 NO/NO 행을 배선으로 채택하지 않습니다.,도면 선택 행 시각 확인 / 현장 미확인
control,BR01,64,14_12,=ENT+CC01-BR01A,CR,CC-01 / BR-01,DC,CVV,25G,1.0,8,,,버너 간선 묶음. 개별 핀·연소 안전 기능은 미식별입니다.,도면 선택 행 시각 확인 / 현장 미확인
control,BR01,64,14_13,=ENT+CC01-BR01B,CR,CC-01 / BR-01,AC,CVV,4G,4.0,3,,,버너 간선 묶음. 개별 핀·연소 안전 기능은 미식별입니다.,도면 선택 행 시각 확인 / 현장 미확인
control,BR01,64,14_14,=ENT+CC01-BR01C,CR,CC-01 / BR-01,AC,CVV,16G,1.0,15,,,버너 간선 묶음. 개별 핀·연소 안전 기능은 미식별입니다.,도면 선택 행 시각 확인 / 현장 미확인
control,BR01,64,14_15,=ENT+CC01-BR01D,CR,CC-01 / BR-01,AIO,CVV-S,4S,1.0,3,,,버너 간선 묶음. 개별 핀·연소 안전 기능은 미식별입니다.,도면 선택 행 시각 확인 / 현장 미확인
control,BR01,64,14_16,=ENT+CC01-BR01E,CR,CC-01 / BR-01,AIO,CVV-S,4S,1.0,3,,,버너 간선 묶음. 개별 핀·연소 안전 기능은 미식별입니다.,도면 선택 행 시각 확인 / 현장 미확인
control,BR01,64,14_17,=ENT+CC01-BR01F,CR,CC-01 / BR-01,AI,CVV-S,4S,1.0,3,,,버너 간선 묶음. 개별 핀·연소 안전 기능은 미식별입니다. F가 두 행에 반복되어 C02 확인 전 별도 기록합니다.,도면 선택 행 시각 확인 / 현장 미확인
control,BR01,64,14_18,=ENT+CC01-BR01F,CR,CC-01 / BR-01,AI,CVV-S,4S,1.0,3,,,버너 간선 묶음. 개별 핀·연소 안전 기능은 미식별입니다. F가 두 행에 반복되어 C02 확인 전 별도 기록합니다.,도면 선택 행 시각 확인 / 현장 미확인
