FG,PDF 페이지,회로 제목
1,1,ELECTRICAL HEADER
2,2,LIST SHEETS
3,3,LIST SHEETS
4,4,LIST SHEETS
5,5,LIST SHEETS
6,7,THREE-PHASE LINE 400V 60Hz
7,8,THREE-PHASE LINE 400V 60Hz
8,9,THREE-PHASE LINE 400V 60Hz
9,10,110Vac 60Hz AUXILIARY CIRCUIT
10,11,-0Vdc 10.6
11,12,COOLING FAN CONTROL BOARD
12,13,EMERGENCY CIRCUIT
13,14,LogicSTARTAUTOMONITORED
14,15,EMERGENCY CIRCUIT
15,16,EMERGENCY CIRCUIT
16,17,PRESENCE VOLTAGE 110Vac-24Vdc
17,18,ALARMS CIRCUIT
18,19,FEEDING ROTATION DRUM CONVEYOR BC-01
19,20,FEEDING ROTATION DRUM CONVEYOR BC-01
20,21,ROTATING DRUM RD-01
21,22,ROTATING DRUM RD-01
22,23,COOLING FAN ROTATION DRUM MOTOR RD-01
23,24,SPARE E0.5116/5
24,25,METALLIC CONVEYOR MC-04
25,26,METALLIC CONVEYOR MC-04
26,27,METALLIC CONVEYOR MC-05
27,28,VIBRATING SCREEN VS-01
28,29,VIBRATING SCREEN VS-01
29,30,ROT.DRUM DISCHARGE CHAMB.SCREW SC-12
30,31,MOTORIZED VALVE MV-2/MV-5/MV-6
31,32,MOTORIZED VALVE MV-2/MV-5/MV-6
32,33,MOTORIZED VALVE MV-06
33,34,MOTORIZED VALVE MV-06
34,35,MOTORIZED VALVE MV-05
35,36,MOTORIZED VALVE MV-05
36,37,MOTORIZED VALVE MV-02
37,38,MOTORIZED VALVE MV-02
38,39,MOTORIZED VALVE MV-03
39,40,MOTORIZED VALVE MV-03
40,41,MOTORIZED VALVE MV-04
41,42,MOTORIZED VALVE MV-04
42,43,BLOWER FAN FN-02
43,44,BLOWER FAN FN-02
44,45,MOTORIZED VALVE MV-01
45,46,MOTORIZED VALVE MV-01
46,47,ROTARY VALVE VR-01
47,48,BLOWER FAN FN-01
48,49,BLOWER FAN FN-01
49,50,ROTARY VALVE VR-02E3.7119/7
50,51,CHILLER CH-01
51,52,BLOWER FAN FN-03
52,53,BLOWER FAN FN-06
53,54,DUST SCREW SC-1E4.4120/5
54,55,COOLING FAN BLOWER FAN FN-01
55,56,MICROFEEDER LD-01E4.6120/6
56,57,SILO VIBRATOR LD-01A
57,58,FILTER DUST SCREW SC-10
58,59,FILTER DUST SCREW SC-11E5.1121/2
59,60,ASPIRATOR FN-04
60,61,ASPIRATOR FN-04
61,62,ROTARY VALVE VR-03
62,63,ROTARY VALVE VR-04E5.5121/5
63,64,ROTARY VALVE VR-05
64,65,ROTARY VALVE VR-06E5.7121/7
65,66,BLOWER FAN FN-05E6.0122/2
66,67,ELECTRICAL RESISTANCE ER-01
67,68,AVAILABLE SHEET
68,69,AVAILABLE SHEET
69,70,LOAD DRUM CLAPPE VALVE PV-01
70,71,X1131E8.6124/6
71,72,LOAD DRUM CLAPPE VALVE PV-02
72,73,LOAD DRUM CLAPPE VALVE PV-02
73,74,DEVIATOR DISCH SCREEN VALVE PV-03
74,75,DISCHARGE DRUM CHAMBER VALVE PV-04
75,76,PRESSURE CONTROL
76,77,PRESSURE CONTROL
77,78,THERMOCOUPLE
78,79,THERMOCOUPLE
79,80,"PHOENIX CONTACT7+2864273+24V13OUT U,I8-GND 25+6-GND1479KA1"
80,81,OXIGEN CONTROLTRANSMITTER RO-01/RO-02
81,82,OXIGEN CONTROLTRANSMITTER RO-03/RO-04
82,83,VIBRATION TRANSMITTER ZT-01
83,84,AVAILABLE SHEET
84,85,SERVICE RELAYS
85,86,ANALOG IN/OUT TO/FROM CLIENT MACHINE
86,87,DIGITAL INPUT FROM CLIENT MACHINE
87,88,DIGITAL INPUT FROM CLIENT MACHINE
88,89,DIGITAL INPUT FROM CLIENT MACHINE
89,90,DIGITAL INPUT FROM CLIENT MACHINE
90,91,DIGITAL INPUT FROM CLIENT MACHINE
91,92,DIGITAL INPUT FROM CLIENT MACHINE
92,93,DIGITAL INPUT FROM CLIENT MACHINE
93,94,DIGITAL INPUT FROM CLIENT MACHINE
94,95,DIGITAL INPUT FROM CLIENT MACHINE
95,96,DIGITAL INPUT FROM CLIENT MACHINE
96,97,NITROGEN VALVES BOX PV-05/PV-06
97,98,BURNER CLEAN CONTACT
98,99,BURNER CLEAN CONTACT
99,100,BURNER INTERLOCK OUTPUT
100,101,BURNER ANALOG SIGNAL
101,102,AVAILABLE SHEET
102,103,CONFIGURATION PLC
103,104,POS.12
104,105,ANALOG INPUT MODULE
105,106,ANALOG INPUT MODULE
106,107,ANALOG INPUT MODULE78SCH178/2+PEW27878/2
107,108,ANALOG INPUT MODULE+PEW28675/575SCH275/5
108,109,ANALOG INPUT MODULE
109,110,ANALOG INPUT MODULE
110,111,ANALOG INPUT MODULE81SCH381/7+PEW35881/7
111,112,ANALOG INPUT MODULE
112,113,ANALOG OUTPUT MODULE
113,114,ANALOG OUTPUT MODULE
114,115,ANALOG OUTPUT MODULE
115,116,ANALOG OUTPUT MODULEANALOG OUTPUT MODULE
116,117,DIGITAL INPUT MODULE
117,118,DIGITAL INPUT MODULE
118,119,DIGITAL INPUT MODULE
119,120,DIGITAL INPUT MODULE
120,121,DIGITAL INPUT MODULE
121,122,DIGITAL INPUT MODULE
122,123,DIGITAL INPUT MODULE
123,124,DIGITAL INPUT MODULE
124,125,DIGITAL INPUT MODULE
125,126,DIGITAL INPUT MODULE
126,127,DIGITAL INPUT MODULE
127,128,DIGITAL INPUT MODULE
128,129,DIGITAL INPUT MODULE
129,130,DIGITAL INPUT MODULE
130,131,DIGITAL INPUT MODULE
131,132,DIGITAL INPUT MODULE
132,133,DIGITAL INPUT MODULE
133,134,DIGITAL INPUT MODULE
134,135,DIGITAL INPUT MODULE
135,136,DIGITAL INPUT MODULE
136,137,DIGITAL OUTPUT MODULE
137,138,DIGITAL OUTPUT MODULE
138,139,DIGITAL OUTPUT MODULE
139,140,DIGITAL OUTPUT MODULE
140,141,DIGITAL OUTPUT MODULE
141,142,DIGITAL OUTPUT MODULE
142,143,DIGITAL OUTPUT MODULE
143,144,DIGITAL OUTPUT MODULE
144,145,TECNOLOGY MODULE TM TIMER
145,146,TECNOLOGY MODULE TM TIMER
146,147,TECNOLOGY MODULE TM TIMER
147,148,TECNOLOGY MODULE TM TIMER
148,149,TECNOLOGY MODULE TM TIMER
149,150,TECNOLOGY MODULE TM TIMER
150,151,AVAILABLE SHEET
151,152,AVAILABLE SHEET
152,153,SUPPLY 110Vac JB1 PLC MODULE
153,154,CONFIGURATION PLC JB1 BOX
154,155,CLEAN BAGS VALVES COMMAND
155,156,CLEAN BAGS VALVES COMMAND
156,157,110Vac 152.8155/9 110Vac 152.8157/0
157,158,CLEAN BAGS VALVES COMMAND
158,159,CLEAN BAGS VALVES COMMAND
159,160,CLEAN BAGS VALVES COMMAND
160,161,CLEAN BAGS VALVES COMMAND
161,162,CLEAN BAGS VALVES COMMAND
162,163,CLEAN BAGS VALVES COMMAND
163,164,CLEAN BAGS VALVES COMMAND
164,165,CLEAN BAGS VALVES COMMAND
165,166,CLEAN BAGS VALVES COMMAND
166,167,CLEAN BAGS VALVES COMMAND
167,168,CLEAN BAGS VALVES COMMAND
168,169,PNEUMATIC VALVE
169,170,DIFFERENTIAL PRESSURE CONTROL
170,171,E28.5177/5
171,172,ANALOG INPUT MODULE
172,173,+PEW39459/6-PEW39459/659SCH259/659SCH2180A/1
173,174,DIGITAL OUTPUT MODULE
174,175,DIGITAL OUTPUT MODULE
175,176,DIGITAL OUTPUT MODULE
176,177,DIGITAL OUTPUT MODULE
177,178,177T1
178,179,DIGITAL INPUT/OUTPUT MODULE
179,180,DIGITAL INPUT/OUTPUT MODULE
180,181,DIGITAL INPUT/OUTPUT MODULE
181,184,SUPPLY 110Vac JB2 PLC MODULE0Vac 9.9183/0110Vac 181.8183/0
182,185,CONFIGURATION PLC JB2 BOX
183,186,CLEAN BAGS VALVES COMMAND
184,187,CLEAN BAGS VALVES COMMAND
185,188,CLEAN BAGS VALVES COMMAND
186,189,CLEAN BAGS VALVES COMMAND
187,190,CLEAN BAGS VALVES COMMAND
188,191,CLEAN BAGS VALVES COMMAND
189,192,CLEAN BAGS VALVES COMMAND
190,193,CLEAN BAGS VALVES COMMAND
191,194,CLEAN BAGS VALVES COMMAND
192,195,CLEAN BAGS VALVES COMMAND
193,196,CLEAN BAGS VALVES COMMAND
194,197,CLEAN BAGS VALVES COMMAND
195,198,CLEAN BAGS VALVES COMMAND
196,199,CLEAN BAGS VALVES COMMAND
197,200,A18.7185/6A18.6185/3A18.5184/9A18.4184/6
198,201,DIGITAL OUTPUT MODULE
199,202,DIGITAL OUTPUT MODULE
200,203,DIGITAL OUTPUT MODULE
201,204,DIGITAL INPUT/OUTPUT MODULE
202,205,DIGITAL INPUT/OUTPUT MODULE
203,206,DIGITAL INPUT/OUTPUT MODULE
204,207,DIGITAL INPUT/OUTPUT MODULE
205,208,LINE UPS TERMINAL BOARD
206,209,MOTOR TERMINAL BOARD
207,210,MOTOR TERMINAL BOARD
208,211,MOTOR TERMINAL BOARD
209,212,DISCONNECTING DEVICE TERMINAL BOARD
210,213,DISCONNECTING DEVICE TERMINAL BOARD
211,214,AUSILIARY TERMINAL BOARD
212,215,AUSILIARY TERMINAL BOARD
213,216,AUSILIARY TERMINAL BOARD
214,217,AUSILIARY TERMINAL BOARD
215,218,AUSILIARY TERMINAL BOARD
216,219,AUSILIARY TERMINAL BOARD
217,220,AUSILIARY TERMINAL BOARD
218,221,AUSILIARY TERMINAL BOARD
219,222,AUSILIARY TERMINAL BOARD
220,223,AUSILIARY TERMINAL BOARD
221,224,AUSILIARY TERMINAL BOARD
222,225,QG - X20DOORS TERMINAL BOARD
223,226,PLC TERMINAL BOARD
224,227,PLC TERMINAL BOARD
225,228,QG - X2NITROGEN BOX VALVES TERMINAL BOARD
226,229,JB1 PLC BOX TERMINAL BOARD
227,230,JB1 PLC BOX TERMINAL BOARD
228,231,JB1 PLC BOX TERMINAL BOARD
229,232,JB1 PLC BOX TERMINAL BOARD
230,233,PLC BOX JB1 TERMINAL BOARD
231,234,JB2 PLC BOX TERMINAL BOARD
232,235,JB2 PLC BOX TERMINAL BOARD
233,236,JB2 PLC BOX TERMINAL BOARD
234,237,PLC BOX JB2 TERMINAL BOARD
235,238,JB01 CONTROL CABINET TERMINAL BOARD
236,239,OVER TEMPERATURE CONTROL BOARD
237,240,SIDE VIEWDOOR 2DOOR 1
238,241,AVAILABLE SHEET
239,242,CUT OUT DOOR 2
240,243,CUT OUT DOORS
241,244,CUT OUT DOOR
242,245,JB1-JB2 PLC CONTROL BOARD
243,246,PUSHBUTTONS
244,247,PUSHBUTTONS
245,248,JB01 CONTROL CABINET
246,249,MATERIAL LIST
247,250,MATERIAL LIST
248,251,MATERIAL LIST
249,252,MATERIAL LIST
250,253,MATERIAL LIST
251,254,MATERIAL LIST
252,255,MATERIAL LIST
253,256,MATERIAL LIST
254,257,MATERIAL LIST
255,258,MATERIAL LIST
256,259,MATERIAL LIST
257,260,MATERIAL LIST
258,261,MATERIAL LIST
259,262,MATERIAL LIST
260,263,MATERIAL LIST
261,264,AVAILABLE SHEET
262,265,AVAILABLE SHEET
5A,6,LIST SHEETS
180A,182,+PAW33659/6-PAW33659/659SCH2172/1
180B,183,ANALOG OUTPUT MODULE
