설비,신호,도면 주소,백업 주소,FG,회로 경로,내부 전달·사용,진단,확인 상태
BC01,기동 명령,A0.0,%Q0.0 / start bc01,19,A0.0 (FG136/1 참조) → X1:44 / 2A F(5×20) → SS-01:11→12 → X1:45 → XS:1 → 18QS1 보조접점 → XS:2 → 18QM1 보조접점 → 19KA1 코일 A1→A2 / 0V,FG18: +24V 단자9 → 19KA1 접점1→9 → 인버터 단자12(DI1 START).,Q0.0=1인데 DI1이 없으면 직렬 회로·19KA1 코일과 접점을 구간별로 확인합니다. PLC 로직 허가와 현장 접점 허가를 함께 기록합니다.,도면 시각 확인 / 현장 미확인
BC01,운전 응답,E0.0,%I0.0 / bc01_fbk,18,+24Vdc 10.7 → 18AS1 단자17(RUNNING 공통) → 18AS1 단자19 → E0.0 → FG116/2 PLC 입력 참조,PLC 입력 → 내부 Inputs.BC01 run 전달 위치는 현재 복원 자료에서 확정하지 못했습니다. 알람 사용 위치는 원본1785입니다.,"인버터 RUNNING 출력, PLC I0.0, 내부 응답을 따로 기록합니다. 릴레이 출력의 파라미터 기능·정상 극성은 현재 설정과 대조합니다.",도면 시각 확인 / 현장 미확인
BC01,인버터 이상,E0.1,%I0.1 / bc01_all_inv,18,+24Vdc 10.7 → 18AS1 단자20(ALARM 공통) → 18AS1 단자21 → E0.1 → FG116/2 PLC 입력 참조,원본1785는 Inputs.BC01_All_inv를 읽어 Allarm.BC01_INV를 Set/Reset합니다. 물리 입력과 내부 신호의 전체 전달은 미확정입니다.,도면의 ALARM 표기만으로 입력1=고장이라고 확정하지 않습니다. 출력 접점 기능·정상 상태·입력 반전 여부를 확인합니다.,도면 시각 확인 / 현장 미확인
BC01,트립와이어 감시,E6.2,%I6.2 / bc01_tripwire,19,+24Vdc 10.7 → X1:46 / 2A F(5×20) → SS-01:13→14 → X1:47 → E6.2 → FG122/3 PLC 입력 참조,SS-01의 기동 회로 접점11/12와 감시 접점13/14는 점선으로 기계적 연결이 표시됩니다. 원본1786은 내부 trip wire 알람을 관리합니다.,두 접점의 동작·복귀와 PLC 입력을 함께 확인합니다. 내부 시험 모드로 현장 직렬 접점의 허가를 대신할 수 있다고 설명하지 않습니다.,도면 시각 확인 / 현장 미확인
BC01,회전 감시 예비,E6.3,%I6.3 / bc01_prox,19,+24Vdc 10.7 → X1:48 / 2A F(5×20) → SSL-01:13→14 → X1:49 → E6.3 → FG122/4 PLC 입력 참조,FG19의 점선 SPARE 영역에 있습니다. 트립와이어 E6.2와 별도 신호입니다.,도면 존재와 실제 설치·사용을 구분합니다. 예비 입력을 회전 정상 조건이나 안전 스위치 대체 입력으로 지정하지 않습니다.,도면 시각 확인 / 현장 미확인
FN04,기동 명령,A17.1,%Q17.1 / start fn04,60,A17.1 (FG180/1 참조) → X3:124 → X5:14 → 59QS1 보조접점 → X5:15 → 59QS2 보조접점 → X5:16 → 59QM1 보조접점 → 59QM2 보조접점 → 59QM3 보조접점 → 60KA1 코일 A1→A2 / 0V152.4,FG59: 인버터 단자10(+24V) → 60KA1 접점1→9 → 단자13(DI1).,Q17.1=1이어도 직렬 접점이 열리면 60KA1·DI1의 기동이 전달되지 않을 수 있습니다. 두 모터 분기와 공통 인버터 허가를 함께 조사합니다.,도면 시각 확인 / 현장 미확인
FN04,운전 응답,E28.2,%I28.2 / fn04_fbk,59,+24Vdc152.5 → 59AS1 단자22(RUNNING 공통) → 59AS1 단자24 → X5:7 → X3:107 → E28.2 → FG177/3 PLC 입력 참조,원본1070 hmi inputs: FN04_Fbk → Inputs.FN04 Run(코일 Part118). 사용 위치1809·1964 등. 원본1085 simulation도 같은 내부 응답을 씁니다.,"공통 인버터 RUNNING만으로 두 모터가 각각 정상 회전했다고 판단하지 않습니다. 물리 입력, 내부 응답, 두 모터 관찰을 별도 기록합니다. 입력 전달 블록의 현재 호출과 다른 쓰기 위치도 확인합니다.",도면 시각 확인 / 현장 미확인
FN04,인버터 이상,E28.3,%I28.3 / fn04_all_inv,59,+24Vdc152.5 → 59AS1 단자25(ALARM 공통) → 59AS1 단자27 → X5:8 → X3:108 → E28.3 → FG177/4 PLC 입력 참조,"원본1070: FN04_All_inv → Inputs.FN04_All_inv(코일 Part120). 원본1809에서 래치,1965에서 요청 해제.",ALARM 릴레이 기능·현재 정상 극성과 PLC 내부 반전을 확인합니다. 표기 또는 가상 시험의 초기값을 현장 정상값으로 쓰지 않습니다.,도면 시각 확인 / 현장 미확인
FN04,속도 설정,±PAW336,%QW336 / fn04_sp,59,+PAW336 → X3:120 → X5:10 → 59AS1 단자2(AI1+) → -PAW336 → X3:121 → X5:11 → 단자3(AGND) → FG180A/1 아날로그 출력 참조,도면 AI1은 4–20mA 표기. 원본1689는 Data.SET_PERC_FN04와 FN04_SP를 연결합니다. 변환 명령은 지원 부분 실행 범위 밖입니다.,요청 백분율·PLC 원시 출력·실제 AI1 신호·인버터 주파수의 네 값을 구분합니다. PLC 스케일·인버터 파라미터·허용 풍량을 확인한 뒤 판단합니다.,도면 시각 확인 / 현장 미확인
FN04,전류 전달,±PEW394,%IW394 / fn04_current,59,59AS1 단자8(AO2) → X5:12 → X3:122 → +PEW394 → 단자9(AGND) → X5:13 → X3:123 → -PEW394 → FG172/1·2 아날로그 입력 참조,원본1071: FN04_Current → Inputs.FN04_Absorption(Part123). 변환 제목 fn-02 aspirator와 실제 FN04 신호의 불일치는 계속 확인합니다.,공통 인버터의 전달값을 각 모터 개별 전류라고 단정하지 않습니다. AO2 기능과 환산 범위·HMI 표시 단위를 대조합니다.,도면 시각 확인 / 현장 미확인
RD01,기동 명령,A0.1,%Q0.1 / start rd01,21,A0.1 (FG136/1) → XS:3 → 20QS1 보조접점 → XS:4 → 20QM1 보조접점 → 21KA1 코일 A1→A2 / 0Vdc10.6,FG20: 20AS1 단자10(+24V) → 21KA1 접점1→9 → 단자13(DI1). 원본1936의 요청·Start RD01과1787의5초 감시를 연결합니다.,"PLC 출력, 21KA1 코일·접점과 DI1을 구간별로 비교합니다. 냉각팬 응답·풍량 설정·R2 게이트 조건에 의한 PLC 요청 해제는 진단 작업지에서 확인합니다.",도면 시각 확인 / 현장 미확인
RD01,운전 응답,E0.2,%I0.2 / rd01_fbk,20,+24Vdc10.7 → 20AS1 단자22 → 단자24 → E0.2 → PLC 입력 참조 FG116/3,원본1787·1936은 내부 Inputs.RD01 run을 사용합니다. 물리 입력→내부 DB의 전체 전달은 미확정입니다.,도면의 릴레이 전원·신호 측과 PLC 입력을 구간별로 비교합니다. 출력 기능·접점 극성·내부 반전은 현재 설정을 확인합니다.,도면 시각 확인 / 현장 미확인
RD01,인버터 이상,E0.3,%I0.3 / rd01_all_inv,20,+24Vdc10.7 → 20AS1 단자25 → 단자27 → E0.3 → PLC 입력 참조 FG116/4,원본1787의 RD01_INV 래치와1936의 요청 해제를 추적합니다.,백업 이름과 도면 ALARM 표시를 대조합니다. 정상 입력값을 가정하지 않고 실제 접점·입력·래치 상태를 각각 기록합니다.,도면 시각 확인 / 현장 미확인
RD01,속도 설정,±PAW290,%QW290 / rd01_sp_speed,20,+PAW290 → 20AS1 단자2(AI1+) → -PAW290 → 단자3(AGND) → 아날로그 출력 참조 FG112/1,드럼 속도 설정. 전체 아날로그 변환·PID·다른 쓰기를 확인합니다.,"도면의 4–20mA 표기와 실제 입력 모드·스케일을 대조합니다. 요청 설정, 원시 출력, 전기 신호와 인버터 표시를 분리합니다.",도면 시각 확인 / 현장 미확인
RD01,전류 전달,±PEW332,%IW332 / rd01_current,20,20AS1 단자8(AO2) → +PEW332 → 단자9(AGND) → -PEW332 → 아날로그 입력 참조 FG109/4,원본1071 Part144: RD01_Current → Inputs.RD01_ABSORBPTION.,전류 환산·단위·AO2의 실제 기능과 전체 값 전달을 확인합니다. 도면의 기본 기능만으로 현재 파라미터를 확정하지 않습니다.,도면 시각 확인 / 현장 미확인
RD01-FAN,냉각팬 기동,A0.2,%Q0.2 / start fan rd01,22,A0.2 (FG136/1) → XS:5 → 22QS1 보조접점 → XS:6 → 22QM1 보조접점 → 22KM1 코일 A1→A2 / 0Vdc10.6,"원본1939의 Start Fan RD01 출력과 별도 팬 요청,1788의2초 고장 감시를 연결합니다. 주모터 회로20AS1의 DI1과 구분합니다.",Q0.2=1인데 접촉기가 붙지 않으면 개폐기·차단기·코일 전달을 확인합니다. 접촉기가 붙어도 팬 회전·풍량 정상 여부는 별도 관찰합니다.,도면 시각 확인 / 현장 미확인
RD01-FAN,접촉기 응답,E0.4,%I0.4 / rd01f_fbk,22,+24Vdc10.7 → 22KM1 보조접점13→14 → E0.4 → FG116/5,내부 Inputs.Fan RD01 run의 알람·주모터 연동을 확인합니다. 물리 입력의 전체 전달은 미확정입니다.,보조접점 응답만으로 임펠러·모터·기계부가 정상이라고 판단하지 않습니다.,도면 시각 확인 / 현장 미확인
EV03,윤활 밸브 명령,A5.1,%Q5.1 / ev03,21,A5.1 (FG141/1) → 21KA2 코일 → 0Vdc10.6 → 110Vac9.7 → 21KA2 접점1→9 → X1:50 / 2A F(5×20) → EV-03 코일A1→A2 → X1:51 → 0Vac9.9,원본1938은 EV03 출력과 드럼 윤활 관련 타이머를 포함합니다. 전원·명령과 실제 윤활 상태를 별도로 기록합니다.,Q5.1/릴레이 명령과110V 밸브 구동을 같은 전압의 단일 경로로 설명하지 않습니다. 승인된 점검 절차에서 전원·퓨즈·접점·코일·유체 계통을 대조합니다.,도면 시각 확인 / 현장 미확인
MC04,기동 명령,A0.4,%Q0.4 / start mc04,25,A0.4 (FG136/1) → XS:9 → 24QS1 보조접점 → XS:10 → 24QM1 보조접점 → 25KA1 코일 A1→A2 / 0Vdc10.6,FG24: 24AS1 단자9(+24V) → 25KA1 접점1→9 → 단자12(DI1 START). 원본1941의 요청과1791의5초 감시를 연결합니다.,PLC 출력→코일→릴레이→DI1을 확인하고 VS01 인터록에 의한 요청 해제와 전기 회로 전달 실패를 구분합니다.,도면 시각 확인 / 현장 미확인
MC04,운전 응답,E0.6,%I0.6 / mc04_fbk,24,+24Vdc10.7 → 24AS1 단자17 → 단자19 → E0.6 → PLC 입력 참조 FG116/6,원본1791·1941의 내부 MC04 운전 응답을 추적합니다. 물리→DB 전달은 미확정입니다.,도면의 릴레이 전원·신호 측과 PLC 입력을 구간별로 비교합니다. 출력 기능·접점 극성·내부 반전은 현재 설정을 확인합니다.,도면 시각 확인 / 현장 미확인
MC04,인버터 이상,E0.7,%I0.7 / mc04_all_inv,24,+24Vdc10.7 → 24AS1 단자20 → 단자21 → E0.7 → PLC 입력 참조 FG116/7,"백업 설명에 feedback 표기가 있으나 심볼은 인버터 이상, 도면은 ALARM입니다. 명칭·극성 확인이 필요합니다.",백업 이름과 도면 ALARM 표시를 대조합니다. 정상 입력값을 가정하지 않고 실제 접점·입력·래치 상태를 각각 기록합니다.,도면 시각 확인 / 현장 미확인
MC04,토크 감시 예비,E6.5,%I6.5 / mc04_torque,25,+24Vdc10.7 → X1:54 / 2A F(5×20) → SS-10:11→12 → X1:55 → E6.5 → FG122/5,FG25 점선 SPARE 영역. 원본1792의 deleted 표기와 실제 사용 여부를 함께 확인합니다.,도면에 있는 신호가 현재 설치·활성 상태라는 뜻은 아닙니다. 현장 설치와 내부 전달·사용 로직을 확인합니다.,도면 시각 확인 / 현장 미확인
MC04,속도 회로 주소 대조,±PAW294,%QW294 / 102a5_spare3,24,+PAW294 → 24AS1 단자2(AI1+) → -PAW294 → 단자3(GND) → 아날로그 출력 참조 FG112/1,도면은 MC04 인버터의 속도 입력으로 보이지만 백업QW294의 이름은102a5_spare3입니다. 대응·활성 상태는 확정하지 않습니다.,다른 MV04·MC04 아날로그 신호나 과거 주석과 자동 병합하지 않습니다. 현재 출력 주소·배선·명령 쓰기 위치를 확인합니다.,도면 시각 확인 / 현장 미확인
VS01,공통 기동 명령,A0.6,%Q0.6 / start vs01,28,A0.6 (FG136/1) → XS:13 → 27QS1 보조접점 → XS:14 → XS:15 → 27QS2 보조접점 → XS:16 → 27QM1 → 27QM2 → 27QM3 보조접점 → 28KA1 코일 A1→A2 / 0Vdc10.6,FG27: 인버터 단자9(+24V) → 28KA1 접점1→9 → 단자12(DI1 START). 원본1943의 요청과1794의2초 감시를 연결합니다.,기동 출력 이후 두 분기 중 어느 접점에서 허가가 끊겼는지 구분합니다. 한쪽 모터만 운전 또는 진동 불균형이면 공통 인버터 응답만 보고 정상 처리하지 않습니다.,도면 시각 확인 / 현장 미확인
VS01,운전 응답,E1.1,%I1.1 / vs01_fbk,27,+24Vdc10.7 → 27AS1 단자17 → 단자19 → E1.1 → PLC 입력 참조 FG117/2,공통 인버터 응답입니다. 내부 응답의 전체 전달과 두 모터의 실제 상태를 따로 확인합니다.,도면의 릴레이 전원·신호 측과 PLC 입력을 구간별로 비교합니다. 출력 기능·접점 극성·내부 반전은 현재 설정을 확인합니다.,도면 시각 확인 / 현장 미확인
VS01,인버터 이상,E1.2,%I1.2 / vs01_all_inv,27,+24Vdc10.7 → 27AS1 단자20 → 단자21 → E1.2 → PLC 입력 참조 FG117/3,"원본1794에서 VS01 고장 래치,1943에서 요청 해제를 추적합니다.",백업 이름과 도면 ALARM 표시를 대조합니다. 정상 입력값을 가정하지 않고 실제 접점·입력·래치 상태를 각각 기록합니다.,도면 시각 확인 / 현장 미확인
FN01,기동 명령,A2.7,%Q2.7 / start fn01,48,A2.7 (FG138/1) → XS:33 → 47QS1 보조접점 → XS:34 → 47QM1 보조접점 → 48KA1 코일 A1→A2 / 0Vdc10.6,FG47: 47AS1 단자10(+24V) → 48KA1 접점1→9 → 단자13(DI1). 원본1951의 요청·1798의2초 감시와 연결합니다.,기동 즉시 정지와90분 후 정지를 구분합니다. 원본1950의 온도·진동·VR01/VR02 조건과Tag122를 시각순으로 기록합니다.,도면 시각 확인 / 현장 미확인
FN01,운전 응답,E3.5,%I3.5 / fn01_fbk,47,+24Vdc10.7 → 47AS1 단자22 → 단자24 → E3.5 → PLC 입력 참조 FG119/5,원본1798·1950·1951의 내부 FN01 응답을 추적합니다. 물리→DB 전달은 미확정입니다.,도면의 릴레이 전원·신호 측과 PLC 입력을 구간별로 비교합니다. 출력 기능·접점 극성·내부 반전은 현재 설정을 확인합니다.,도면 시각 확인 / 현장 미확인
FN01,인버터 이상,E3.6,%I3.6 / fn01_all_inv,47,+24Vdc10.7 → 47AS1 단자25 → 단자27 → E3.6 → PLC 입력 참조 FG119/6,FN01_INV 래치와 요청 해제를 확인합니다.,백업 이름과 도면 ALARM 표시를 대조합니다. 정상 입력값을 가정하지 않고 실제 접점·입력·래치 상태를 각각 기록합니다.,도면 시각 확인 / 현장 미확인
FN01,속도 설정,±PAW292,%QW292 / fn01_sp_speed,47,+PAW292 → 47AS1 단자2(AI1+) → -PAW292 → 단자3(AGND) → 아날로그 출력 참조 FG112/1,Data.SET_PERC_VT01과 속도 변환·요청 해제의 전체 호출 순서를 확인합니다.,"도면의 4–20mA 표기와 실제 입력 모드·스케일을 대조합니다. 요청 설정, 원시 출력, 전기 신호와 인버터 표시를 분리합니다.",도면 시각 확인 / 현장 미확인
FN01,전류 전달,±PEW334,%IW334 / fn01_current,47,47AS1 단자8(AO2) → +PEW334 → 단자9(AGND) → -PEW334 → 아날로그 입력 참조 FG109/5,원본1071 Part145: FN01_Current → Inputs.FN01_ABSORPTION.,전류 환산·단위·AO2의 실제 기능과 전체 값 전달을 확인합니다. 도면의 기본 기능만으로 현재 파라미터를 확정하지 않습니다.,도면 시각 확인 / 현장 미확인
FN01-FAN,예비 냉각팬 기동,A3.5,%Q3.5 / star fan fn01,54,A3.5 (FG139/1) → XS:45 → 54QS1 보조접점 → XS:46 → 54QM1 보조접점 → 54KM1 코일 A1→A2 / 0Vdc10.6,해당 출력의 현재 쓰기·호출과 실제 설치 상태를 확인합니다. 주팬 운전 로직의 필수 장치로 자동 지정하지 않습니다.,예비 회로를 기동 시험할 대상으로 확정하지 않습니다. 현장 설치·전원·배선·승인된 사용 정책을 먼저 식별합니다.,도면 시각 확인 / 현장 미확인
FN01-FAN,예비 접촉기 응답,E4.5,%I4.5 / fn01f_fbk,54,+24Vdc10.7 → 54KM1 보조접점13→14 → E4.5 → FG120/5,접촉기 응답의 내부 전달과 주팬 연동 사용 여부를 확인합니다.,태그 존재만으로 입력을 정상값1로 고정하거나 주팬 고장 원인으로 단정하지 않습니다.,도면 시각 확인 / 현장 미확인
FN02,기동 명령,A2.3,%Q2.3 / start fn02,43,A2.3 (FG138/1) → XS:27 → 42QS1 보조접점 → XS:28 → 42QM1 보조접점 → 43KA1 코일 A1→A2 / 0Vdc10.6,FG42: 단자10(+24V) → 43KA1 접점1→9 → 단자13(DI1). 원본1948의 요청과1796의2초 감시를 연결합니다.,풍량0에 의한 요청 해제와 출력 이후 접점·릴레이 전달 실패를 구분합니다. 전체 설정값 쓰기 순서를 확인합니다.,도면 시각 확인 / 현장 미확인
FN02,운전 응답,E3.0,%I3.0 / fn02_fbk,42,+24Vdc10.7 → 42AS1 단자22 → 단자24 → E3.0 → PLC 입력 참조 FG119/2,원본1796·1948의 내부 FN02 운전 응답을 추적합니다. 물리→DB 전달은 미확정입니다.,도면의 릴레이 전원·신호 측과 PLC 입력을 구간별로 비교합니다. 출력 기능·접점 극성·내부 반전은 현재 설정을 확인합니다.,도면 시각 확인 / 현장 미확인
FN02,인버터 이상,E3.1,%I3.1 / fn02_all_inv,42,+24Vdc10.7 → 42AS1 단자25 → 단자27 → E3.1 → PLC 입력 참조 FG119/2,FN02_INV 래치·요청 해제와 연결합니다.,백업 이름과 도면 ALARM 표시를 대조합니다. 정상 입력값을 가정하지 않고 실제 접점·입력·래치 상태를 각각 기록합니다.,도면 시각 확인 / 현장 미확인
FN02,속도 설정,±PAW306,%QW306 / fn02_sp,42,+PAW306 → 42AS1 단자2(AI1+) → -PAW306 → 단자3(AGND) → 아날로그 출력 참조 FG114/1,풍량 설정·아날로그 출력 변환과 요청 해제를 추적합니다.,"도면의 4–20mA 표기와 실제 입력 모드·스케일을 대조합니다. 요청 설정, 원시 출력, 전기 신호와 인버터 표시를 분리합니다.",도면 시각 확인 / 현장 미확인
FN02,전류 전달,±PEW328,%IW328 / fn02_current,42,42AS1 단자8(AO2) → +PEW328 → 단자9(AGND) → -PEW328 → 아날로그 입력 참조 FG109/1·2,원본1071 Part122: FN02_Current → Inputs.FN02_ABSORPTION.,전류 환산·단위·AO2의 실제 기능과 전체 값 전달을 확인합니다. 도면의 기본 기능만으로 현재 파라미터를 확정하지 않습니다.,도면 시각 확인 / 현장 미확인
FN03,소프트스타터 기동,A3.2,%Q3.2 / start fn03,51,A3.2 (FG139/1) → XS:39 → 51QS1 보조접점 → XS:40 → 51QM1 보조접점 → 51KA1 코일 A1→A2 / 0Vdc10.6 → 51AS1 단자8/9 START ↔ 51KA1 접점1→9,"별도 제어 전원:110Vac9.7 → 51FU1(6A GG10×38) → 51AS1 단자1, 단자2→0Vac9.9. 원본1954의 요청·1801의 감시와 연결합니다.",24V 명령 릴레이와110V 소프트스타터 제어 전원을 분리합니다. 기동 중 RUN/TOR·램프 시간·고장 상태를 구분하고35초 타이머의 두 쓰기 경로를 확인합니다.,도면 시각 확인 / 현장 미확인
FN03,피드백으로 쓰는 TOR,E4.1,%I4.1 / fn03_fbk,51,+24Vdc10.7 → 51AS1 단자3 → TOR 접점 단자5 → E4.1 → FG120/2 PLC 입력 참조,"백업은 feedback motor fn-03, 도면은 TOR입니다. 원본1801·1866의 내부 FN03 Run과 실제 전달·펄스 처리를 확인합니다.",TOR 명칭의 실제 기능과 현재 소프트스타터 설정은 제작사·현장 자료로 확인합니다. 일반 RUN 응답과 같은 발생 시점으로 가정하지 않습니다.,도면 시각 확인 / 현장 미확인
FN03,소프트스타터 이상,E4.2,%I4.2 / fn03_all_softstarter,51,+24Vdc10.7 → 51AS1 단자3 → FAULT 접점 단자6 → E4.2 → FG120/3 PLC 입력 참조,"소프트스타터 고장 입력의 내부 전달, FN03 고장 래치·버너 허가 영향과 연결합니다.",고장 접점의 정상 극성과 리셋 조건을 확인합니다. 인버터 이상 태그로 임의 치환하지 않습니다.,도면 시각 확인 / 현장 미확인
FN06,기동 명령,A3.3,%Q3.3 / start fn06,52,A3.3 (FG139/1) → XS:41 → 52QS1 보조접점 → XS:42 → 52QM1 보조접점 → 52KM1 코일 A1→A2 / 0Vdc10.6,"원본1955의 요청과 RD01 운전 응답 연동,1802의2초 감시를 연결합니다. 고장 내부 이름은Allarm.MBVA01_FAULT입니다.",PLC 요청 해제 원인과 출력 이후 접촉기 기동 실패를 구분합니다. 다른 인버터의 Fault 입력을 임의로 연결하지 않습니다.,도면 시각 확인 / 현장 미확인
FN06,접촉기 응답,E4.3,%I4.3 / fn06_fbk,52,+24Vdc10.7 → 52KM1 보조접점13→14 → E4.3 → FG120/4,원본1802의 내부 Inputs.FeedbackMotor FN-06과 Allarm.MBVA01_FAULT를 추적합니다. 물리→DB 전달은 미확정입니다.,"접촉기 응답, 모터 회전·풍량·기계부 정상 여부를 분리해 관찰합니다.",도면 시각 확인 / 현장 미확인
SC01,기동 명령,A3.4,%Q3.4 / start sc01,53,A3.4 (FG139/1) → XS:43 → 53QS1 보조접점 → XS:44 → 53QM1 보조접점 → 53KM1 코일 A1→A2 / 0Vdc10.6,"원본1956의 SC01 요청·출력과1803의 고장 감시,1843·1844의 자동 요청을 연결합니다.",상위 자동 요청과 실제 출력 이후 접점·접촉기·기계 전달을 나눠 확인합니다. 고장 시 분진 배출과 팬 연동 영향을 기록합니다.,도면 시각 확인 / 현장 미확인
SC01,접촉기 응답,E4.4,%I4.4 / sc01_fbk,53,+24Vdc10.7 → 53KM1 보조접점13→14 → E4.4 → FG120/5,원본1964는 Inputs.FeedbackMotor SC-01을 FN04의90분 지연 정지 조건 중 하나로 읽습니다. 물리 입력의 내부 전달은 미확정입니다.,팬 후속 정지 이전의 최초 SC01 피드백 상실과 스크루 상태를 기록합니다. 경보 시점을 원인 발생 시점으로 대신하지 않습니다.,도면 시각 확인 / 현장 미확인
PV01,게이트 A 밸브 명령,A5.2,%Q5.2 / pv-01 gate a,69,FG141: MOD.15 단자13 / A5.2 → 69KA1 코일A1→A2 / -0Vdc10.6 → 110Vac9.7 → 69KA1 접점1→9 → X1:126 / 2A F(5×20) → EV-01 코일A1 → EV-01 A2 → X1:127 → 0Vac9.9,원본 네트워크 1915는 현장 선택·자동 요청·maintenance의 출력 경로를 포함합니다. 명령은 열림 밸브 구동이며 닫힘 센서와 다른 신호입니다.,24V PLC 명령·릴레이 코일과110Vac 밸브 전원을 구분합니다. 명령/접점/퓨즈/코일/공압·기계 동작/위치 입력을 순서대로 기록합니다. 출력0을 실제 닫힘 완료로 판단하지 않습니다.,도면 시각 확인 / 현장 미확인
PV01,게이트 B 밸브 명령,A5.3,%Q5.3 / pv-01 gate b ev,69,FG141: MOD.15 단자14 / A5.3 → 69KA2 코일A1→A2 / -0Vdc10.6 → 110Vac9.7 → 69KA2 접점1→9 → X1:128 / 2A F(5×20) → EV-02 코일A1 → EV-02 A2 → X1:129 → 0Vac9.9,원본 네트워크 1915는 현장 선택·자동 요청·maintenance의 출력 경로를 포함합니다. 명령은 열림 밸브 구동이며 닫힘 센서와 다른 신호입니다.,24V PLC 명령·릴레이 코일과110Vac 밸브 전원을 구분합니다. 명령/접점/퓨즈/코일/공압·기계 동작/위치 입력을 순서대로 기록합니다. 출력0을 실제 닫힘 완료로 판단하지 않습니다.,도면 시각 확인 / 현장 미확인
PV01,게이트 A 열림 위치,E8.6,%I8.6 / ev01_open,70,+24Vdc10.7 → X1:130 / 2A F(5×20) → LS-01 접점13→14 → X1:131 → E8.6 → FG124: MOD.10 단자7,원본 네트워크 1921는 물리 입력·내부 Inputs와 출력 상태를 이용한 MEM_OPEN/MEM_CLOSE의 Set·Reset을 포함합니다. 처리된 A 열림 이름은 Inputs.FC GATE A OPEN입니다. 입력→내부 전달의 전체 호출은 확인 전입니다.,"원시 센서, 출력 명령, 위치 기억, 처리 입력, 알람을 따로 기록합니다. 도면 접점 형식만으로 설치 상태·정상 위치·입력 반전을 확정하지 않습니다.",도면 시각 확인 / 현장 미확인
PV01,게이트 A 닫힘 위치,E8.7,%I8.7 / ev01_close,70,+24Vdc10.7 → X1:132 / 2A F(5×20) → LS-02 접점13→14 → X1:133 → E8.7 → FG124: MOD.10 단자8,원본 네트워크 1921는 물리 입력·내부 Inputs와 출력 상태를 이용한 MEM_OPEN/MEM_CLOSE의 Set·Reset을 포함합니다. FG124 단자8의 배선에는 SPARE 표시가 있어 기존 PV01-LS02 불일치를 유지합니다.,"원시 센서, 출력 명령, 위치 기억, 처리 입력, 알람을 따로 기록합니다. 도면 접점 형식만으로 설치 상태·정상 위치·입력 반전을 확정하지 않습니다.",도면 시각 확인 / 현장 미확인
PV01,게이트 B 열림 위치,E9.0,%I9.0 / ev02_open,70,+24Vdc10.7 → X1:134 / 2A F(5×20) → LS-05 접점13→14 → X1:135 → E9.0 → FG125: MOD.10 단자11,원본 네트워크 1922는 물리 입력·내부 Inputs와 출력 상태를 이용한 MEM_OPEN/MEM_CLOSE의 Set·Reset을 포함합니다. 원본의 False 접점이 들어간 가지와 실제 입력·처리 입력을 구분합니다.,"원시 센서, 출력 명령, 위치 기억, 처리 입력, 알람을 따로 기록합니다. 도면 접점 형식만으로 설치 상태·정상 위치·입력 반전을 확정하지 않습니다.",도면 시각 확인 / 현장 미확인
PV01,게이트 B 닫힘 위치,E9.1,%I9.1 / ev02_close,70,+24Vdc10.7 → X1:136 / 2A F(5×20) → LS-06 접점13→14 → X1:137 → E9.1 → FG125: MOD.10 단자12,원본 네트워크 1922는 물리 입력·내부 Inputs와 출력 상태를 이용한 MEM_OPEN/MEM_CLOSE의 Set·Reset을 포함합니다. 출력0과 닫힘 응답·기억은 별도 상태입니다.,"원시 센서, 출력 명령, 위치 기억, 처리 입력, 알람을 따로 기록합니다. 도면 접점 형식만으로 설치 상태·정상 위치·입력 반전을 확정하지 않습니다.",도면 시각 확인 / 현장 미확인
PV01,현장 게이트 A 선택,E9.2,%I9.2 / ev01_sel_open,70,+24Vdc10.7 → X1:138 / 2A F(5×20) → 70SB1 PB 접점13→14 → 70SA1 게이트A 선택 접점 → X1:139 → E9.2 → FG125: MOD.10 단자13,원본 네트워크 1914는 해당 선택 입력을 Open EV A 00 요청으로 전달합니다. 최종 밸브 명령은 별도 네트워크입니다.,선택 신호는 위치 센서나 PLC 자동 운전 허가가 아닙니다. PB·선택기·PLC 입력·현장 요청·출력의 전달을 분리합니다.,도면 시각 확인 / 현장 미확인
PV01,현장 게이트 B 선택,E9.3,%I9.3 / ev02_sel_open,70,+24Vdc10.7 → X1:138 / 2A F(5×20) → 70SB1 PB 접점13→14 → 70SA1 게이트B 선택 접점 → X1:140 → E9.3 → FG125: MOD.10 단자14,원본 네트워크 1914는 해당 선택 입력을 Open EV B 00 요청으로 전달합니다. 최종 밸브 명령은 별도 네트워크입니다.,선택 신호는 위치 센서나 PLC 자동 운전 허가가 아닙니다. PB·선택기·PLC 입력·현장 요청·출력의 전달을 분리합니다.,도면 시각 확인 / 현장 미확인
PV02,게이트 A 밸브 명령,A5.4,%Q5.4 / pv-02 gate a ev,71,FG141: MOD.15 단자15 / A5.4 → 71KA1 코일A1→A2 / -0Vdc10.6 → 110Vac9.7 → 71KA1 접점1→9 → X1:141 / 2A F(5×20) → EV-04 코일A1 → EV-04 A2 → X1:142 → 0Vac9.9,원본 네트워크 1920는 현장 선택·자동 요청·maintenance의 출력 경로를 포함합니다. 명령은 열림 밸브 구동이며 닫힘 센서와 다른 신호입니다.,24V PLC 명령·릴레이 코일과110Vac 밸브 전원을 구분합니다. 명령/접점/퓨즈/코일/공압·기계 동작/위치 입력을 순서대로 기록합니다. 출력0을 실제 닫힘 완료로 판단하지 않습니다.,도면 시각 확인 / 현장 미확인
PV02,게이트 B 밸브 명령,A5.5,%Q5.5 / pv-02 gate b ev,71,FG141: MOD.15 단자16 / A5.5 → 71KA2 코일A1→A2 / -0Vdc10.6 → 110Vac9.7 → 71KA2 접점1→9 → X1:143 / 2A F(5×20) → EV-05 코일A1 → EV-05 A2 → X1:144 → 0Vac9.9,원본 네트워크 1920는 현장 선택·자동 요청·maintenance의 출력 경로를 포함합니다. 명령은 열림 밸브 구동이며 닫힘 센서와 다른 신호입니다.,24V PLC 명령·릴레이 코일과110Vac 밸브 전원을 구분합니다. 명령/접점/퓨즈/코일/공압·기계 동작/위치 입력을 순서대로 기록합니다. 출력0을 실제 닫힘 완료로 판단하지 않습니다.,도면 시각 확인 / 현장 미확인
PV02,게이트 A 열림 위치,E9.4,%I9.4 / ev04_open,72,+24Vdc10.7 → X1:145 / 2A F(5×20) → LS-25 접점13→14 → X1:146 → E9.4 → FG125: MOD.10 단자15,원본 네트워크 1923는 물리 입력·내부 Inputs와 출력 상태를 이용한 MEM_OPEN/MEM_CLOSE의 Set·Reset을 포함합니다. 물리·Inputs 두 가지를 기억 Set 조건에서 확인합니다.,"원시 센서, 출력 명령, 위치 기억, 처리 입력, 알람을 따로 기록합니다. 도면 접점 형식만으로 설치 상태·정상 위치·입력 반전을 확정하지 않습니다.",도면 시각 확인 / 현장 미확인
PV02,게이트 A 닫힘 위치,E9.5,%I9.5 / ev04_close,72,+24Vdc10.7 → X1:147 / 2A F(5×20) → LS-26 접점13→14 → X1:148 → E9.5 → FG125: MOD.10 단자16,원본 네트워크 1923는 물리 입력·내부 Inputs와 출력 상태를 이용한 MEM_OPEN/MEM_CLOSE의 Set·Reset을 포함합니다. 실제 닫힘과 명령 해제를 구분합니다.,"원시 센서, 출력 명령, 위치 기억, 처리 입력, 알람을 따로 기록합니다. 도면 접점 형식만으로 설치 상태·정상 위치·입력 반전을 확정하지 않습니다.",도면 시각 확인 / 현장 미확인
PV02,게이트 B 열림 위치,E9.6,%I9.6 / ev05_open,72,+24Vdc10.7 → X1:149 / 2A F(5×20) → LS-29 접점13→14 → X1:150 → E9.6 → FG125: MOD.10 단자17,원본 네트워크 1924는 물리 입력·내부 Inputs와 출력 상태를 이용한 MEM_OPEN/MEM_CLOSE의 Set·Reset을 포함합니다. 다음 단계 전환과 B 열림 기억을 함께 기록합니다.,"원시 센서, 출력 명령, 위치 기억, 처리 입력, 알람을 따로 기록합니다. 도면 접점 형식만으로 설치 상태·정상 위치·입력 반전을 확정하지 않습니다.",도면 시각 확인 / 현장 미확인
PV02,게이트 B 닫힘 위치,E9.7,%I9.7 / ev05_close,72,+24Vdc10.7 → X1:151 / 2A F(5×20) → LS-30 접점13→14 → X1:152 → E9.7 → FG125: MOD.10 단자18,원본 네트워크 1924는 물리 입력·내부 Inputs와 출력 상태를 이용한 MEM_OPEN/MEM_CLOSE의 Set·Reset을 포함합니다. 실제 닫힘과 명령 해제를 구분합니다.,"원시 센서, 출력 명령, 위치 기억, 처리 입력, 알람을 따로 기록합니다. 도면 접점 형식만으로 설치 상태·정상 위치·입력 반전을 확정하지 않습니다.",도면 시각 확인 / 현장 미확인
PV02,현장 게이트 A 선택,E10.0,%I10.0 / selector op gate a pv-02,72,+24Vdc10.7 → X1:153 / 2A F(5×20) → 72SB1 PB 접점13→14 → 72SA1 게이트A 선택 접점 → X1:154 → E10.0 → FG126: MOD.10 단자21,원본 네트워크 1919는 해당 선택 입력을 Open EV A 00 요청으로 전달합니다. 최종 밸브 명령은 별도 네트워크입니다.,선택 신호는 위치 센서나 PLC 자동 운전 허가가 아닙니다. PB·선택기·PLC 입력·현장 요청·출력의 전달을 분리합니다.,도면 시각 확인 / 현장 미확인
PV02,현장 게이트 B 선택,E10.1,%I10.1 / selector op gate b pv-02,72,+24Vdc10.7 → X1:153 / 2A F(5×20) → 72SB1 PB 접점13→14 → 72SA1 게이트B 선택 접점 → X1:155 → E10.1 → FG126: MOD.10 단자22,원본 네트워크 1919는 해당 선택 입력을 Open EV B 00 요청으로 전달합니다. 최종 밸브 명령은 별도 네트워크입니다.,선택 신호는 위치 센서나 PLC 자동 운전 허가가 아닙니다. PB·선택기·PLC 입력·현장 요청·출력의 전달을 분리합니다.,도면 시각 확인 / 현장 미확인
MV01,열기 방향 명령,A2.4,%Q2.4 / start open mv-01,44,A2.4 → 반대 방향 44KM2 NC 접점31→32 → 44KM1 코일A1→A2 → 공통 반환선 → 44QM1 보조접점 → XS:29 → 44QS1 보조접점 → XS:30 → -0Vdc10.6,원본1702의 모드·반대 출력·리미트·고장·교정 조건과 연결합니다. PLC 조건과 하드웨어 반대 접촉기 인터록을 따로 추적합니다.,출력1인데 접촉기가 붙지 않으면 반대 방향 접점과 공통 반환선을 나눠 확인합니다. 접촉기 동작·전력 전달·모터 회전·밸브 이동·위치 입력을 구분합니다.,도면 시각 확인 / 현장 미확인
MV01,닫기 방향 명령,A2.5,%Q2.5 / start close mv-01,44,A2.5 → 반대 방향 44KM1 NC 접점31→32 → 44KM2 코일A1→A2 → 공통 반환선 → 44QM1 보조접점 → XS:29 → 44QS1 보조접점 → XS:30 → -0Vdc10.6,원본1702의 모드·반대 출력·리미트·고장·교정 조건과 연결합니다. PLC 조건과 하드웨어 반대 접촉기 인터록을 따로 추적합니다.,출력1인데 접촉기가 붙지 않으면 반대 방향 접점과 공통 반환선을 나눠 확인합니다. 접촉기 동작·전력 전달·모터 회전·밸브 이동·위치 입력을 구분합니다.,도면 시각 확인 / 현장 미확인
MV01,열기 접촉기 응답,E3.2,%I3.2 / mv01_fbk_opening,44,+24Vdc10.7 → 44KM1 보조접점13→14 → E3.2 → 해당 PLC 입력 모듈 참조,방향 접촉기 보조접점 응답입니다. 실제 개도와 끝단 도달은 별도 리미트·엔코더로 확인합니다.,접촉기 응답이1이어도 커플링·감속기·밸브 이동 또는 끝단 위치가 정상이라는 뜻은 아닙니다.,도면 시각 확인 / 현장 미확인
MV01,닫기 접촉기 응답,E3.3,%I3.3 / mv01_fbk_closing,44,+24Vdc10.7 → 44KM2 보조접점13→14 → E3.3 → 해당 PLC 입력 모듈 참조,방향 접촉기 보조접점 응답입니다. 실제 개도와 끝단 도달은 별도 리미트·엔코더로 확인합니다.,접촉기 응답이1이어도 커플링·감속기·밸브 이동 또는 끝단 위치가 정상이라는 뜻은 아닙니다.,도면 시각 확인 / 현장 미확인
MV01,열림 끝단 위치,E8.1,%I8.1 / mv01_open,45,+24Vdc10.7 → X1:112 / 2A F(5×20) → LS-23 접점11→12 → X1:113 → E8.1,원본 제어·고장 네트워크의 내부 리미트와 물리 입력의 전체 전달·반전은 추가 확인합니다.,이 도면의 위치 접점11/12와 PV 게이트의13/14를 구분합니다. 정상 상태·단선 반응·내부 반전은 실물과 프로그램을 함께 확인합니다.,도면 시각 확인 / 현장 미확인
MV01,닫힘 끝단 위치,E8.2,%I8.2 / mv01_close,45,+24Vdc10.7 → X1:114 / 2A F(5×20) → LS-24 접점11→12 → X1:115 → E8.2,원본 제어·고장 네트워크의 내부 리미트와 물리 입력의 전체 전달·반전은 추가 확인합니다.,이 도면의 위치 접점11/12와 PV 게이트의13/14를 구분합니다. 정상 상태·단선 반응·내부 반전은 실물과 프로그램을 함께 확인합니다.,도면 시각 확인 / 현장 미확인
MV01,엔코더 위치 채널 · 주소 미확정,45.1,주소·채널 오프셋 미확정,45,ZT-02 B(+24V) → X1:107 → 37.1 → FG144 단자9(24VDC) → ZT-02 C(0V) → X1:108 → 37.2 → FG144 단자10(M) → ZT-02 D → X1:109 → 45.1 → FG144 단자1 CH0.A → ZT-02 E → X1:110 → 45.2 → FG144 단자2 CH0.B → 실드 → X1:111 → 45SCH1 / FG144 실드·접지 표시 → FG144: MOD.16. CH0.N 단자3 연결은 이 도면에 표시되지 않음,엔코더 읽기·교정·환산 원본을 연결합니다. 주변 E20/21/22의 SPARE 비트는 카운트값 주소가 아닙니다. 실제 TM 구성·채널 주소·DB 대응은 미확정입니다.,엔코더 A/B 위상·분해능·방향·기계 기준·카운트 스케일을 임의로 정하지 않습니다. 리미트 입력·방향 접촉기 응답·엔코더 원시값·환산 개도를 함께 기록합니다.,도면 시각 확인 / 현장 미확인
MV03,열기 방향 명령,A1.7,%Q1.7 / start open mv03,38,A1.7 → 반대 방향 38KM2 NC 접점31→32 → 38KM1 코일A1→A2 → 공통 반환선 → 38QM1 보조접점 → XS:25 → 38QS1 보조접점 → XS:26 → -0Vdc10.6,원본1706의 모드·반대 출력·리미트·고장·교정 조건과 연결합니다. PLC 조건과 하드웨어 반대 접촉기 인터록을 따로 추적합니다.,출력1인데 접촉기가 붙지 않으면 반대 방향 접점과 공통 반환선을 나눠 확인합니다. 접촉기 동작·전력 전달·모터 회전·밸브 이동·위치 입력을 구분합니다.,도면 시각 확인 / 현장 미확인
MV03,닫기 방향 명령,A2.0,%Q2.0 / start close mv03,38,A2.0 → 반대 방향 38KM1 NC 접점31→32 → 38KM2 코일A1→A2 → 공통 반환선 → 38QM1 보조접점 → XS:25 → 38QS1 보조접점 → XS:26 → -0Vdc10.6,원본1706의 모드·반대 출력·리미트·고장·교정 조건과 연결합니다. PLC 조건과 하드웨어 반대 접촉기 인터록을 따로 추적합니다.,출력1인데 접촉기가 붙지 않으면 반대 방향 접점과 공통 반환선을 나눠 확인합니다. 접촉기 동작·전력 전달·모터 회전·밸브 이동·위치 입력을 구분합니다.,도면 시각 확인 / 현장 미확인
MV03,열기 접촉기 응답,E2.4,%I2.4 / mv03_fbk_opening,38,+24Vdc10.7 → 38KM1 보조접점13→14 → E2.4 → 해당 PLC 입력 모듈 참조,방향 접촉기 보조접점 응답입니다. 실제 개도와 끝단 도달은 별도 리미트·엔코더로 확인합니다.,접촉기 응답이1이어도 커플링·감속기·밸브 이동 또는 끝단 위치가 정상이라는 뜻은 아닙니다.,도면 시각 확인 / 현장 미확인
MV03,닫기 접촉기 응답,E2.5,%I2.5 / mv03_fbk_closing,38,+24Vdc10.7 → 38KM2 보조접점13→14 → E2.5 → 해당 PLC 입력 모듈 참조,방향 접촉기 보조접점 응답입니다. 실제 개도와 끝단 도달은 별도 리미트·엔코더로 확인합니다.,접촉기 응답이1이어도 커플링·감속기·밸브 이동 또는 끝단 위치가 정상이라는 뜻은 아닙니다.,도면 시각 확인 / 현장 미확인
MV03,열림 끝단 위치,E7.5,%I7.5 / mv03_open,39,+24Vdc10.7 → X1:90 / 2A F(5×20) → LS-19 접점11→12 → X1:91 → E7.5,원본1070 Part147/151은 MV03_Open/Close를 NOT 처리해 Inputs.MV03 open/Close로 씁니다. 현재 호출·다른 쓰기는 확인 전입니다.,이 도면의 위치 접점11/12와 PV 게이트의13/14를 구분합니다. 정상 상태·단선 반응·내부 반전은 실물과 프로그램을 함께 확인합니다.,도면 시각 확인 / 현장 미확인
MV03,닫힘 끝단 위치,E7.6,%I7.6 / mv03_close,39,+24Vdc10.7 → X1:92 / 2A F(5×20) → LS-20 접점11→12 → X1:93 → E7.6,원본1070 Part147/151은 MV03_Open/Close를 NOT 처리해 Inputs.MV03 open/Close로 씁니다. 현재 호출·다른 쓰기는 확인 전입니다.,이 도면의 위치 접점11/12와 PV 게이트의13/14를 구분합니다. 정상 상태·단선 반응·내부 반전은 실물과 프로그램을 함께 확인합니다.,도면 시각 확인 / 현장 미확인
MV03,엔코더 위치 채널 · 주소 미확정,39.1,주소·채널 오프셋 미확정,39,ZT-04 B(+24V) → X1:85 → 35.1 → FG146 단자9(24VDC) → ZT-04 C(0V) → X1:86 → 35.2 → FG146 단자10(M) → ZT-04 D → X1:87 → 39.1 → FG146 단자1 CH0.A → ZT-04 E → X1:88 → 39.2 → FG146 단자2 CH0.B → 실드 → X1:89 → 39SCH1 / FG146 실드·접지 표시 → FG146: MOD.17. CH0.N 단자3 연결은 이 도면에 표시되지 않음,엔코더 읽기·교정·환산 원본을 연결합니다. 주변 E20/21/22의 SPARE 비트는 카운트값 주소가 아닙니다. 실제 TM 구성·채널 주소·DB 대응은 미확정입니다.,엔코더 A/B 위상·분해능·방향·기계 기준·카운트 스케일을 임의로 정하지 않습니다. 리미트 입력·방향 접촉기 응답·엔코더 원시값·환산 개도를 함께 기록합니다.,도면 시각 확인 / 현장 미확인
MV06,MV02·MV05·MV06 공통 인버터 기동,A1.0,%Q1.0 / start aux inv,31,A1.0 → 30QM1 보조접점 → 31KA1 코일A1→A2 / -0Vdc10.6 → FG30: 30AS1 단자9(+24V) → 31KA1 접점1→9 → 단자12(DI1 START) → 30AS1 출력 U2/V2/W2 → 30U1/30V1/30W1 → 각 댐퍼 분기,공통 인버터 기동으로 MV06 단독 열기/닫기 명령을 대신하지 않습니다. MV02·MV05도 같은 전원 계통입니다.,공통 인버터 전원·명령·응답·고장과 개별 방향 접촉기·모터를 나눠 확인합니다. MV06 한 장치 이름으로 공통 인버터를 병합하지 않습니다.,도면 시각 확인 / 현장 미확인
MV06,공통 인버터 응답 · 백업 power_ok,E1.4,%I1.4 / mv02_05_06_power_ok,30,+24Vdc10.7 → 30AS1 단자17 → 도면 RUNNING 단자19 → E1.4 → FG117/5,"도면은 RUNNING, 백업은 mv02_05_06_power_ok입니다. 공통 계통의 신호 의미와 내부 전달을 확인합니다.",이 응답을 MV06 개도·방향 접촉기 또는 세 모터의 개별 정상 응답으로 쓰지 않습니다.,도면 시각 확인 / 현장 미확인
MV06,공통 인버터 이상,E1.5,%I1.5 / mv02_05_06_inv_all,30,+24Vdc10.7 → 30AS1 단자20 → 도면 ALARM 단자21 → E1.5 → FG117/5,MV02·MV05·MV06 공통 이상 신호입니다. 현재 알람 극성·내부 반전·장치별 래치 영향은 추가 확인합니다.,공통 인버터 이상과 개별 접촉기·리미트·엔코더 고장을 구분합니다. 세 장치의 후속 정지·최초 원인을 함께 기록합니다.,도면 시각 확인 / 현장 미확인
MV06,열기 방향 명령,A1.1,%Q1.1 / open mv06,32,A1.1 → 반대 방향 32KM2 NC 접점31→32 → 32KM1 코일A1→A2 → 공통 반환선 → 32QM1 보조접점 → XS:19 → 32QS1 보조접점 → XS:20 → -0Vdc10.6,원본1711의 모드·반대 출력·리미트·고장·교정 조건과 연결합니다. PLC 조건과 하드웨어 반대 접촉기 인터록을 따로 추적합니다.,출력1인데 접촉기가 붙지 않으면 반대 방향 접점과 공통 반환선을 나눠 확인합니다. 접촉기 동작·전력 전달·모터 회전·밸브 이동·위치 입력을 구분합니다.,도면 시각 확인 / 현장 미확인
MV06,닫기 방향 명령,A1.2,%Q1.2 / close mv06,32,A1.2 → 반대 방향 32KM1 NC 접점31→32 → 32KM2 코일A1→A2 → 공통 반환선 → 32QM1 보조접점 → XS:19 → 32QS1 보조접점 → XS:20 → -0Vdc10.6,원본1711의 모드·반대 출력·리미트·고장·교정 조건과 연결합니다. PLC 조건과 하드웨어 반대 접촉기 인터록을 따로 추적합니다.,출력1인데 접촉기가 붙지 않으면 반대 방향 접점과 공통 반환선을 나눠 확인합니다. 접촉기 동작·전력 전달·모터 회전·밸브 이동·위치 입력을 구분합니다.,도면 시각 확인 / 현장 미확인
MV06,열기 접촉기 응답,E1.6,%I1.6 / mv06_fbk_opening,32,+24Vdc10.7 → 32KM1 보조접점13→14 → E1.6 → 해당 PLC 입력 모듈 참조,방향 접촉기 보조접점 응답입니다. 실제 개도와 끝단 도달은 별도 리미트·엔코더로 확인합니다.,접촉기 응답이1이어도 커플링·감속기·밸브 이동 또는 끝단 위치가 정상이라는 뜻은 아닙니다.,도면 시각 확인 / 현장 미확인
MV06,닫기 접촉기 응답,E1.7,%I1.7 / mv06_fbk_closing,32,+24Vdc10.7 → 32KM2 보조접점13→14 → E1.7 → 해당 PLC 입력 모듈 참조,방향 접촉기 보조접점 응답입니다. 실제 개도와 끝단 도달은 별도 리미트·엔코더로 확인합니다.,접촉기 응답이1이어도 커플링·감속기·밸브 이동 또는 끝단 위치가 정상이라는 뜻은 아닙니다.,도면 시각 확인 / 현장 미확인
MV06,열림 끝단 위치,E6.7,%I6.7 / mv06_open,33,+24Vdc10.7 → X1:63 / 2A F(5×20) → LS-40 접점11→12 → X1:64 → E6.7,원본 제어·고장 네트워크의 내부 리미트와 물리 입력의 전체 전달·반전은 추가 확인합니다.,이 도면의 위치 접점11/12와 PV 게이트의13/14를 구분합니다. 정상 상태·단선 반응·내부 반전은 실물과 프로그램을 함께 확인합니다.,도면 시각 확인 / 현장 미확인
MV06,닫힘 끝단 위치,E7.0,%I7.0 / mv06_close,33,+24Vdc10.7 → X1:65 / 2A F(5×20) → LS-41 접점11→12 → X1:66 → E7.0,원본 제어·고장 네트워크의 내부 리미트와 물리 입력의 전체 전달·반전은 추가 확인합니다.,이 도면의 위치 접점11/12와 PV 게이트의13/14를 구분합니다. 정상 상태·단선 반응·내부 반전은 실물과 프로그램을 함께 확인합니다.,도면 시각 확인 / 현장 미확인
MV06,엔코더 위치 채널 · 주소 미확정,33.3,주소·채널 오프셋 미확정,33,ZT-06 B(+24V) → X1:58 → 33.1 → FG148 단자9(24VDC) → ZT-06 C(0V) → X1:59 → 33.2 → FG148 단자10(M) → ZT-06 D → X1:60 → 33.3 → FG148 단자1 CH0.A → ZT-06 E → X1:61 → 33.4 → FG148 단자2 CH0.B → 실드 → X1:62 → 33SCH1 / FG148 실드·접지 표시 → FG148: MOD.18. CH0.N 단자3 연결은 이 도면에 표시되지 않음,엔코더 읽기·교정·환산 원본을 연결합니다. 주변 E20/21/22의 SPARE 비트는 카운트값 주소가 아닙니다. 실제 TM 구성·채널 주소·DB 대응은 미확정입니다.,엔코더 A/B 위상·분해능·방향·기계 기준·카운트 스케일을 임의로 정하지 않습니다. 리미트 입력·방향 접촉기 응답·엔코더 원시값·환산 개도를 함께 기록합니다.,도면 시각 확인 / 현장 미확인
BR01,버너 ON,E17.0,%I17.0 / burner on,97,+24Vdc10.7 → X1:372 / 2A F(5×20) → 버너 전용반 X/6/2 → KA40 접점 → X/6/3 → X1:373 → E17.0 → FG133 MOD.12 단자11,원본1854·1865·1866·1868 등 버너 제어와 관련 원시/Inputs/알람의 전체 전달을 확인합니다. 도면 접점명과 PLC 이름을 별도로 기록합니다.,버너반의 상태 접점과 GME 내부 처리·기억·명령을 구분합니다. 이 접점만으로 전체 연소 상태·안전 시퀀스 완료를 판단하지 않습니다. 단자·신호의 현재 극성·역할은 버너 전용도면010-390과 대조합니다.,도면 시각 확인 / 현장 미확인
BR01,버너 LOCKOUT,E17.1,%I17.1 / brurner lock out,97,+24Vdc10.7 → X1:374 / 2A F(5×20) → 버너 전용반 X/6/5 → KA41 접점 → X/6/6 → X1:375 → E17.1 → FG133 MOD.12 단자12,원본1854·1865·1866·1868 등 버너 제어와 관련 원시/Inputs/알람의 전체 전달을 확인합니다. 도면 접점명과 PLC 이름을 별도로 기록합니다.,버너반의 상태 접점과 GME 내부 처리·기억·명령을 구분합니다. 이 접점만으로 전체 연소 상태·안전 시퀀스 완료를 판단하지 않습니다. 단자·신호의 현재 극성·역할은 버너 전용도면010-390과 대조합니다.,도면 시각 확인 / 현장 미확인
BR01,버너 IN MODULATION,E17.2,%I17.2 / burner on and ok,97,+24Vdc10.7 → X1:376 / 2A F(5×20) → 버너 전용반 X/6/8 → KA41 접점 → X/6/9 → X1:377 → E17.2 → FG133 MOD.12 단자13,원본1854·1865·1866·1868 등 버너 제어와 관련 원시/Inputs/알람의 전체 전달을 확인합니다. 도면 접점명과 PLC 이름을 별도로 기록합니다.,버너반의 상태 접점과 GME 내부 처리·기억·명령을 구분합니다. 이 접점만으로 전체 연소 상태·안전 시퀀스 완료를 판단하지 않습니다. 단자·신호의 현재 극성·역할은 버너 전용도면010-390과 대조합니다.,도면 시각 확인 / 현장 미확인
BR01,가스 최소 압력 접점,E17.3,%I17.3 / min pressure gas,97,+24Vdc10.7 → X1:378 / 2A F(5×20) → 버너 전용반 X/6/11 → KA20 접점 → X/6/12 → X1:379 → E17.3 → FG133 MOD.12 단자14,원본1854·1865·1866·1868 등 버너 제어와 관련 원시/Inputs/알람의 전체 전달을 확인합니다. 도면 접점명과 PLC 이름을 별도로 기록합니다.,압력 접점은 아날로그 압력값·유량값과 다른 신호입니다. 단자·신호의 현재 극성·역할은 버너 전용도면010-390과 대조합니다.,도면 시각 확인 / 현장 미확인
BR01,가스 최대 압력 접점,E17.4,%I17.4 / max pressure gas,97,+24Vdc10.7 → X1:380 / 2A F(5×20) → 버너 전용반 X/6/14 → KA21 접점 → X/6/15 → X1:381 → E17.4 → FG133 MOD.12 단자15,원본1854·1865·1866·1868 등 버너 제어와 관련 원시/Inputs/알람의 전체 전달을 확인합니다. 도면 접점명과 PLC 이름을 별도로 기록합니다.,압력 접점은 아날로그 압력값·유량값과 다른 신호입니다. 단자·신호의 현재 극성·역할은 버너 전용도면010-390과 대조합니다.,도면 시각 확인 / 현장 미확인
BR01,공기 최소 압력 접점,E17.5,%I17.5 / min pressure air,97,+24Vdc10.7 → X1:382 / 2A F(5×20) → 버너 전용반 X/6/17 → KA30 접점 → X/6/18 → X1:383 → E17.5 → FG133 MOD.12 단자16,원본1854·1865·1866·1868 등 버너 제어와 관련 원시/Inputs/알람의 전체 전달을 확인합니다. 도면 접점명과 PLC 이름을 별도로 기록합니다.,압력 접점은 아날로그 압력값·유량값과 다른 신호입니다. 단자·신호의 현재 극성·역할은 버너 전용도면010-390과 대조합니다.,도면 시각 확인 / 현장 미확인
BR01,공기 최대 압력 접점,E17.6,%I17.6 / max pressure air,98,+24Vdc10.7 → X1:384 / 2A F(5×20) → 버너 전용반 X/6/20 → KA31 접점 → X/6/21 → X1:385 → E17.6 → FG133 MOD.12 단자17,원본1854·1865·1866·1868 등 버너 제어와 관련 원시/Inputs/알람의 전체 전달을 확인합니다. 도면 접점명과 PLC 이름을 별도로 기록합니다.,압력 접점은 아날로그 압력값·유량값과 다른 신호입니다. 단자·신호의 현재 극성·역할은 버너 전용도면010-390과 대조합니다.,도면 시각 확인 / 현장 미확인
BR01,고화염 가스 밸브 삽입 응답,E17.7,%I17.7 / high flame gas,98,+24Vdc10.7 → X1:386 / 2A F(5×20) → 버너 전용반 X/6/23 → KA50 접점 → X/6/24 → X1:387 → E17.7 → FG133 MOD.12 단자18,원본1854·1865·1866·1868 등 버너 제어와 관련 원시/Inputs/알람의 전체 전달을 확인합니다. 도면 접점명과 PLC 이름을 별도로 기록합니다.,버너반의 상태 접점과 GME 내부 처리·기억·명령을 구분합니다. 이 접점만으로 전체 연소 상태·안전 시퀀스 완료를 판단하지 않습니다. 단자·신호의 현재 극성·역할은 버너 전용도면010-390과 대조합니다.,도면 시각 확인 / 현장 미확인
BR01,원격 START/STOP,A6.5,%Q6.5 / rem. start/stop burner,99,A6.5 → 99KA1 코일A1→A2 / -0Vdc10.6 → 버너측 X/220V → X1:388 → 99KA1 접점1→9 → X1:389 → X/1/7,원본1866의 명령·래치·시간 조건과 연결합니다. 릴레이 코일 전원과 버너측 접점 회로의 전원은 별도입니다.,PLC 요청을 전용 연소 제어기 시퀀스 완료 또는 화염 확인으로 해석하지 않습니다. 현재 외부 인터록 기능·전압·허가를 전용도면에서 확인합니다.,도면 시각 확인 / 현장 미확인
BR01,최대 필터 온도 인터록,A6.6,%Q6.6 / temperature interlock ok,99,A6.6 → 99KA2 코일A1→A2 / -0Vdc10.6 → 버너측 X/1/2 → X1:390 → 99KA2 접점1→9 → X1:391 → X/1/4,원본1856의 명령·래치·시간 조건과 연결합니다. 릴레이 코일 전원과 버너측 접점 회로의 전원은 별도입니다.,PLC 요청을 전용 연소 제어기 시퀀스 완료 또는 화염 확인으로 해석하지 않습니다. 현재 외부 인터록 기능·전압·허가를 전용도면에서 확인합니다.,도면 시각 확인 / 현장 미확인
BR01,버너 알람 리셋,A6.7,%Q6.7 / rst allarm burner,99,A6.7 → 99KA3 코일A1→A2 / -0Vdc10.6 → 버너측 X/220V → X1:392 → 99KA3 접점1→9 → X1:393 → X/1/10,원본1854의 명령·래치·시간 조건과 연결합니다. 릴레이 코일 전원과 버너측 접점 회로의 전원은 별도입니다.,PLC 요청을 전용 연소 제어기 시퀀스 완료 또는 화염 확인으로 해석하지 않습니다. 현재 외부 인터록 기능·전압·허가를 전용도면에서 확인합니다.,도면 시각 확인 / 현장 미확인
BR01,고화염 기동 요청,A7.0,%Q7.0 / start high flame,99,A7.0 → 99KA4 코일A1→A2 / -0Vdc10.6 → 버너측 X/5/11 → X1:394 → 99KA4 접점1→9 → X1:395 → X/5/13,원본1862의 명령·래치·시간 조건과 연결합니다. 릴레이 코일 전원과 버너측 접점 회로의 전원은 별도입니다.,PLC 요청을 전용 연소 제어기 시퀀스 완료 또는 화염 확인으로 해석하지 않습니다. 현재 외부 인터록 기능·전압·허가를 전용도면에서 확인합니다.,도면 시각 확인 / 현장 미확인
BR01,강제 점화 전환 접점,A7.1,%Q7.1 / foced spark,99,A7.1 → 99KA5 코일A1→A2 / -0Vdc10.6 → 버너 X/5/2 → X1:396 → 99KA5 단자1 → 버너 X/220V → X1:397 → 99KA5 단자5 → 99KA5 단자9 → X1:398 (외부 종착 단자는 이 FG에서 식별되지 않음),원본1863은 Main flame ON 기억과 Tag141을 사용합니다. 도면 제목에는 전환 중3초라고 표시되지만 현재 타이머·전용기능을 별도로 대조합니다.,전환 접점의 역할과 현재 배선은 버너 전용도면을 확인합니다. 일반 PLC의 요청을 점화·가스 안전 시퀀스 전체로 설명하지 않습니다.,도면 시각 확인 / 현장 미확인
BR01,가스 서보 위치 전달,+PEW360,%IW360 / br01_gas,100,버너 X1/2/1 → X1:399 → +PEW360 (FG111/1) → 버너 X1/2/4 → X1:400 → -100.1 (FG111/0) → 실드 X1:402 → 100SCH1,FG100은4–20mA 표기입니다. 원본1752의 변환·설정과 관련 DB/HMI 전달을 대조합니다.,물리 전류 신호·PLC 원시값·변환값·HMI 단위·실제 서보 위치/유량을 구분합니다. 범위·환산·최소 위치·공기/가스 비율은 제작사·현재 파라미터 확인 전입니다.,도면 시각 확인 / 현장 미확인
BR01,가스 서보 설정,+PAW308,%QW308 / br01_gas_sp,100,+PAW308 (FG114/1) → X1:401 → 버너 X1/2/3 → 공통·리턴은 FG111/114와 버너 전용도면에서 대조,FG100은4–20mA 표기입니다. 원본1687의 변환·설정과 관련 DB/HMI 전달을 대조합니다.,물리 전류 신호·PLC 원시값·변환값·HMI 단위·실제 서보 위치/유량을 구분합니다. 범위·환산·최소 위치·공기/가스 비율은 제작사·현재 파라미터 확인 전입니다.,도면 시각 확인 / 현장 미확인
BR01,공기 서보 위치 전달,+PEW362,%IW362 / br01_air,100,버너 X1/3/1 → X1:403 → +PEW362 (FG111/2) → 버너 X1/3/4 → X1:404 → -100.2 (FG111/1) → 실드 X1:406 → 100SCH2,FG100은4–20mA 표기입니다. 원본1753의 변환·설정과 관련 DB/HMI 전달을 대조합니다.,물리 전류 신호·PLC 원시값·변환값·HMI 단위·실제 서보 위치/유량을 구분합니다. 범위·환산·최소 위치·공기/가스 비율은 제작사·현재 파라미터 확인 전입니다.,도면 시각 확인 / 현장 미확인
BR01,공기 서보 설정,+PAW310,%QW310 / br01_air_sp,100,+PAW310 (FG114/1) → X1:405 → 버너 X1/3/3 → 공통·리턴은 FG111/114와 버너 전용도면에서 대조,FG100은4–20mA 표기입니다. 원본1686의 변환·설정과 관련 DB/HMI 전달을 대조합니다.,물리 전류 신호·PLC 원시값·변환값·HMI 단위·실제 서보 위치/유량을 구분합니다. 범위·환산·최소 위치·공기/가스 비율은 제작사·현재 파라미터 확인 전입니다.,도면 시각 확인 / 현장 미확인
BR01,가스 유량 FIT2001,±PEW364,%IW364 / br01_flowmeter_gas,100,버너 X1/7/1 → X1:407 → +PEW364 (FG111/4) → 버너 X1/7/2 → X1:408 → -PEW364 (FG111/4) → 실드 X1:409 → 100SCH3,FG100은4–20mA 표기입니다. 원본1754의 변환·설정과 관련 DB/HMI 전달을 대조합니다.,물리 전류 신호·PLC 원시값·변환값·HMI 단위·실제 서보 위치/유량을 구분합니다. 범위·환산·최소 위치·공기/가스 비율은 제작사·현재 파라미터 확인 전입니다.,도면 시각 확인 / 현장 미확인
BR01,공기 유량 FIT3001,±PEW366,%IW366 / br01_flowmeter_air,100,버너 X1/7/3 → X1:410 → +PEW366 (FG111/5) → 버너 X1/7/4 → X1:411 → -PEW366 (FG111/5) → 실드 X1:412 → 100SCH4,FG100은4–20mA 표기입니다. 원본1755의 변환·설정과 관련 DB/HMI 전달을 대조합니다.,물리 전류 신호·PLC 원시값·변환값·HMI 단위·실제 서보 위치/유량을 구분합니다. 범위·환산·최소 위치·공기/가스 비율은 제작사·현재 파라미터 확인 전입니다.,도면 시각 확인 / 현장 미확인
