설비 ID,HMI 태그,설정 주소,Access Name,내부 ID
BC01,BC_01\RispostaA,"DB11,X0.0",PLC,00328
BC01,BC_01\Flag,"DB2,X0.0",PLC,001B4
BC01,BC_01\Allarme1,"DB11,X0.1",PLC,00038
RD01,RD_01_FAN\Allarme1,"DB11,X4.1",PLC,0044B
RD01,RD_01\Allarme1,"DB11,X2.1",PLC,00449
RD01,Editor_RD01,"DB26,INT12",PLC,00415
RD01,RD_01\RispostaA,"DB11,X2.0",PLC,00327
RD01,RD_01_FAN\RispostaA,"DB11,X4.0",PLC,00326
RD01,RD_01\Flag,"DB2,X0.1",PLC,001B3
RD01,RD_01_FAN\Flag,"DB2,X0.2",PLC,001B2
RD01,I_RD01_ABSORBPTION,"DB13,INT64",PLC,0002C
RD01-FAN,RD_01_FAN\Allarme1,"DB11,X4.1",PLC,0044B
RD01-FAN,RD_01_FAN\RispostaA,"DB11,X4.0",PLC,00326
RD01-FAN,RD_01_FAN\Flag,"DB2,X0.2",PLC,001B2
MC04,MC_04\Allarme1,"DB11,X8.1",PLC,0043A
MC04,MC_04\RispostaA,"DB11,X8.0",PLC,00324
MC04,MC_04\Flag,"DB2,X0.4",PLC,001B0
MC05,MC_05\RispostaA,"DB11,X10.0",PLC,00323
MC05,MC_05\Flag,"DB2,X0.5",PLC,001AF
MC05,MC_05\Allarme1,"DB11,X10.1",PLC,0003F
VS01,VS_01\RispostaA,"DB11,X12.0",PLC,00322
VS01,VS_01\Flag,"DB2,X0.6",PLC,001AE
VS01,VS_01\Allarme1,"DB11,X12.1",PLC,0003D
SC12,SC_12\RispostaA,"DB11,X14.0",PLC,00321
SC12,SC_12\Flag,"DB2,X0.7",PLC,001AD
SC12,SC_12\Allarme1,"DB11,X14.1",PLC,0003B
BR01,RESET_BURNER_COUNT,"DB41,X50.1",PLC,00466
BR01,BR_01\HighFlame,"DB11,X84.0",PLC,00389
BR01,BR_01\BurnerON,"DB11,X84.1",PLC,00387
BR01,BR_01\Flag,"DB2,X5.2",PLC,00386
BR01,BR_01\Auto,"DB2,X4.3",PLC,00385
BR01,Burner_ready,"DB2,X5.1",PLC,00375
BR01,I_BR_01_RETRANSMISSION_AIR,"DB13,INT78",PLC,00035
BR01,I_BR_01_RETRANSMISSION_GAS,"DB13,INT76",PLC,00034
BR01,I_BR_01_MASSFLOWMETER_GAS,"DB13,INT80",PLC,00027
BR01,I_BR_01_MASSFLOWMETER_AIR,"DB13,INT82",PLC,00026
FN01,FN01_Preathing_enable,"DB41,X50.0",PLC,00467
FN01,Editor_FN01,"DB26,INT14",PLC,00414
FN01,FN_01\Allarme1,"DB11,X34.1",PLC,0034A
FN01,FN_01\RispostaA,"DB11,X34.0",PLC,00305
FN01,FN_01\Flag,"DB2,X1.2",PLC,0019D
FN01,I_FN01_ABSORPTION,"DB13,INT66",PLC,0002D
FN02,FN_02\Allarme1,"DB11,X30.1",PLC,0034E
FN02,FN_02\RispostaA,"DB11,X30.0",PLC,00307
FN02,Gain_FN02,"DB150,INT4",PLC,001D4
FN02,TI_FN02,"DB150,D0",PLC,001CF
FN02,FN_02\Flag,"DB2,X1.0",PLC,0019F
FN02,I_FN02_ABSORPTION,"DB13,INT60",PLC,0002A
FN03,FN_03\Allarme1,"DB11,X40.1",PLC,00346
FN03,FN_03\RispostaA,"DB11,X40.0",PLC,001C3
FN03,FN_03\Flag,"DB2,X1.5",PLC,0019B
FN04,FN_04\Allarme1,"DB11,X56.1",PLC,00336
FN04,FN_04\AutoON,"DB2,X9.2",PLC,001D7
FN04,FN_04\RispostaA,"DB11,X56.0",PLC,001BB
FN04,FN_04\Flag,"DB2,X2.4",PLC,00193
FN04,I_FN04_ABSORPTION,"DB13,INT62",PLC,0002B
FN05,FN_05\Allarme1,"DB11,X66.1",PLC,0032C
FN05,FN_05\RispostaA,"DB11,X66.0",PLC,001B6
FN05,FN_05\Flag,"DB2,X3.1",PLC,0018E
FN06,FN_06\Allarme1,"DB11,X42.1",PLC,00344
FN06,FN_06\RispostaA,"DB11,X42.0",PLC,001C2
FN06,FN_06\Flag,"DB2,X3.7",PLC,0019A
CH01,CH_01\Allarme1,"DB11,X38.1",PLC,00348
CH01,CH_01\RispostaA,"DB11,X38.0",PLC,00304
CH01,CH_01\Flag,"DB2,X1.4",PLC,0019C
MV01,RESET_ENC_MV01,"DB41,X50.5",PLC,00464
MV01,MV_01\LimitSwitchOpen,"DB11,X18.3",PLC,00316
MV01,MV_01\LimitSwitchClose,"DB11,X18.4",PLC,00315
MV01,MV_01\Flag_OPEN,"DB2,X3.3",PLC,00314
MV01,MV_01\AutoMan,"DB2,X7.2",PLC,00309
MV01,MV_01\OutputOpen,"DB11,X18.0",PLC,00308
MV01,MV_01\Flag_CLOSE,"DB2,X3.4",PLC,001A7
MV01,MV_01\Allarme1,"DB11,X18.2",PLC,001A6
MV01,MV_01\OutputClose,"DB11,X18.1",PLC,001A0
MV02,MV_02\OutputOpen,"DB11,X20.0",PLC,00350
MV02,MV_02\AutoMan,"DB2,X6.7",PLC,0034F
MV02,MV_02\Allarme1,"DB11,X20.2",PLC,00317
MV02,MV_02\OutputClose,"DB11,X20.1",PLC,0030A
MV02,MV_02\LimitSwitchOpen,"DB11,X20.3",PLC,001A9
MV02,MV_02\LimitSwitchClose,"DB11,X20.4",PLC,001A8
MV02,MV_02\Flag_CLOSE,"DB2,X9.5",PLC,00041
MV02,MV_02\Flag_OPEN,"DB2,X9.6",PLC,00040
MV03,RESET_ENC_MV03,"DB41,X50.6",PLC,00465
MV03,MV_03\LimitSwitchClose,"DB11,X22.4",PLC,0031B
MV03,MV_03\Flag_OPEN,"DB2,X9.7",PLC,0031A
MV03,MV_03\Flag_CLOSE,"DB2,X10.0",PLC,00319
MV03,MV_03\Allarme1,"DB11,X22.2",PLC,00318
MV03,MV_03\AutoMan,"DB2,X7.0",PLC,0030D
MV03,MV_03\OutputOpen,"DB11,X22.0",PLC,0030C
MV03,MV_03\OutputClose,"DB11,X22.1",PLC,001A2
MV03,MV_03\LimitSwitchOpen,"DB11,X22.3",PLC,00043
MV04,I_MV_04_MV18B,"DB13,INT58",PLC,00029
MV04,I_MV_04_M18A,"DB13,INT56",PLC,00028
MV05,MV_05\LimitSwitchOpen,"DB11,X26.3",PLC,0040F
MV05,MV_05\Flag_CLOSE,"DB2,X9.3",PLC,0031F
MV05,MV_05\Allarme1,"DB11,X26.2",PLC,0031E
MV05,MV_05\AutoMan,"DB2,X6.6",PLC,00311
MV05,MV_05\OutputOpen,"DB11,X26.0",PLC,00310
MV05,MV_05\OutputClose,"DB11,X26.1",PLC,001A4
MV05,MV_05\Flag_OPEN,"DB2,X9.4",PLC,00045
MV05,MV_05\LimitSwitchClose,"DB11,X26.4",PLC,00044
MV06,MV_06\Allarme1,"DB11,X28.2",PLC,0040E
MV06,MV_06\Flag_CLOSE,"DB2,X10.6",PLC,0040D
MV06,MV_06\Flag_OPEN,"DB2,X10.5",PLC,0040C
MV06,MV_06\LimitSwitchClose,"DB11,X28.4",PLC,0040B
MV06,MV_06\LimitSwitchOpen,"DB11,X28.3",PLC,0040A
MV06,MV_06\OutputClose,"DB11,X28.1",PLC,00312
MV06,MV_06\AutoMan,"DB2,X6.5",PLC,00047
MV06,MV_06\OutputOpen,"DB11,X28.0",PLC,00046
PV01,PV_01\GateA_Open,"DB11,X76.1",PLC,000B1
PV01,PV_01\Flag,"DB2,X5.0",PLC,000B0
PV01,PV_01\GateA_Close,"DB11,X76.2",PLC,000AF
PV01,PV_01\GateB_Open,"DB11,X76.3",PLC,000AE
PV01,PV_01\GateB_Close,"DB11,X76.4",PLC,000AD
PV01,PV_01\Selector_GateA,"DB11,X76.5",PLC,000AC
PV01,PV_01\Selector_GateB,"DB11,X76.6",PLC,000AB
PV01,PV_01\Allarme1,"DB11,X76.0",PLC,000A9
PV01,AbilitaMaintenance,"DB2,X7.5",PLC,00409
PV01,ResetAlarms,"DB2,X13.4",PLC,002E1
PV02,PV_02\Flag,"DB2,X10.3",PLC,000A8
PV02,PV_02\GateA_Open,"DB11,X78.1",PLC,000A6
PV02,PV_02\GateA_Close,"DB11,X78.2",PLC,000A5
PV02,PV_02\GateB_Open,"DB11,X78.3",PLC,00077
PV02,PV_02\GateB_Close,"DB11,X78.4",PLC,00076
PV02,PV_02\Selector_GateA,"DB11,X78.5",PLC,00075
PV02,PV_02\Selector_GateB,"DB11,X78.6",PLC,00074
PV02,PV_02\Allarme1,"DB11,X78.0",PLC,00073
PV03,PV_03\Flag,"DB2,X11.2",PLC,00072
PV03,PV_03\LS_Open,"DB11,X80.0",PLC,00070
PV03,PV_03\LS_Close,"DB11,X80.1",PLC,0006F
PV03,PV_03\Allarme1,"DB11,X80.3",PLC,0006E
PV03,PV_03\Selector,"DB11,X80.2",PLC,0006D
PV04,PV_04\Flag,"DB2,X4.1",PLC,0006B
PV04,PV_04\LS_Open,"DB11,X82.0",PLC,00069
PV04,PV_04\LS_Close,"DB11,X82.1",PLC,00068
PV04,PV_04\Push_Button,"DB11,X82.2",PLC,00067
PV04,PV_04\Allarme1,"DB11,X82.3",PLC,00066
PV14,PV_14\Flag,"DB2,X13.1",PLC,000B5
PV14,PV_14\LS_Open,"DB11,X74.0",PLC,000B3
PV14,PV_14\LS_Close,"DB11,X74.1",PLC,000B2
VR01,VR_01\Allarme1,"DB11,X32.1",PLC,0034C
VR01,VR_01\RispostaA,"DB11,X32.0",PLC,00306
VR01,VR_01\Flag,"DB2,X1.1",PLC,0019E
VR02,VR_02\RispostaA,"DB11,X36.0",PLC,00440
VR02,VR_02\Flag,"DB2,X1.3",PLC,0043F
VR02,VR_02\Allarme1,"DB11,X36.1",PLC,0043E
VR03,VR_03\Allarme1,"DB11,X58.1",PLC,00334
VR03,VR_03\RispostaA,"DB11,X58.0",PLC,001BA
VR03,VR_03\Flag,"DB2,X2.5",PLC,00192
VR04,VR_04\Allarme1,"DB11,X60.1",PLC,00332
VR04,VR_04\RispostaA,"DB11,X60.0",PLC,001B9
VR04,VR_04\Flag,"DB2,X2.6",PLC,00191
VR05,VR_05\Allarme1,"DB11,X62.1",PLC,00330
VR05,VR_05\RispostaA,"DB11,X62.0",PLC,001B8
VR05,VR_05\Flag,"DB2,X2.7",PLC,00190
VR06,VR_06\Allarme1,"DB11,X64.1",PLC,0032E
VR06,VR_06\RispostaA,"DB11,X64.0",PLC,001B7
VR06,VR_06\Flag,"DB2,X3.0",PLC,0018F
SC01,SC_01\Allarme1,"DB11,X44.1",PLC,00342
SC01,SC_01\RispostaA,"DB11,X44.0",PLC,001C1
SC01,SC_01\Flag,"DB2,X1.6",PLC,00199
SC10,SC_10\Allarme1,"DB11,X52.1",PLC,0033A
SC10,SC_10\RispostaA,"DB11,X52.0",PLC,001BD
SC10,SC_10\Flag,"DB2,X2.2",PLC,00195
SC11,SC_11\Allarme1,"DB11,X54.1",PLC,00338
SC11,SC_11\RispostaA,"DB11,X54.0",PLC,001BC
SC11,SC_11\Flag,"DB2,X2.3",PLC,00194
BF01,BF01_RUN,MX180.3,PLC,00456
BF02,BF02_RUN,MX180.4,PLC,00457
LD01,LD_01_MF\Allarme1,"DB11,X48.1",PLC,0033E
LD01,LD_01_VB\Allarme1,"DB11,X50.1",PLC,0033C
LD01,LD_01_MF\RispostaA,"DB11,X48.0",PLC,001BF
LD01,LD_01_VB\RispostaA,"DB11,X50.0",PLC,001BE
LD01,LD_01_MF\Flag,"DB2,X2.0",PLC,00197
LD01,LD_01_VB\Flag,"DB2,X2.1",PLC,00196
ER01,ER_01\Allarme1,"DB11,X68.1",PLC,0032A
ER01,ER_01\RispostaA,"DB11,X68.0",PLC,001B5
ER01,ER_01\Flag,"DB2,X5.4",PLC,0018D
BWF01,Editor_BWF01,"DB26,INT8",PLC,00417
BWF01,BWF01\Risposta,"DB11,X70.1",PLC,000EC
BWF01,BWF01\StatusOK,"DB11,X70.0",PLC,000EA
BWF01,BWF01\Allarme1,"DB11,X70.2",PLC,000E9
BWF01,BWF01\Flag,"DB2,X12.0",PLC,000E8
BWF01,I_Level_BWF01,"DB13,INT32",PLC,0005D
BWF01,I_Flow_rate_BWF01,"DB13,INT28",PLC,0005C
BWF02,Editor_BWF02,"DB26,INT10",PLC,00416
BWF02,BWF02\Risposta,"DB11,X72.1",PLC,000BA
BWF02,BWF02\StatusOK,"DB11,X72.0",PLC,000B8
BWF02,BWF02\Allarme1,"DB11,X72.2",PLC,000B7
BWF02,BWF02\Flag,"DB2,X12.5",PLC,000B6
BWF02,I_Level_BWF02,"DB13,INT34",PLC,00061
BWF02,I_Flow_rate_BWF02,"DB13,INT30",PLC,0005E
CLIENT-CL02,IMPACTOR_RUN,"DB13,X12.4",PLC,00404
CLIENT-CL19,PRIMARYSHREDDER_RUN,"DB13,X14.2",PLC,003F7
TC01,Editor_TC01,"DB26,INT22",PLC,00412
TC01,I_TC_01,"DB13,INT36",PLC,00060
TC02,I_TC_02,"DB13,INT38",PLC,00062
TC03,Editor_TC03,"DB26,INT20",PLC,00413
TC03,I_TC_03,"DB13,INT40",PLC,00063
TC04,I_TC_04,"DB13,INT24",PLC,00065
TC05,I_TC_05,"DB13,INT26",PLC,0005B
TC06,I_TC_06,"DB13,INT42",PLC,00064
TC07,I_TC_07,"DB13,INT44",PLC,00052
RO01,I_RO_01,"DB13,INT68",PLC,0002E
RO02,I_RO_02,"DB13,INT70",PLC,0002F
RO03,I_RO_03,"DB13,INT72",PLC,00032
RO04,I_RO_04,"DB13,INT74",PLC,00033
PSH01,Editor_PSH01,"DB26,INT16",PLC,00411
PSH01,I_PSH_01,"DB13,INT48",PLC,00054
PSH02,Editor_PSH02,"DB26,INT18",PLC,00410
PSH02,I_PSH_02,"DB13,INT50",PLC,00055
PSH03,I_PSH_03,"DB13,INT52",PLC,00056
PC01,I_PC_01,"DB13,INT54",PLC,00057
ZT01,I_ZT_01,"DB13,INT46",PLC,00053
EV03,EV_03\LS_Close,"DB11,X86.1",PLC,00454
EV03,EV_03\LS_Open,"DB11,X86.0",PLC,00453
SYS-ALARM,ResetAlarms,"DB2,X13.4",PLC,002E1
SYS-AUTO,AbilitaMaintenance,"DB2,X7.5",PLC,00409
SYS-AUTO,AbilitaAuto,"DB2,X7.3",PLC,000DB
SYS-PID,Stechiometro,"DB5,REAL4",PLC,00421
SYS-PID,TC_PID_REF,"DB39,REAL2",PLC,001C0
SYS-RECIPES,Editor_Load_Recipe,"DB26,X4.3",PLC,0041D
SYS-RECIPES,Editor_Save_Recipe,"DB26,X4.4",PLC,0041C
SYS-RECIPES,Editor_Modify_Recipe,"DB26,X4.5",PLC,0041B
SYS-RECIPES,Editor_Active_Recipe,"DB26,INT6",PLC,00418
SYS-COUNTERS,RESET_PROD_COUNT,"DB41,X50.3",PLC,00463
SYS-COUNTERS,RESET_GAS_COUNT,"DB41,X50.2",PLC,00462
SYS-COUNTERS,Conta_prod,"DB41,REAL8",PLC,00461
SYS-COUNTERS,Conta_prod_TOT,"DB41,REAL4",PLC,00460
SYS-COUNTERS,Conta_gas_TOT,"DB5,REAL34",PLC,003F2
