ID,설비명,영역,유형,상위 설비,자료 상태,전기 회로,물리 I/O,내부 심볼,HMI 태그,관련 래더,역할,특이점
BC01,드럼 투입 컨베이어,원료 이송,motor,,자료에서 확인,"FG 18 / PDF 19, FG 19 / PDF 20",5,1,3,15,원료를 PV01 투입 게이트까지 이송한다.,
RD01,회전 드럼,원료 이송,motor,,자료에서 확인,"FG 20 / PDF 21, FG 21 / PDF 22",6,0,8,23,원료의 회전·체류를 담당한다. 투입·배출 게이트와 함께 운전 조건을 검토한다.,
RD01-FAN,드럼 모터 냉각팬,원료 이송,motor,RD01,자료에서 확인,FG 22 / PDF 23,2,0,3,10,RD01 구동 모터 냉각 보조장치.,
MC03,예비 모터 MC03,원료 이송,motor,,예비·실물 동일성 확인,FG 23 / PDF 24,2,0,0,7,PLC의 예비 모터 및 토크 감시 항목.,P&ID에서 주설비 태그로 확인되지 않는다. Q0.3과 MC03/SS09 참조를 별도 예비 장치로 보관한다.
MC04,금속 컨베이어,원료 이송,motor,,자료에서 확인,"FG 24 / PDF 25, FG 25 / PDF 26",4,0,3,15,PV02 배출 원료를 VS01 방향으로 이송한다.,
MC05,금속 컨베이어 MC05,원료 이송,motor,,삭제 제목·예비 여부 확인,FG 26 / PDF 27,3,0,3,3,전기도면과 PLC 입출력에는 남아 있는 이송 장치.,Motors 1에는 mc05 deleted 제목이 있다. 입출력과 도면의 잔존만으로 현재 설치·사용 상태를 결정하지 않는다.
VS01,진동 스크린,원료 이송,motor,,자료에서 확인,"FG 27 / PDF 28, FG 28 / PDF 29",4,1,3,11,배출 원료를 선별한다. VS01/VS01A 공통 피드백을 분리 검토한다.,
SC12,드럼 배출실 스크루,원료 이송,motor,,SPARE·삭제 제목,FG 29 / PDF 30,2,0,3,1,드럼 배출실 측 원료 배출 스크루.,P&ID에 존재하지만 전기 회로 SPARE와 sc12 deleted 제목이 확인됐다. 설치 상태와 유지되는 배선을 확인한다.
CC01,드럼 투입실,공정 본체,passive,,자료에서 확인,직접 회로 식별 근거 없음,0,0,0,0,PV01과 RD01 입구 사이의 투입 챔버. 기밀·퇴적·게이트 간섭을 점검한다.,
UC01,드럼 배출실,공정 본체,passive,,자료에서 확인,직접 회로 식별 근거 없음,0,0,0,0,"RD01 출구, PV02 및 배출 경로를 구성하는 챔버.",
AB01,연소 챔버,연소·열회수,passive,,자료에서 확인,직접 회로 식별 근거 없음,2,0,0,0,BR01의 연소와 TC01/02 온도 감시가 연결되는 공정 챔버.,
BR01,가스 버너,연소·열회수,burner,,자료에서 확인,"FG 97 / PDF 98, FG 98 / PDF 99, FG 99 / PDF 100, FG 100 / PDF 101",11,6,10,36,연소 상태·락아웃·가스/공기 조건·변조 값을 외부 버너 시스템과 교환한다.,버너 전용 상세 도면 및 제조사 연소 제어 절차는 별도 문서가 필요하다. 이 매뉴얼의 일반 PLC 해석을 버너 안전 시퀀스로 대체하지 않는다.
HE01,열교환기,연소·열회수,passive,,자료에서 확인,직접 회로 식별 근거 없음,0,0,0,0,P&ID의 열교환 본체. MV01/MV04와 FN02의 연결 경로를 함께 검토한다.,
FN01,순환 블로어,연소·열회수,motor,,자료에서 확인,"FG 47 / PDF 48, FG 48 / PDF 49",10,0,6,18,"TC04/TC05 베어링 온도, ZT01 및 전류 감시와 연결된다.",
FN02,열회수 블로어,연소·열회수,motor,,자료에서 확인,"FG 42 / PDF 43, FG 43 / PDF 44",5,0,6,15,열회수 경로의 송풍과 아날로그 속도 설정을 담당한다.,
FN03,연소 공기 블로어,연소·열회수,motor,,자료에서 확인,FG 51 / PDF 52,3,0,3,11,BR01 측 연소 공기 공급 경로.,
FN04,집진 배기팬,집진·석회,motor,,자료에서 확인,"FG 59 / PDF 60, FG 60 / PDF 61",6,0,5,20,CY·BF 집진 경로의 흡인 및 압력 제어와 연결된다.,
FN05,석회 계통 송풍기,집진·석회,motor,,자료에서 확인,FG 65 / PDF 66,2,0,3,7,LD01/ER01 석회 계통 송풍 경로.,
FN06,보조 블로어,연소·열회수,motor,,자료에서 확인,FG 52 / PDF 53,2,0,3,10,P&ID의 AB01 하부 보조 송풍 경로.,
FN01-FAN,FN01 모터 냉각팬,연소·열회수,motor,FN01,SPARE·삭제 제목,FG 54 / PDF 55,2,0,0,2,FN01 구동부 냉각 보조장치.,Q3.5/I4.5 잔존과 SPARE 표기를 따로 기록한다.
CH01,냉각기,연소·열회수,motor,,자료에서 확인,FG 50 / PDF 51,3,0,3,11,FN01 측 냉각 계통. PLC 내부 시작 요청과 별도 원격 기동 출력 경로를 구분한다.,
MV01,모터 구동 밸브,제어 밸브,motorvalve,,자료에서 확인,"FG 44 / PDF 45, FG 45 / PDF 46",6,2,9,11,TC03 관련 열회수 경로 제어.,
MV02,모터 구동 밸브,제어 밸브,motorvalve,,자료에서 확인,"FG 30 / PDF 31, FG 31 / PDF 32, FG 36 / PDF 37, FG 37 / PDF 38",10,4,8,11,PSH01 관련 배기/압력 경로 제어.,공통 전원 MV02/05/06은 개별 구동 피드백과 분리한다.
MV03,모터 구동 밸브,제어 밸브,motorvalve,,자료에서 확인,"FG 38 / PDF 39, FG 39 / PDF 40",7,4,9,14,PSH03 관련 오버플로 경로 제어.,
MV04,모터 구동 밸브,제어 밸브,motorvalve,,자료에서 확인,"FG 40 / PDF 41, FG 41 / PDF 42",8,5,2,5,FN02/HE01 경로의 모터 밸브. M18A/M18B 두 구동부를 구분한다.,
MV05,모터 구동 밸브,제어 밸브,motorvalve,,자료에서 확인,"FG 30 / PDF 31, FG 31 / PDF 32, FG 34 / PDF 35, FG 35 / PDF 36",8,4,8,10,RO01 관련 산소 제어 경로.,공통 전원 MV02/05/06은 개별 구동 피드백과 분리한다.
MV06,모터 구동 밸브,제어 밸브,motorvalve,,자료에서 확인,"FG 30 / PDF 31, FG 31 / PDF 32, FG 32 / PDF 33, FG 33 / PDF 34",8,2,8,11,PSH02 관련 오버플로 경로 제어.,공통 전원 MV02/05/06은 개별 구동 피드백과 분리한다.
PV01,공압 게이트/분기 밸브,공압 밸브,gate,,자료에서 확인,"FG 69 / PDF 70, FG 70 / PDF 71",8,16,10,12,"드럼 투입 A/B 게이트. EV01/02, CL01~04 및 위치 센서와 연결된다.",
PV02,공압 게이트/분기 밸브,공압 밸브,gate,,자료에서 확인,"FG 71 / PDF 72, FG 72 / PDF 73",8,10,8,11,"드럼 배출 A/B 게이트. EV04/05, CL05~08 및 위치 센서와 연결된다.",
PV03,공압 게이트/분기 밸브,공압 밸브,gate,,자료에서 확인,FG 73 / PDF 74,4,0,5,7,"스크린 배출 분기 밸브. EV06, CL09/10에 연결된다.",
PV04,공압 게이트/분기 밸브,공압 밸브,gate,,예비 표기·삭제 제목,FG 74 / PDF 75,4,0,5,3,"드럼 배출실 밸브. EV07, CL11에 연결된다.",회로 및 출력 SPARE와 pv04 deleted 제목을 확인해야 한다.
PV05,질소 주입 밸브,공압 밸브,nitrogen,,자료에서 확인,FG 96 / PDF 97,2,0,0,2,질소 비상 주입 계통. 탱크 준비 입력과 공통 주입 요청 출력을 함께 검토한다.,두 밸브의 개별 PLC 출력으로 단정하지 않는다. 외부 릴레이·타이머 박스 회로가 포함된다.
PV06,질소 주입 밸브,공압 밸브,nitrogen,,자료에서 확인,FG 96 / PDF 97,2,0,0,2,질소 비상 주입 계통. 탱크 준비 입력과 공통 주입 요청 출력을 함께 검토한다.,두 밸브의 개별 PLC 출력으로 단정하지 않는다. 외부 릴레이·타이머 박스 회로가 포함된다.
PV14,필터 냉풍 유입 밸브,공압 밸브,gate,,자료에서 확인,FG 168 / PDF 169,3,1,3,6,집진 필터 냉풍 유입. 열림/닫힘 입력과 필터 과온 대응을 검토한다.,
CY01,사이클론,집진·석회,passive,,자료에서 확인,직접 회로 식별 근거 없음,0,0,0,0,P&ID의 분진 분리 본체. 배출 로터리 밸브 또는 SC01 경로와 연결해 점검한다.,
CY02,사이클론,집진·석회,passive,,자료에서 확인,직접 회로 식별 근거 없음,0,0,0,0,P&ID의 분진 분리 본체. 배출 로터리 밸브 또는 SC01 경로와 연결해 점검한다.,
CY03,사이클론,집진·석회,passive,,자료에서 확인,직접 회로 식별 근거 없음,0,0,0,0,P&ID의 분진 분리 본체. 배출 로터리 밸브 또는 SC01 경로와 연결해 점검한다.,
CY04,사이클론,집진·석회,passive,,자료에서 확인,직접 회로 식별 근거 없음,0,0,0,0,P&ID의 분진 분리 본체. 배출 로터리 밸브 또는 SC01 경로와 연결해 점검한다.,
CY05,사이클론,집진·석회,passive,,자료에서 확인,직접 회로 식별 근거 없음,0,0,0,0,P&ID의 분진 분리 본체. 배출 로터리 밸브 또는 SC01 경로와 연결해 점검한다.,
VR01,로터리 밸브,집진·석회,motor,,자료에서 확인,FG 46 / PDF 47,2,0,3,10,사이클론·필터·석회 경로에서 배출 및 공기 차단을 담당한다.,
VR02,로터리 밸브,집진·석회,motor,,자료에서 확인,FG 49 / PDF 50,2,0,3,10,사이클론·필터·석회 경로에서 배출 및 공기 차단을 담당한다.,
VR03,로터리 밸브,집진·석회,motor,,자료에서 확인,FG 61 / PDF 62,2,0,3,11,사이클론·필터·석회 경로에서 배출 및 공기 차단을 담당한다.,
VR04,로터리 밸브,집진·석회,motor,,자료에서 확인,FG 62 / PDF 63,2,0,3,12,사이클론·필터·석회 경로에서 배출 및 공기 차단을 담당한다.,
VR05,로터리 밸브,집진·석회,motor,,자료에서 확인,FG 63 / PDF 64,2,0,3,12,사이클론·필터·석회 경로에서 배출 및 공기 차단을 담당한다.,
VR06,로터리 밸브,집진·석회,motor,,자료에서 확인,FG 64 / PDF 65,2,0,3,8,사이클론·필터·석회 경로에서 배출 및 공기 차단을 담당한다.,
SC01,사이클론 분진 스크루,집진·석회,motor,,자료에서 확인,FG 53 / PDF 54,2,0,3,9,분진을 해당 로터리 밸브로 이송한다.,
SC10,BF01 분진 스크루,집진·석회,motor,,자료에서 확인,FG 57 / PDF 58,2,0,3,11,분진을 해당 로터리 밸브로 이송한다.,
SC11,BF02 분진 스크루,집진·석회,motor,,자료에서 확인,FG 58 / PDF 59,2,0,3,11,분진을 해당 로터리 밸브로 이송한다.,
BF01,백 필터,집진·석회,filter,,자료에서 확인,"FG 152 / PDF 153, FG 153 / PDF 154, FG 154 / PDF 155, FG 155 / PDF 156, FG 156 / PDF 157, FG 157 / PDF 158, FG 158 / PDF 159, FG 159 / PDF 160, FG 160 / PDF 161, FG 161 / PDF 162, FG 162 / PDF 163, FG 163 / PDF 164, FG 164 / PDF 165, FG 165 / PDF 166, FG 166 / PDF 167, FG 167 / PDF 168, FG 168 / PDF 169, FG 169 / PDF 170, FG 170 / PDF 171, FG 171 / PDF 172, FG 172 / PDF 173, FG 173 / PDF 174, FG 174 / PDF 175, FG 175 / PDF 176, FG 176 / PDF 177, FG 177 / PDF 178, FG 178 / PDF 179, FG 179 / PDF 180, FG 180 / PDF 181, FG 180A / PDF 182, FG 180B / PDF 183",12,1,1,11,"DP 차압 감시, 분진 스크루·로터리 밸브, 펄스 세정 밸브가 연결되는 집진 장치.",
BF02,백 필터,집진·석회,filter,,자료에서 확인,"FG 181 / PDF 184, FG 182 / PDF 185, FG 183 / PDF 186, FG 184 / PDF 187, FG 185 / PDF 188, FG 186 / PDF 189, FG 187 / PDF 190, FG 188 / PDF 191, FG 189 / PDF 192, FG 190 / PDF 193, FG 191 / PDF 194, FG 192 / PDF 195, FG 193 / PDF 196, FG 194 / PDF 197, FG 195 / PDF 198, FG 196 / PDF 199, FG 197 / PDF 200, FG 198 / PDF 201, FG 199 / PDF 202, FG 200 / PDF 203, FG 201 / PDF 204, FG 202 / PDF 205, FG 203 / PDF 206, FG 204 / PDF 207",11,1,1,11,"DP 차압 감시, 분진 스크루·로터리 밸브, 펄스 세정 밸브가 연결되는 집진 장치.",
LD01,석회 마이크로피더,집진·석회,motor,,자료에서 확인,"FG 55 / PDF 56, FG 170 / PDF 171",4,0,6,15,"석회 투입 장치. VR06 운전, 점검 도어, 저레벨 및 현장 셀렉터를 함께 점검한다.",
LD01A,석회 사일로 진동기,집진·석회,motor,LD01,자료에서 확인,FG 56 / PDF 57,2,0,0,6,LD01의 간헐 운전/정지 타이머와 현장 요청에 연결되는 진동기.,
ER01,전기 히터,집진·석회,heater,,자료에서 확인,FG 66 / PDF 67,2,0,3,6,FN05와 석회 투입 공기 가열 경로. 온도 허용 및 피드백을 함께 검토한다.,
CM01,집진 배기 스택,공정 본체,passive,,자료에서 확인,직접 회로 식별 근거 없음,0,0,0,0,FN04 후단의 대기 배출 경로.,
CM02,상부 배기 스택,공정 본체,passive,,자료에서 확인,직접 회로 식별 근거 없음,0,0,0,0,MV02 측 대기 배출 경로.,
CR01,운전 제어반,공정 본체,passive,,자료에서 확인,직접 회로 식별 근거 없음,0,0,0,0,P&ID의 운전 캐비닛. 전기 계통·보조전원·운전 표시와 연결된다.,
BWF01,고객 설비 계량 피더,외부 연동,client,,자료에서 확인,"FG 85 / PDF 86, FG 86 / PDF 87, FG 87 / PDF 88, FG 88 / PDF 89, FG 89 / PDF 90, FG 90 / PDF 91, FG 91 / PDF 92, FG 92 / PDF 93, FG 93 / PDF 94, FG 94 / PDF 95, FG 95 / PDF 96",11,0,7,19,외부 피더의 준비·운전·고장·레벨·유량과 원격 운전 허가를 교환한다.,
BWF02,고객 설비 계량 피더,외부 연동,client,,자료에서 확인,"FG 85 / PDF 86, FG 86 / PDF 87, FG 87 / PDF 88, FG 88 / PDF 89, FG 89 / PDF 90, FG 90 / PDF 91, FG 91 / PDF 92, FG 92 / PDF 93, FG 93 / PDF 94, FG 94 / PDF 95, FG 95 / PDF 96",11,0,7,20,외부 피더의 준비·운전·고장·레벨·유량과 원격 운전 허가를 교환한다.,
LIW,외부 LIW 피더,외부 연동,client,,자료에서 확인,"FG 85 / PDF 86, FG 86 / PDF 87, FG 87 / PDF 88, FG 88 / PDF 89, FG 89 / PDF 90, FG 90 / PDF 91, FG 91 / PDF 92, FG 92 / PDF 93, FG 93 / PDF 94, FG 94 / PDF 95, FG 95 / PDF 96",3,0,0,3,고객 피더 시스템 원격 시작과 속도 설정. BWF 계통 및 배출 분기 상태와 교차 검토한다.,
CLIENT-CL01,Apron conveyor A,외부 연동,client,,자료에서 확인,"FG 86 / PDF 87, FG 87 / PDF 88, FG 88 / PDF 89, FG 89 / PDF 90, FG 90 / PDF 91, FG 91 / PDF 92, FG 92 / PDF 93, FG 93 / PDF 94, FG 94 / PDF 95, FG 95 / PDF 96",2,0,0,2,PLC 외부 모터/설비 채널 01. 원격 신호와 실제 외부 제어반 상태를 대조한다.,P&ID의 공압 실린더 CL 번호와 다른 이름 공간으로 보관한다.
CLIENT-CL02,Impactor,외부 연동,client,,자료에서 확인,"FG 86 / PDF 87, FG 87 / PDF 88, FG 88 / PDF 89, FG 89 / PDF 90, FG 90 / PDF 91, FG 91 / PDF 92, FG 92 / PDF 93, FG 93 / PDF 94, FG 94 / PDF 95, FG 95 / PDF 96",2,0,1,2,PLC 외부 모터/설비 채널 02. 원격 신호와 실제 외부 제어반 상태를 대조한다.,P&ID의 공압 실린더 CL 번호와 다른 이름 공간으로 보관한다.
CLIENT-CL03,Impact vibration feeder,외부 연동,client,,자료에서 확인,"FG 86 / PDF 87, FG 87 / PDF 88, FG 88 / PDF 89, FG 89 / PDF 90, FG 90 / PDF 91, FG 91 / PDF 92, FG 92 / PDF 93, FG 93 / PDF 94, FG 94 / PDF 95, FG 95 / PDF 96",2,0,0,2,PLC 외부 모터/설비 채널 03. 원격 신호와 실제 외부 제어반 상태를 대조한다.,P&ID의 공압 실린더 CL 번호와 다른 이름 공간으로 보관한다.
CLIENT-CL04,Belt conveyor A,외부 연동,client,,자료에서 확인,"FG 86 / PDF 87, FG 87 / PDF 88, FG 88 / PDF 89, FG 89 / PDF 90, FG 90 / PDF 91, FG 91 / PDF 92, FG 92 / PDF 93, FG 93 / PDF 94, FG 94 / PDF 95, FG 95 / PDF 96",3,0,0,2,PLC 외부 모터/설비 채널 04. 원격 신호와 실제 외부 제어반 상태를 대조한다.,P&ID의 공압 실린더 CL 번호와 다른 이름 공간으로 보관한다.
CLIENT-CL05,Air knife,외부 연동,client,,자료에서 확인,"FG 86 / PDF 87, FG 87 / PDF 88, FG 88 / PDF 89, FG 89 / PDF 90, FG 90 / PDF 91, FG 91 / PDF 92, FG 92 / PDF 93, FG 93 / PDF 94, FG 94 / PDF 95, FG 95 / PDF 96",2,0,0,2,PLC 외부 모터/설비 채널 05. 원격 신호와 실제 외부 제어반 상태를 대조한다.,P&ID의 공압 실린더 CL 번호와 다른 이름 공간으로 보관한다.
CLIENT-CL06,Belt conveyor B,외부 연동,client,,자료에서 확인,"FG 86 / PDF 87, FG 87 / PDF 88, FG 88 / PDF 89, FG 89 / PDF 90, FG 90 / PDF 91, FG 91 / PDF 92, FG 92 / PDF 93, FG 93 / PDF 94, FG 94 / PDF 95, FG 95 / PDF 96",3,0,0,2,PLC 외부 모터/설비 채널 06. 원격 신호와 실제 외부 제어반 상태를 대조한다.,P&ID의 공압 실린더 CL 번호와 다른 이름 공간으로 보관한다.
CLIENT-CL07,Shredder 1,외부 연동,client,,자료에서 확인,"FG 86 / PDF 87, FG 87 / PDF 88, FG 88 / PDF 89, FG 89 / PDF 90, FG 90 / PDF 91, FG 91 / PDF 92, FG 92 / PDF 93, FG 93 / PDF 94, FG 94 / PDF 95, FG 95 / PDF 96",2,0,0,2,PLC 외부 모터/설비 채널 07. 원격 신호와 실제 외부 제어반 상태를 대조한다.,P&ID의 공압 실린더 CL 번호와 다른 이름 공간으로 보관한다.
CLIENT-CL08,Shredder vibration feeder,외부 연동,client,,자료에서 확인,"FG 86 / PDF 87, FG 87 / PDF 88, FG 88 / PDF 89, FG 89 / PDF 90, FG 90 / PDF 91, FG 91 / PDF 92, FG 92 / PDF 93, FG 93 / PDF 94, FG 94 / PDF 95, FG 95 / PDF 96",3,0,0,2,PLC 외부 모터/설비 채널 08. 원격 신호와 실제 외부 제어반 상태를 대조한다.,P&ID의 공압 실린더 CL 번호와 다른 이름 공간으로 보관한다.
CLIENT-CL09,Belt conveyor C,외부 연동,client,,자료에서 확인,"FG 86 / PDF 87, FG 87 / PDF 88, FG 88 / PDF 89, FG 89 / PDF 90, FG 90 / PDF 91, FG 91 / PDF 92, FG 92 / PDF 93, FG 93 / PDF 94, FG 94 / PDF 95, FG 95 / PDF 96",4,0,0,2,PLC 외부 모터/설비 채널 09. 원격 신호와 실제 외부 제어반 상태를 대조한다.,P&ID의 공압 실린더 CL 번호와 다른 이름 공간으로 보관한다.
CLIENT-CL10,Rotex screen,외부 연동,client,,자료에서 확인,"FG 86 / PDF 87, FG 87 / PDF 88, FG 88 / PDF 89, FG 89 / PDF 90, FG 90 / PDF 91, FG 91 / PDF 92, FG 92 / PDF 93, FG 93 / PDF 94, FG 94 / PDF 95, FG 95 / PDF 96",1,0,0,2,PLC 외부 모터/설비 채널 10. 원격 신호와 실제 외부 제어반 상태를 대조한다.,P&ID의 공압 실린더 CL 번호와 다른 이름 공간으로 보관한다.
CLIENT-CL13,Apron conveyor B,외부 연동,client,,자료에서 확인,"FG 86 / PDF 87, FG 87 / PDF 88, FG 88 / PDF 89, FG 89 / PDF 90, FG 90 / PDF 91, FG 91 / PDF 92, FG 92 / PDF 93, FG 93 / PDF 94, FG 94 / PDF 95, FG 95 / PDF 96",2,0,0,2,PLC 외부 모터/설비 채널 13. 원격 신호와 실제 외부 제어반 상태를 대조한다.,P&ID의 공압 실린더 CL 번호와 다른 이름 공간으로 보관한다.
CLIENT-CL14,Shredder 2,외부 연동,client,,자료에서 확인,"FG 86 / PDF 87, FG 87 / PDF 88, FG 88 / PDF 89, FG 89 / PDF 90, FG 90 / PDF 91, FG 91 / PDF 92, FG 92 / PDF 93, FG 93 / PDF 94, FG 94 / PDF 95, FG 95 / PDF 96",1,0,0,2,PLC 외부 모터/설비 채널 14. 원격 신호와 실제 외부 제어반 상태를 대조한다.,P&ID의 공압 실린더 CL 번호와 다른 이름 공간으로 보관한다.
CLIENT-CL15,Belt conveyor D,외부 연동,client,,자료에서 확인,"FG 86 / PDF 87, FG 87 / PDF 88, FG 88 / PDF 89, FG 89 / PDF 90, FG 90 / PDF 91, FG 91 / PDF 92, FG 92 / PDF 93, FG 93 / PDF 94, FG 94 / PDF 95, FG 95 / PDF 96",1,0,0,2,PLC 외부 모터/설비 채널 15. 원격 신호와 실제 외부 제어반 상태를 대조한다.,P&ID의 공압 실린더 CL 번호와 다른 이름 공간으로 보관한다.
CLIENT-CL16,Belt conveyor E,외부 연동,client,,자료에서 확인,"FG 86 / PDF 87, FG 87 / PDF 88, FG 88 / PDF 89, FG 89 / PDF 90, FG 90 / PDF 91, FG 91 / PDF 92, FG 92 / PDF 93, FG 93 / PDF 94, FG 94 / PDF 95, FG 95 / PDF 96",2,0,0,2,PLC 외부 모터/설비 채널 16. 원격 신호와 실제 외부 제어반 상태를 대조한다.,P&ID의 공압 실린더 CL 번호와 다른 이름 공간으로 보관한다.
CLIENT-CL17,Weighing hopper 2,외부 연동,client,,자료에서 확인,"FG 86 / PDF 87, FG 87 / PDF 88, FG 88 / PDF 89, FG 89 / PDF 90, FG 90 / PDF 91, FG 91 / PDF 92, FG 92 / PDF 93, FG 93 / PDF 94, FG 94 / PDF 95, FG 95 / PDF 96",1,0,0,2,PLC 외부 모터/설비 채널 17. 원격 신호와 실제 외부 제어반 상태를 대조한다.,P&ID의 공압 실린더 CL 번호와 다른 이름 공간으로 보관한다.
CLIENT-CL18,Hopper conveyor 2,외부 연동,client,,자료에서 확인,"FG 86 / PDF 87, FG 87 / PDF 88, FG 88 / PDF 89, FG 89 / PDF 90, FG 90 / PDF 91, FG 91 / PDF 92, FG 92 / PDF 93, FG 93 / PDF 94, FG 94 / PDF 95, FG 95 / PDF 96",1,0,0,1,PLC 외부 모터/설비 채널 18. 원격 신호와 실제 외부 제어반 상태를 대조한다.,P&ID의 공압 실린더 CL 번호와 다른 이름 공간으로 보관한다.
CLIENT-CL19,Primary shredder,외부 연동,client,,자료에서 확인,"FG 86 / PDF 87, FG 87 / PDF 88, FG 88 / PDF 89, FG 89 / PDF 90, FG 90 / PDF 91, FG 91 / PDF 92, FG 92 / PDF 93, FG 93 / PDF 94, FG 94 / PDF 95, FG 95 / PDF 96",1,0,1,2,PLC 외부 모터/설비 채널 19. 원격 신호와 실제 외부 제어반 상태를 대조한다.,P&ID의 공압 실린더 CL 번호와 다른 이름 공간으로 보관한다.
TC01,온도 계측,계측,sensor,,자료에서 확인,FG 77 / PDF 78,1,1,2,20,AB01 챔버 온도.,
TC02,온도 계측,계측,sensor,,자료에서 확인,FG 77 / PDF 78,1,0,1,5,AB01 안전 온도 채널.,
TC03,온도 계측,계측,sensor,,자료에서 확인,FG 77 / PDF 78,1,5,2,13,배출 가스 온도·MV01 관련 제어 값.,
TC04,온도 계측,계측,sensor,,자료에서 확인,FG 79 / PDF 80,3,0,1,5,FN01 베어링 PT100 온도.,
TC05,온도 계측,계측,sensor,,자료에서 확인,FG 79 / PDF 80,2,0,1,5,FN01 다른 베어링 PT100 온도.,
TC06,온도 계측,계측,sensor,,자료에서 확인,FG 78 / PDF 79,1,0,1,2,AB01 출구 온도.,
TC07,온도 계측,계측,sensor,,예비·운영 상태 확인,FG 78 / PDF 79,1,0,1,2,유입 가스 온도. 도면 SPARE 표기 확인.,
TC09,온도 계측,계측,sensor,,자료에서 확인,FG 171 / PDF 172,1,0,0,8,백 필터 유입 온도.,
TC10,온도 계측,계측,sensor,,예비·운영 상태 확인,FG 171 / PDF 172,1,0,0,1,백업에 예비 온도 입력으로 남아 있는 채널.,
TC11,온도 계측,계측,sensor,,P&ID 로컬 계측,직접 회로 식별 근거 없음,0,0,0,0,P&ID ER01 계통의 로컬 온도 표시. PLC 대응은 식별되지 않았다.,
RO01,산소 분석 채널,계측,sensor,,자료에서 확인,FG 80 / PDF 81,1,5,1,10,연소·순환 가스 산소 분석. 데이터 변환과 대체값/시험 조건을 함께 검토한다.,
RO02,산소 분석 채널,계측,sensor,,자료에서 확인,FG 80 / PDF 81,1,0,1,4,연소·순환 가스 산소 분석. 데이터 변환과 대체값/시험 조건을 함께 검토한다.,
RO03,산소 분석 채널,계측,sensor,,자료에서 확인,FG 81 / PDF 82,1,0,1,3,연소·순환 가스 산소 분석. 데이터 변환과 대체값/시험 조건을 함께 검토한다.,
RO04,산소 분석 채널,계측,sensor,,자료에서 확인,FG 81 / PDF 82,1,0,1,2,연소·순환 가스 산소 분석. 데이터 변환과 대체값/시험 조건을 함께 검토한다.,
PSH01,압력 측정 채널,계측,sensor,,자료에서 확인,FG 75 / PDF 76,1,0,2,3,P&ID의 압력 제어 위치와 관련 MV 제어 루프를 함께 검토한다.,
PSH02,압력 측정 채널,계측,sensor,,자료에서 확인,FG 75 / PDF 76,1,0,2,6,P&ID의 압력 제어 위치와 관련 MV 제어 루프를 함께 검토한다.,
PSH03,압력 측정 채널,계측,sensor,,자료에서 확인,FG 75 / PDF 76,1,0,1,4,P&ID의 압력 제어 위치와 관련 MV 제어 루프를 함께 검토한다.,
PC01,집진 흡인 압력,계측,sensor,,자료에서 확인,FG 76 / PDF 77,1,2,1,6,PC01 4~20mA 입력과 FN04 압력 제어 경로.,
PC02,소프트웨어 압력 루프 명칭,계측,software,,소프트웨어 명칭·물리 태그 확인,직접 회로 식별 근거 없음,0,2,0,1,백업의 PC02 관련 데이터 명칭. PSH02와 물리 센서 동일성은 별도 검증한다.,
DP01,백 필터 차압,계측,sensor,,자료에서 확인,FG 169 / PDF 170,1,0,0,7,BF01의 차압 감시. 세정 허가·주기·경보 기준과 연결된다.,
DP02,백 필터 차압,계측,sensor,,자료에서 확인,FG 169 / PDF 170,1,0,0,4,BF02의 차압 감시. 세정 허가·주기·경보 기준과 연결된다.,
ZT01,FN01 진동 계측,계측,sensor,,SPARE·활성 조건 확인,FG 82 / PDF 83,1,0,1,4,FN01 진동 채널. 전기 회로 SPARE와 변환 네트워크 시험 조건을 확인한다.,
ZT02,P&ID 밸브 위치 계측,계측,sensor,MV01,P&ID·현재 엔코더 동일성 확인,직접 회로 식별 근거 없음,0,0,0,0,P&ID MV01 위치 계측 태그. 현재 엔코더/TM 채널과 동일성은 확인 항목으로 남긴다.,
ZT03,P&ID 밸브 위치 계측,계측,sensor,MV02,P&ID·현재 엔코더 동일성 확인,직접 회로 식별 근거 없음,0,0,0,0,P&ID MV02 위치 계측 태그. 현재 엔코더/TM 채널과 동일성은 확인 항목으로 남긴다.,
ZT04,P&ID 밸브 위치 계측,계측,sensor,MV03,P&ID·현재 엔코더 동일성 확인,직접 회로 식별 근거 없음,0,0,0,0,P&ID MV03 위치 계측 태그. 현재 엔코더/TM 채널과 동일성은 확인 항목으로 남긴다.,
ZT05,P&ID 밸브 위치 계측,계측,sensor,MV05,P&ID·현재 엔코더 동일성 확인,직접 회로 식별 근거 없음,0,0,0,0,P&ID MV05 위치 계측 태그. 현재 엔코더/TM 채널과 동일성은 확인 항목으로 남긴다.,
ZT06,P&ID 밸브 위치 계측,계측,sensor,MV06,P&ID·현재 엔코더 동일성 확인,직접 회로 식별 근거 없음,0,0,0,0,P&ID MV06 위치 계측 태그. 현재 엔코더/TM 채널과 동일성은 확인 항목으로 남긴다.,
LT01,석회 사일로 레벨,계측,sensor,LD01,자료에서 확인,FG 170 / PDF 171,1,0,0,2,LD01 사일로의 P&ID 레벨 태그. PLC 저레벨 입력과 현장 센서 동일성을 확인한다.,
SS01,이송 장치 감시 스위치,계측,sensor,BC01,자료에서 확인,"FG 18 / PDF 19, FG 19 / PDF 20",2,0,0,0,트립와이어·회전 또는 토크 감시의 실제 장치 종류와 접점 방향을 확인한다.,
SS09,이송 장치 감시 스위치,계측,sensor,MC03,자료에서 확인,FG 23 / PDF 24,1,0,0,0,트립와이어·회전 또는 토크 감시의 실제 장치 종류와 접점 방향을 확인한다.,
SS10,이송 장치 감시 스위치,계측,sensor,MC04,자료에서 확인,"FG 24 / PDF 25, FG 25 / PDF 26",1,0,0,0,트립와이어·회전 또는 토크 감시의 실제 장치 종류와 접점 방향을 확인한다.,
SS11,이송 장치 감시 스위치,계측,sensor,MC05,자료에서 확인,FG 26 / PDF 27,1,0,0,0,트립와이어·회전 또는 토크 감시의 실제 장치 종류와 접점 방향을 확인한다.,
PSL05,압축공기 저압 스위치,계측,sensor,,자료에서 확인,FG 76 / PDF 77,1,0,0,2,공압 계통의 저압 입력. 게이트 구동 가능 여부와 알람을 대조한다.,
EV01,공압 솔레노이드,하위 구성품,component,PV01,자료에서 확인,FG 69 / PDF 70,4,0,0,2,상위 장치 요청·중간 릴레이·현장 코일을 연결해 점검한다.,
EV02,공압 솔레노이드,하위 구성품,component,PV01,자료에서 확인,FG 69 / PDF 70,4,0,0,3,상위 장치 요청·중간 릴레이·현장 코일을 연결해 점검한다.,
EV03,드럼 윤활 솔레노이드,하위 구성품,component,RD01,자료에서 확인,FG 20 / PDF 21,1,0,2,3,상위 장치 요청·중간 릴레이·현장 코일을 연결해 점검한다.,
EV04,공압 솔레노이드,하위 구성품,component,PV02,자료에서 확인,FG 71 / PDF 72,3,0,0,1,상위 장치 요청·중간 릴레이·현장 코일을 연결해 점검한다.,
EV05,공압 솔레노이드,하위 구성품,component,PV02,자료에서 확인,FG 71 / PDF 72,3,0,0,2,상위 장치 요청·중간 릴레이·현장 코일을 연결해 점검한다.,
EV06,공압 솔레노이드,하위 구성품,component,PV03,자료에서 확인,FG 73 / PDF 74,1,0,0,0,상위 장치 요청·중간 릴레이·현장 코일을 연결해 점검한다.,
EV07,공압 솔레노이드,하위 구성품,component,PV04,자료에서 확인,FG 74 / PDF 75,1,0,0,0,상위 장치 요청·중간 릴레이·현장 코일을 연결해 점검한다.,
EV11,필터 펄스 세정 밸브,필터 세정 밸브,pulse,BF01,자료에서 확인,FG 154 / PDF 155,1,0,0,1,개별 세정 펄스 출력 채널. 순서 번호를 출력 주소와 별도로 기록한다.,
EV12,필터 펄스 세정 밸브,필터 세정 밸브,pulse,BF01,자료에서 확인,FG 154 / PDF 155,1,0,0,1,개별 세정 펄스 출력 채널. 순서 번호를 출력 주소와 별도로 기록한다.,
EV13,필터 펄스 세정 밸브,필터 세정 밸브,pulse,BF01,자료에서 확인,FG 154 / PDF 155,1,0,0,1,개별 세정 펄스 출력 채널. 순서 번호를 출력 주소와 별도로 기록한다.,
EV14,필터 펄스 세정 밸브,필터 세정 밸브,pulse,BF01,자료에서 확인,FG 155 / PDF 156,1,0,0,1,개별 세정 펄스 출력 채널. 순서 번호를 출력 주소와 별도로 기록한다.,
EV15,필터 펄스 세정 밸브,필터 세정 밸브,pulse,BF01,자료에서 확인,FG 155 / PDF 156,1,0,0,1,개별 세정 펄스 출력 채널. 순서 번호를 출력 주소와 별도로 기록한다.,
EV16,필터 펄스 세정 밸브,필터 세정 밸브,pulse,BF01,자료에서 확인,FG 155 / PDF 156,1,0,0,1,개별 세정 펄스 출력 채널. 순서 번호를 출력 주소와 별도로 기록한다.,
EV17,필터 펄스 세정 밸브,필터 세정 밸브,pulse,BF01,자료에서 확인,FG 156 / PDF 157,1,0,0,1,개별 세정 펄스 출력 채널. 순서 번호를 출력 주소와 별도로 기록한다.,
EV18,필터 펄스 세정 밸브,필터 세정 밸브,pulse,BF01,자료에서 확인,FG 156 / PDF 157,1,0,0,1,개별 세정 펄스 출력 채널. 순서 번호를 출력 주소와 별도로 기록한다.,
EV19,필터 펄스 세정 밸브,필터 세정 밸브,pulse,BF01,자료에서 확인,FG 156 / PDF 157,1,0,0,1,개별 세정 펄스 출력 채널. 순서 번호를 출력 주소와 별도로 기록한다.,
EV20,필터 펄스 세정 밸브,필터 세정 밸브,pulse,BF01,자료에서 확인,FG 157 / PDF 158,1,0,0,1,개별 세정 펄스 출력 채널. 순서 번호를 출력 주소와 별도로 기록한다.,
EV21,필터 펄스 세정 밸브,필터 세정 밸브,pulse,BF01,자료에서 확인,FG 157 / PDF 158,1,0,0,1,개별 세정 펄스 출력 채널. 순서 번호를 출력 주소와 별도로 기록한다.,
EV22,필터 펄스 세정 밸브,필터 세정 밸브,pulse,BF01,자료에서 확인,FG 157 / PDF 158,1,0,0,1,개별 세정 펄스 출력 채널. 순서 번호를 출력 주소와 별도로 기록한다.,
EV23,필터 펄스 세정 밸브,필터 세정 밸브,pulse,BF01,자료에서 확인,FG 158 / PDF 159,1,0,0,1,개별 세정 펄스 출력 채널. 순서 번호를 출력 주소와 별도로 기록한다.,
EV24,필터 펄스 세정 밸브,필터 세정 밸브,pulse,BF01,자료에서 확인,FG 158 / PDF 159,1,0,0,1,개별 세정 펄스 출력 채널. 순서 번호를 출력 주소와 별도로 기록한다.,
EV25,필터 펄스 세정 밸브,필터 세정 밸브,pulse,BF01,자료에서 확인,FG 158 / PDF 159,1,0,0,1,개별 세정 펄스 출력 채널. 순서 번호를 출력 주소와 별도로 기록한다.,
EV26,필터 펄스 세정 밸브,필터 세정 밸브,pulse,BF01,자료에서 확인,FG 159 / PDF 160,1,0,0,1,개별 세정 펄스 출력 채널. 순서 번호를 출력 주소와 별도로 기록한다.,
EV27,필터 펄스 세정 밸브,필터 세정 밸브,pulse,BF01,자료에서 확인,FG 159 / PDF 160,1,0,0,1,개별 세정 펄스 출력 채널. 순서 번호를 출력 주소와 별도로 기록한다.,
EV28,필터 펄스 세정 밸브,필터 세정 밸브,pulse,BF01,자료에서 확인,FG 159 / PDF 160,1,0,0,1,개별 세정 펄스 출력 채널. 순서 번호를 출력 주소와 별도로 기록한다.,
EV29,필터 펄스 세정 밸브,필터 세정 밸브,pulse,BF01,자료에서 확인,FG 160 / PDF 161,1,0,0,1,개별 세정 펄스 출력 채널. 순서 번호를 출력 주소와 별도로 기록한다.,
EV30,필터 펄스 세정 밸브,필터 세정 밸브,pulse,BF01,자료에서 확인,FG 160 / PDF 161,1,0,0,1,개별 세정 펄스 출력 채널. 순서 번호를 출력 주소와 별도로 기록한다.,
EV31,필터 펄스 세정 밸브,필터 세정 밸브,pulse,BF01,자료에서 확인,FG 160 / PDF 161,1,0,0,1,개별 세정 펄스 출력 채널. 순서 번호를 출력 주소와 별도로 기록한다.,
EV32,필터 펄스 세정 밸브,필터 세정 밸브,pulse,BF01,자료에서 확인,FG 161 / PDF 162,1,0,0,1,개별 세정 펄스 출력 채널. 순서 번호를 출력 주소와 별도로 기록한다.,
EV33,필터 펄스 세정 밸브,필터 세정 밸브,pulse,BF01,자료에서 확인,FG 161 / PDF 162,1,0,0,1,개별 세정 펄스 출력 채널. 순서 번호를 출력 주소와 별도로 기록한다.,
EV34,필터 펄스 세정 밸브,필터 세정 밸브,pulse,BF01,자료에서 확인,FG 161 / PDF 162,1,0,0,1,개별 세정 펄스 출력 채널. 순서 번호를 출력 주소와 별도로 기록한다.,
EV35,필터 펄스 세정 밸브,필터 세정 밸브,pulse,BF01,자료에서 확인,FG 162 / PDF 163,1,0,0,1,개별 세정 펄스 출력 채널. 순서 번호를 출력 주소와 별도로 기록한다.,
EV36,필터 펄스 세정 밸브,필터 세정 밸브,pulse,BF01,자료에서 확인,FG 162 / PDF 163,1,0,0,1,개별 세정 펄스 출력 채널. 순서 번호를 출력 주소와 별도로 기록한다.,
EV37,필터 펄스 세정 밸브,필터 세정 밸브,pulse,BF01,자료에서 확인,FG 162 / PDF 163,1,0,0,1,개별 세정 펄스 출력 채널. 순서 번호를 출력 주소와 별도로 기록한다.,
EV38,필터 펄스 세정 밸브,필터 세정 밸브,pulse,BF01,자료에서 확인,FG 163 / PDF 164,1,0,0,1,개별 세정 펄스 출력 채널. 순서 번호를 출력 주소와 별도로 기록한다.,
EV39,필터 펄스 세정 밸브,필터 세정 밸브,pulse,BF01,자료에서 확인,FG 163 / PDF 164,1,0,0,1,개별 세정 펄스 출력 채널. 순서 번호를 출력 주소와 별도로 기록한다.,
EV40,필터 펄스 세정 밸브,필터 세정 밸브,pulse,BF01,자료에서 확인,FG 163 / PDF 164,1,0,0,1,개별 세정 펄스 출력 채널. 순서 번호를 출력 주소와 별도로 기록한다.,
EV41,필터 펄스 세정 밸브,필터 세정 밸브,pulse,BF01,자료에서 확인,FG 164 / PDF 165,1,0,0,1,개별 세정 펄스 출력 채널. 순서 번호를 출력 주소와 별도로 기록한다.,
EV42,필터 펄스 세정 밸브,필터 세정 밸브,pulse,BF01,자료에서 확인,FG 164 / PDF 165,1,0,0,1,개별 세정 펄스 출력 채널. 순서 번호를 출력 주소와 별도로 기록한다.,
EV43,필터 펄스 세정 밸브,필터 세정 밸브,pulse,BF01,자료에서 확인,FG 164 / PDF 165,1,0,0,1,개별 세정 펄스 출력 채널. 순서 번호를 출력 주소와 별도로 기록한다.,
EV44,필터 펄스 세정 밸브,필터 세정 밸브,pulse,BF01,자료에서 확인,FG 165 / PDF 166,1,0,0,1,개별 세정 펄스 출력 채널. 순서 번호를 출력 주소와 별도로 기록한다.,
EV45,필터 펄스 세정 밸브,필터 세정 밸브,pulse,BF01,자료에서 확인,FG 165 / PDF 166,1,0,0,1,개별 세정 펄스 출력 채널. 순서 번호를 출력 주소와 별도로 기록한다.,
EV46,필터 펄스 세정 밸브,필터 세정 밸브,pulse,BF01,자료에서 확인,FG 165 / PDF 166,1,0,0,1,개별 세정 펄스 출력 채널. 순서 번호를 출력 주소와 별도로 기록한다.,
EV47,필터 펄스 세정 밸브,필터 세정 밸브,pulse,BF01,자료에서 확인,FG 166 / PDF 167,1,0,0,1,개별 세정 펄스 출력 채널. 순서 번호를 출력 주소와 별도로 기록한다.,
EV48,필터 펄스 세정 밸브,필터 세정 밸브,pulse,BF01,자료에서 확인,FG 166 / PDF 167,1,0,0,1,개별 세정 펄스 출력 채널. 순서 번호를 출력 주소와 별도로 기록한다.,
EV49,필터 펄스 세정 밸브,필터 세정 밸브,pulse,BF01,자료에서 확인,FG 166 / PDF 167,1,0,0,1,개별 세정 펄스 출력 채널. 순서 번호를 출력 주소와 별도로 기록한다.,
EV50,필터 펄스 세정 밸브,필터 세정 밸브,pulse,BF01,자료에서 확인,FG 167 / PDF 168,1,0,0,1,개별 세정 펄스 출력 채널. 순서 번호를 출력 주소와 별도로 기록한다.,
EV51,필터 펄스 세정 밸브,필터 세정 밸브,pulse,BF02,자료에서 확인,FG 183 / PDF 186,1,0,0,1,개별 세정 펄스 출력 채널. 순서 번호를 출력 주소와 별도로 기록한다.,
EV52,필터 펄스 세정 밸브,필터 세정 밸브,pulse,BF02,자료에서 확인,FG 183 / PDF 186,1,0,0,1,개별 세정 펄스 출력 채널. 순서 번호를 출력 주소와 별도로 기록한다.,
EV53,필터 펄스 세정 밸브,필터 세정 밸브,pulse,BF02,자료에서 확인,FG 183 / PDF 186,1,0,0,1,개별 세정 펄스 출력 채널. 순서 번호를 출력 주소와 별도로 기록한다.,
EV54,필터 펄스 세정 밸브,필터 세정 밸브,pulse,BF02,자료에서 확인,FG 184 / PDF 187,1,0,0,1,개별 세정 펄스 출력 채널. 순서 번호를 출력 주소와 별도로 기록한다.,
EV55,필터 펄스 세정 밸브,필터 세정 밸브,pulse,BF02,자료에서 확인,FG 184 / PDF 187,1,0,0,1,개별 세정 펄스 출력 채널. 순서 번호를 출력 주소와 별도로 기록한다.,
EV56,필터 펄스 세정 밸브,필터 세정 밸브,pulse,BF02,자료에서 확인,FG 184 / PDF 187,1,0,0,1,개별 세정 펄스 출력 채널. 순서 번호를 출력 주소와 별도로 기록한다.,
EV57,필터 펄스 세정 밸브,필터 세정 밸브,pulse,BF02,자료에서 확인,FG 185 / PDF 188,1,0,0,1,개별 세정 펄스 출력 채널. 순서 번호를 출력 주소와 별도로 기록한다.,
EV58,필터 펄스 세정 밸브,필터 세정 밸브,pulse,BF02,자료에서 확인,FG 185 / PDF 188,1,0,0,1,개별 세정 펄스 출력 채널. 순서 번호를 출력 주소와 별도로 기록한다.,
EV59,필터 펄스 세정 밸브,필터 세정 밸브,pulse,BF02,자료에서 확인,FG 185 / PDF 188,1,0,0,1,개별 세정 펄스 출력 채널. 순서 번호를 출력 주소와 별도로 기록한다.,
EV60,필터 펄스 세정 밸브,필터 세정 밸브,pulse,BF02,자료에서 확인,FG 186 / PDF 189,1,0,0,1,개별 세정 펄스 출력 채널. 순서 번호를 출력 주소와 별도로 기록한다.,
EV61,필터 펄스 세정 밸브,필터 세정 밸브,pulse,BF02,자료에서 확인,FG 186 / PDF 189,1,0,0,1,개별 세정 펄스 출력 채널. 순서 번호를 출력 주소와 별도로 기록한다.,
EV62,필터 펄스 세정 밸브,필터 세정 밸브,pulse,BF02,자료에서 확인,FG 186 / PDF 189,1,0,0,1,개별 세정 펄스 출력 채널. 순서 번호를 출력 주소와 별도로 기록한다.,
EV63,필터 펄스 세정 밸브,필터 세정 밸브,pulse,BF02,자료에서 확인,FG 187 / PDF 190,1,0,0,1,개별 세정 펄스 출력 채널. 순서 번호를 출력 주소와 별도로 기록한다.,
EV64,필터 펄스 세정 밸브,필터 세정 밸브,pulse,BF02,자료에서 확인,FG 187 / PDF 190,1,0,0,1,개별 세정 펄스 출력 채널. 순서 번호를 출력 주소와 별도로 기록한다.,
EV65,필터 펄스 세정 밸브,필터 세정 밸브,pulse,BF02,자료에서 확인,FG 187 / PDF 190,1,0,0,1,개별 세정 펄스 출력 채널. 순서 번호를 출력 주소와 별도로 기록한다.,
EV66,필터 펄스 세정 밸브,필터 세정 밸브,pulse,BF02,자료에서 확인,FG 188 / PDF 191,1,0,0,1,개별 세정 펄스 출력 채널. 순서 번호를 출력 주소와 별도로 기록한다.,
EV67,필터 펄스 세정 밸브,필터 세정 밸브,pulse,BF02,자료에서 확인,FG 188 / PDF 191,1,0,0,1,개별 세정 펄스 출력 채널. 순서 번호를 출력 주소와 별도로 기록한다.,
EV68,필터 펄스 세정 밸브,필터 세정 밸브,pulse,BF02,자료에서 확인,FG 188 / PDF 191,1,0,0,1,개별 세정 펄스 출력 채널. 순서 번호를 출력 주소와 별도로 기록한다.,
EV69,필터 펄스 세정 밸브,필터 세정 밸브,pulse,BF02,자료에서 확인,FG 189 / PDF 192,1,0,0,1,개별 세정 펄스 출력 채널. 순서 번호를 출력 주소와 별도로 기록한다.,
EV70,필터 펄스 세정 밸브,필터 세정 밸브,pulse,BF02,자료에서 확인,FG 189 / PDF 192,1,0,0,1,개별 세정 펄스 출력 채널. 순서 번호를 출력 주소와 별도로 기록한다.,
EV71,필터 펄스 세정 밸브,필터 세정 밸브,pulse,BF02,자료에서 확인,FG 189 / PDF 192,1,0,0,1,개별 세정 펄스 출력 채널. 순서 번호를 출력 주소와 별도로 기록한다.,
EV72,필터 펄스 세정 밸브,필터 세정 밸브,pulse,BF02,자료에서 확인,FG 190 / PDF 193,1,0,0,1,개별 세정 펄스 출력 채널. 순서 번호를 출력 주소와 별도로 기록한다.,
EV73,필터 펄스 세정 밸브,필터 세정 밸브,pulse,BF02,자료에서 확인,FG 190 / PDF 193,1,0,0,1,개별 세정 펄스 출력 채널. 순서 번호를 출력 주소와 별도로 기록한다.,
EV74,필터 펄스 세정 밸브,필터 세정 밸브,pulse,BF02,자료에서 확인,FG 190 / PDF 193,1,0,0,1,개별 세정 펄스 출력 채널. 순서 번호를 출력 주소와 별도로 기록한다.,
EV75,필터 펄스 세정 밸브,필터 세정 밸브,pulse,BF02,자료에서 확인,FG 191 / PDF 194,1,0,0,1,개별 세정 펄스 출력 채널. 순서 번호를 출력 주소와 별도로 기록한다.,
EV76,필터 펄스 세정 밸브,필터 세정 밸브,pulse,BF02,자료에서 확인,FG 191 / PDF 194,1,0,0,1,개별 세정 펄스 출력 채널. 순서 번호를 출력 주소와 별도로 기록한다.,
EV77,필터 펄스 세정 밸브,필터 세정 밸브,pulse,BF02,자료에서 확인,FG 191 / PDF 194,1,0,0,1,개별 세정 펄스 출력 채널. 순서 번호를 출력 주소와 별도로 기록한다.,
EV78,필터 펄스 세정 밸브,필터 세정 밸브,pulse,BF02,자료에서 확인,FG 192 / PDF 195,1,0,0,1,개별 세정 펄스 출력 채널. 순서 번호를 출력 주소와 별도로 기록한다.,
EV79,필터 펄스 세정 밸브,필터 세정 밸브,pulse,BF02,자료에서 확인,FG 192 / PDF 195,1,0,0,1,개별 세정 펄스 출력 채널. 순서 번호를 출력 주소와 별도로 기록한다.,
EV80,필터 펄스 세정 밸브,필터 세정 밸브,pulse,BF02,자료에서 확인,FG 192 / PDF 195,1,0,0,1,개별 세정 펄스 출력 채널. 순서 번호를 출력 주소와 별도로 기록한다.,
EV81,필터 펄스 세정 밸브,필터 세정 밸브,pulse,BF02,자료에서 확인,FG 193 / PDF 196,1,0,0,1,개별 세정 펄스 출력 채널. 순서 번호를 출력 주소와 별도로 기록한다.,
EV82,필터 펄스 세정 밸브,필터 세정 밸브,pulse,BF02,자료에서 확인,FG 193 / PDF 196,1,0,0,1,개별 세정 펄스 출력 채널. 순서 번호를 출력 주소와 별도로 기록한다.,
EV83,필터 펄스 세정 밸브,필터 세정 밸브,pulse,BF02,자료에서 확인,FG 193 / PDF 196,1,0,0,1,개별 세정 펄스 출력 채널. 순서 번호를 출력 주소와 별도로 기록한다.,
EV84,필터 펄스 세정 밸브,필터 세정 밸브,pulse,BF02,자료에서 확인,FG 194 / PDF 197,1,0,0,1,개별 세정 펄스 출력 채널. 순서 번호를 출력 주소와 별도로 기록한다.,
EV85,필터 펄스 세정 밸브,필터 세정 밸브,pulse,BF02,자료에서 확인,FG 194 / PDF 197,1,0,0,1,개별 세정 펄스 출력 채널. 순서 번호를 출력 주소와 별도로 기록한다.,
EV86,필터 펄스 세정 밸브,필터 세정 밸브,pulse,BF02,자료에서 확인,FG 194 / PDF 197,1,0,0,1,개별 세정 펄스 출력 채널. 순서 번호를 출력 주소와 별도로 기록한다.,
EV87,필터 펄스 세정 밸브,필터 세정 밸브,pulse,BF02,자료에서 확인,FG 195 / PDF 198,1,0,0,1,개별 세정 펄스 출력 채널. 순서 번호를 출력 주소와 별도로 기록한다.,
EV88,필터 펄스 세정 밸브,필터 세정 밸브,pulse,BF02,자료에서 확인,FG 195 / PDF 198,1,0,0,1,개별 세정 펄스 출력 채널. 순서 번호를 출력 주소와 별도로 기록한다.,
EV89,필터 펄스 세정 밸브,필터 세정 밸브,pulse,BF02,자료에서 확인,FG 195 / PDF 198,1,0,0,1,개별 세정 펄스 출력 채널. 순서 번호를 출력 주소와 별도로 기록한다.,
EV90,필터 펄스 세정 밸브,필터 세정 밸브,pulse,BF02,자료에서 확인,FG 196 / PDF 199,1,0,0,1,개별 세정 펄스 출력 채널. 순서 번호를 출력 주소와 별도로 기록한다.,
CYL-CL01,공압 실린더,하위 구성품,component,PV01,자료에서 확인,직접 회로 식별 근거 없음,0,0,0,0,P&ID의 실린더. 독립 PLC 출력으로 단정하지 않고 상위 밸브 구동 관계를 점검한다.,외부 모터 CLIENT-CL01과 별개다.
CYL-CL02,공압 실린더,하위 구성품,component,PV01,자료에서 확인,직접 회로 식별 근거 없음,0,0,0,0,P&ID의 실린더. 독립 PLC 출력으로 단정하지 않고 상위 밸브 구동 관계를 점검한다.,외부 모터 CLIENT-CL02과 별개다.
CYL-CL03,공압 실린더,하위 구성품,component,PV01,자료에서 확인,직접 회로 식별 근거 없음,0,0,0,0,P&ID의 실린더. 독립 PLC 출력으로 단정하지 않고 상위 밸브 구동 관계를 점검한다.,외부 모터 CLIENT-CL03과 별개다.
CYL-CL04,공압 실린더,하위 구성품,component,PV01,자료에서 확인,직접 회로 식별 근거 없음,0,0,0,0,P&ID의 실린더. 독립 PLC 출력으로 단정하지 않고 상위 밸브 구동 관계를 점검한다.,외부 모터 CLIENT-CL04과 별개다.
CYL-CL05,공압 실린더,하위 구성품,component,PV02,자료에서 확인,직접 회로 식별 근거 없음,0,0,0,0,P&ID의 실린더. 독립 PLC 출력으로 단정하지 않고 상위 밸브 구동 관계를 점검한다.,외부 모터 CLIENT-CL05과 별개다.
CYL-CL06,공압 실린더,하위 구성품,component,PV02,자료에서 확인,직접 회로 식별 근거 없음,0,0,0,0,P&ID의 실린더. 독립 PLC 출력으로 단정하지 않고 상위 밸브 구동 관계를 점검한다.,외부 모터 CLIENT-CL06과 별개다.
CYL-CL07,공압 실린더,하위 구성품,component,PV02,자료에서 확인,직접 회로 식별 근거 없음,0,0,0,0,P&ID의 실린더. 독립 PLC 출력으로 단정하지 않고 상위 밸브 구동 관계를 점검한다.,외부 모터 CLIENT-CL07과 별개다.
CYL-CL08,공압 실린더,하위 구성품,component,PV02,자료에서 확인,직접 회로 식별 근거 없음,0,0,0,0,P&ID의 실린더. 독립 PLC 출력으로 단정하지 않고 상위 밸브 구동 관계를 점검한다.,외부 모터 CLIENT-CL08과 별개다.
CYL-CL09,공압 실린더,하위 구성품,component,PV03,자료에서 확인,직접 회로 식별 근거 없음,0,0,0,0,P&ID의 실린더. 독립 PLC 출력으로 단정하지 않고 상위 밸브 구동 관계를 점검한다.,외부 모터 CLIENT-CL09과 별개다.
CYL-CL10,공압 실린더,하위 구성품,component,PV03,자료에서 확인,직접 회로 식별 근거 없음,0,0,0,0,P&ID의 실린더. 독립 PLC 출력으로 단정하지 않고 상위 밸브 구동 관계를 점검한다.,외부 모터 CLIENT-CL10과 별개다.
CYL-CL11,공압 실린더,하위 구성품,component,PV04,자료에서 확인,직접 회로 식별 근거 없음,0,0,0,0,P&ID의 실린더. 독립 PLC 출력으로 단정하지 않고 상위 밸브 구동 관계를 점검한다.,외부 모터 CLIENT-CL11과 별개다.
CYL-CL12,공압 실린더,하위 구성품,component,PV14,자료에서 확인,직접 회로 식별 근거 없음,0,0,0,0,P&ID의 실린더. 독립 PLC 출력으로 단정하지 않고 상위 밸브 구동 관계를 점검한다.,외부 모터 CLIENT-CL12과 별개다.
LS01,밸브 위치 리미트 스위치,하위 구성품,component,PV01,P&ID/전기/백업 번호 대조,"FG 69 / PDF 70, FG 70 / PDF 71",1,0,0,0,개방/폐쇄 위치 센서. 번호·방향·단자·PLC 입력을 상위 장치와 대조한다.,
LS02,밸브 위치 리미트 스위치,하위 구성품,component,PV01,P&ID/전기/백업 번호 대조,"FG 69 / PDF 70, FG 70 / PDF 71",1,0,0,3,개방/폐쇄 위치 센서. 번호·방향·단자·PLC 입력을 상위 장치와 대조한다.,
LS05,밸브 위치 리미트 스위치,하위 구성품,component,PV01,P&ID/전기/백업 번호 대조,"FG 69 / PDF 70, FG 70 / PDF 71",1,0,0,0,개방/폐쇄 위치 센서. 번호·방향·단자·PLC 입력을 상위 장치와 대조한다.,
LS06,밸브 위치 리미트 스위치,하위 구성품,component,PV01,P&ID/전기/백업 번호 대조,"FG 69 / PDF 70, FG 70 / PDF 71",1,0,0,3,개방/폐쇄 위치 센서. 번호·방향·단자·PLC 입력을 상위 장치와 대조한다.,
LS09,밸브 위치 리미트 스위치,하위 구성품,component,PV03,P&ID/전기/백업 번호 대조,FG 73 / PDF 74,1,0,0,0,개방/폐쇄 위치 센서. 번호·방향·단자·PLC 입력을 상위 장치와 대조한다.,
LS10,밸브 위치 리미트 스위치,하위 구성품,component,PV03,P&ID/전기/백업 번호 대조,FG 73 / PDF 74,1,0,0,0,개방/폐쇄 위치 센서. 번호·방향·단자·PLC 입력을 상위 장치와 대조한다.,
LS15,밸브 위치 리미트 스위치,하위 구성품,component,MV05,P&ID/전기/백업 번호 대조,"FG 30 / PDF 31, FG 31 / PDF 32, FG 34 / PDF 35, FG 35 / PDF 36",1,0,0,0,개방/폐쇄 위치 센서. 번호·방향·단자·PLC 입력을 상위 장치와 대조한다.,
LS16,밸브 위치 리미트 스위치,하위 구성품,component,MV05,P&ID/전기/백업 번호 대조,"FG 30 / PDF 31, FG 31 / PDF 32, FG 34 / PDF 35, FG 35 / PDF 36",1,0,0,0,개방/폐쇄 위치 센서. 번호·방향·단자·PLC 입력을 상위 장치와 대조한다.,
LS17,밸브 위치 리미트 스위치,하위 구성품,component,MV02,P&ID/전기/백업 번호 대조,"FG 30 / PDF 31, FG 31 / PDF 32, FG 36 / PDF 37, FG 37 / PDF 38",1,0,0,0,개방/폐쇄 위치 센서. 번호·방향·단자·PLC 입력을 상위 장치와 대조한다.,
LS18,밸브 위치 리미트 스위치,하위 구성품,component,MV02,P&ID/전기/백업 번호 대조,"FG 30 / PDF 31, FG 31 / PDF 32, FG 36 / PDF 37, FG 37 / PDF 38",1,0,0,0,개방/폐쇄 위치 센서. 번호·방향·단자·PLC 입력을 상위 장치와 대조한다.,
LS19,밸브 위치 리미트 스위치,하위 구성품,component,MV03,P&ID/전기/백업 번호 대조,"FG 38 / PDF 39, FG 39 / PDF 40",1,0,0,0,개방/폐쇄 위치 센서. 번호·방향·단자·PLC 입력을 상위 장치와 대조한다.,
LS20,밸브 위치 리미트 스위치,하위 구성품,component,MV03,P&ID/전기/백업 번호 대조,"FG 38 / PDF 39, FG 39 / PDF 40",1,0,0,0,개방/폐쇄 위치 센서. 번호·방향·단자·PLC 입력을 상위 장치와 대조한다.,
LS21A,밸브 위치 리미트 스위치,하위 구성품,component,MV04,P&ID/전기/백업 번호 대조,"FG 40 / PDF 41, FG 41 / PDF 42",1,0,0,0,개방/폐쇄 위치 센서. 번호·방향·단자·PLC 입력을 상위 장치와 대조한다.,
LS21B,밸브 위치 리미트 스위치,하위 구성품,component,MV04,P&ID/전기/백업 번호 대조,"FG 40 / PDF 41, FG 41 / PDF 42",1,0,0,0,개방/폐쇄 위치 센서. 번호·방향·단자·PLC 입력을 상위 장치와 대조한다.,
LS22A,밸브 위치 리미트 스위치,하위 구성품,component,MV04,P&ID/전기/백업 번호 대조,"FG 40 / PDF 41, FG 41 / PDF 42",1,0,0,0,개방/폐쇄 위치 센서. 번호·방향·단자·PLC 입력을 상위 장치와 대조한다.,
LS22B,밸브 위치 리미트 스위치,하위 구성품,component,MV04,P&ID/전기/백업 번호 대조,"FG 40 / PDF 41, FG 41 / PDF 42",1,0,0,0,개방/폐쇄 위치 센서. 번호·방향·단자·PLC 입력을 상위 장치와 대조한다.,
LS23,밸브 위치 리미트 스위치,하위 구성품,component,MV01,P&ID/전기/백업 번호 대조,"FG 44 / PDF 45, FG 45 / PDF 46",1,0,0,0,개방/폐쇄 위치 센서. 번호·방향·단자·PLC 입력을 상위 장치와 대조한다.,
LS24,밸브 위치 리미트 스위치,하위 구성품,component,MV01,P&ID/전기/백업 번호 대조,"FG 44 / PDF 45, FG 45 / PDF 46",1,0,0,0,개방/폐쇄 위치 센서. 번호·방향·단자·PLC 입력을 상위 장치와 대조한다.,
LS25,밸브 위치 리미트 스위치,하위 구성품,component,PV02,P&ID/전기/백업 번호 대조,"FG 71 / PDF 72, FG 72 / PDF 73",1,0,0,0,개방/폐쇄 위치 센서. 번호·방향·단자·PLC 입력을 상위 장치와 대조한다.,
LS26,밸브 위치 리미트 스위치,하위 구성품,component,PV02,P&ID/전기/백업 번호 대조,"FG 71 / PDF 72, FG 72 / PDF 73",1,0,0,0,개방/폐쇄 위치 센서. 번호·방향·단자·PLC 입력을 상위 장치와 대조한다.,
LS29,밸브 위치 리미트 스위치,하위 구성품,component,PV02,P&ID/전기/백업 번호 대조,"FG 71 / PDF 72, FG 72 / PDF 73",1,0,0,0,개방/폐쇄 위치 센서. 번호·방향·단자·PLC 입력을 상위 장치와 대조한다.,
LS30,밸브 위치 리미트 스위치,하위 구성품,component,PV02,P&ID/전기/백업 번호 대조,"FG 71 / PDF 72, FG 72 / PDF 73",1,0,0,0,개방/폐쇄 위치 센서. 번호·방향·단자·PLC 입력을 상위 장치와 대조한다.,
LS32,밸브 위치 리미트 스위치,하위 구성품,component,PV04,P&ID/전기/백업 번호 대조,FG 74 / PDF 75,1,0,0,0,개방/폐쇄 위치 센서. 번호·방향·단자·PLC 입력을 상위 장치와 대조한다.,
LS33,밸브 위치 리미트 스위치,하위 구성품,component,PV04,P&ID/전기/백업 번호 대조,FG 74 / PDF 75,1,0,0,0,개방/폐쇄 위치 센서. 번호·방향·단자·PLC 입력을 상위 장치와 대조한다.,
LS34,밸브 위치 리미트 스위치,하위 구성품,component,MV06,P&ID/전기/백업 번호 대조,"FG 30 / PDF 31, FG 31 / PDF 32, FG 32 / PDF 33, FG 33 / PDF 34",0,0,0,0,개방/폐쇄 위치 센서. 번호·방향·단자·PLC 입력을 상위 장치와 대조한다.,MV06은 P&ID LS34/35와 백업 LS40/41 표기가 다르다.
LS35,밸브 위치 리미트 스위치,하위 구성품,component,MV06,P&ID/전기/백업 번호 대조,"FG 30 / PDF 31, FG 31 / PDF 32, FG 32 / PDF 33, FG 33 / PDF 34",0,0,0,0,개방/폐쇄 위치 센서. 번호·방향·단자·PLC 입력을 상위 장치와 대조한다.,MV06은 P&ID LS34/35와 백업 LS40/41 표기가 다르다.
LS40,밸브 위치 리미트 스위치,하위 구성품,component,MV06,P&ID/전기/백업 번호 대조,"FG 30 / PDF 31, FG 31 / PDF 32, FG 32 / PDF 33, FG 33 / PDF 34",1,0,0,0,개방/폐쇄 위치 센서. 번호·방향·단자·PLC 입력을 상위 장치와 대조한다.,MV06은 P&ID LS34/35와 백업 LS40/41 표기가 다르다.
LS41,밸브 위치 리미트 스위치,하위 구성품,component,MV06,P&ID/전기/백업 번호 대조,"FG 30 / PDF 31, FG 31 / PDF 32, FG 32 / PDF 33, FG 33 / PDF 34",1,0,0,0,개방/폐쇄 위치 센서. 번호·방향·단자·PLC 입력을 상위 장치와 대조한다.,MV06은 P&ID LS34/35와 백업 LS40/41 표기가 다르다.
SYS-POWER,주전원·보조전원·제어반,공통 시스템,software,,자료에서 확인,"FG 6 / PDF 7, FG 7 / PDF 8, FG 8 / PDF 9, FG 9 / PDF 10, FG 10 / PDF 11, FG 11 / PDF 12, FG 16 / PDF 17, FG 84 / PDF 85",1,0,0,1,주전원·110Vac·24Vdc·제어반 냉각과 서비스 릴레이를 관리한다. 표지 전압과 회로 제목의 차이를 확인한다.,
SYS-SAFETY,비상정지·일반 안전 회로,공통 시스템,software,,자료에서 확인,"FG 12 / PDF 13, FG 13 / PDF 14, FG 14 / PDF 15, FG 15 / PDF 16, FG 99 / PDF 100, FG 236 / PDF 239",3,0,0,40,"비상정지와 일반 허가, 온도 허가 회로의 물리·논리 경로를 검토한다. CPU 형식이나 일반 PLC 접점만으로 안전 인증을 판단하지 않는다.",
SYS-PLC-IO,CPU·분산 I/O·신호 변환,공통 시스템,software,,자료에서 확인,"FG 102 / PDF 103, FG 103 / PDF 104, FG 104 / PDF 105, FG 105 / PDF 106, FG 106 / PDF 107, FG 107 / PDF 108, FG 108 / PDF 109, FG 109 / PDF 110, FG 110 / PDF 111, FG 111 / PDF 112, FG 112 / PDF 113, FG 113 / PDF 114, FG 114 / PDF 115, FG 115 / PDF 116, FG 116 / PDF 117, FG 117 / PDF 118, FG 118 / PDF 119, FG 119 / PDF 120, FG 120 / PDF 121, FG 121 / PDF 122, FG 122 / PDF 123, FG 123 / PDF 124, FG 124 / PDF 125, FG 125 / PDF 126, FG 126 / PDF 127, FG 127 / PDF 128, FG 128 / PDF 129, FG 129 / PDF 130, FG 130 / PDF 131, FG 131 / PDF 132, FG 132 / PDF 133, FG 133 / PDF 134, FG 134 / PDF 135, FG 135 / PDF 136, FG 136 / PDF 137, FG 137 / PDF 138, FG 138 / PDF 139, FG 139 / PDF 140, FG 140 / PDF 141, FG 141 / PDF 142, FG 142 / PDF 143, FG 143 / PDF 144, FG 144 / PDF 145, FG 145 / PDF 146, FG 146 / PDF 147, FG 147 / PDF 148, FG 148 / PDF 149, FG 149 / PDF 150, FG 153 / PDF 154, FG 182 / PDF 185",0,0,0,84,"CPU·I/O 구성, 원시 입력/출력, 단위 환산, 엔코더/TM 및 진단 상태를 관리한다.",
SYS-HMI,HMI·통신·가공 상태,공통 시스템,software,,자료에서 확인,직접 회로 식별 근거 없음,0,0,0,54,기본 HMI의 화면·태그·PLC 주소·상태 가공과 운전 요청 경로를 관리한다. 전체 782개 설정 대장을 제공한다.,
SYS-ALARM,알람·경광등·사이렌·Reset,공통 시스템,software,,자료에서 확인,FG 17 / PDF 18,4,0,1,98,원인·유지·확인·Reset·통합 알람 및 출력 표시를 연결한다. HMI Reset 요청과 내부 Reset 비트를 별도 신호로 추적한다.,
SYS-AUTO,자동 기동·정지·유지보수,공통 시스템,software,,자료에서 확인,직접 회로 식별 근거 없음,0,2,2,37,운전 허가·기동 단계·대기·유지보수 모드의 호출 및 출력 관계를 관리한다.,
SYS-PID,온도·압력·산소·비율 제어,공통 시스템,software,,자료에서 확인,직접 회로 식별 근거 없음,0,0,2,52,"주기 OB의 PID 호출, 채널 선택, 수동/자동, 제한과 밸브·버너 출력 경로를 관리한다.",
SYS-RECIPES,레시피·설정값 관리,공통 시스템,software,,자료에서 확인,직접 회로 식별 근거 없음,0,0,4,1,레시피 선택·편집·적용값·현재 설정 DB를 추적한다. 화면 편집 값과 실제 적용 값의 전달 경로를 구분한다.,
SYS-SIMULATION,기존 시험·시뮬레이션 블록,공통 시스템,software,,자료에서 확인,직접 회로 식별 근거 없음,0,2,0,42,백업에 남은 Simulation 블록과 시험 비트가 실제 입력 대체·자동 조건에 미치는 영향을 검토한다.,
SYS-RUNHOURS,모터 운전시간·정비 이력,공통 시스템,software,,자료에서 확인,직접 회로 식별 근거 없음,0,0,0,56,Time work motor 관련 카운트·유지보수 값·Reset 경로를 관리한다.,
SYS-COUNTERS,생산량·가스·유량 계수,공통 시스템,software,,자료에서 확인,직접 회로 식별 근거 없음,0,0,5,54,BWF 펄스·생산량·가스/유량·Reset·스케일과 누적값을 관리한다.,
SYS-LEGACY,과거 태그·이름 대응,공통 시스템,software,,자료에서 확인,직접 회로 식별 근거 없음,0,1,0,8,MN01 속도 감소 참조와 PC03/TR01/FR01/VT01 등 과거 이름을 현재 설비와 대조한다. 이름만으로 장치를 병합하지 않는다. DB 인터페이스 설명 원문은 block_summary.json 및 live_index.json에 보존했다.,
