id,kind,source_id,title,source_status,equipment_ids,related_equipment_ids,priority_keys,global_scope,observation,next_check,source_file
source:BASELINE,source,BASELINE,백업 파일명과 내부 프로젝트 날짜,원인·해소 미확정,,,,True,GME_20250506.zap18 내부 GME_20250605.ap18; 2026-10-01은 보관 일자,온라인 PLC 및 현재 엔지니어링 프로젝트와 비교,registers/source-conflict-review.csv
source:POWER,source,POWER,설치 전력·도면 세대,원인·해소 미확정,,,,True,2013 P&ID 355kW / 2024~2025 전기 463kW,설치·개조 내역과 명판 기준 확정,registers/source-conflict-review.csv
source:VOLTAGE,source,VOLTAGE,주전원 표기,원인·해소 미확정,,,,True,전기 표지 440Vac / 일부 인덱스 제목 400V,현장 공급 및 실제 회로/명판 확인,registers/source-conflict-review.csv
source:PV01-LS02,source,PV01-LS02,닫힘 센서 예비 표기,원인·해소 미확정,PV01 / LS02,,P05,False,"FG70에 LS02, PLC I8.7, FG124 SPARE 표기",단자와 현재 입력 채널 실제 사용 확인,registers/source-conflict-review.csv
source:ADDRESS,source,ADDRESS,현재 주소와 과거 주석,원인·해소 미확정,,,,True,심볼 Address와 설명에 남은 옛 E/A 주소가 다름,Address 및 실제 모듈/배선으로 대조,registers/source-conflict-review.csv
source:MC05-SC12-PV04,source,MC05-SC12-PV04,삭제/예비 및 잔존 I/O,원인·해소 미확정,MC05 / SC12 / PV04 / EV07 / CYL-CL11,,,False,"도면/심볼에는 존재, Motors 1 일부 deleted 제목",실물·현재 네트워크·사용 상태 확정,registers/source-conflict-review.csv
source:FN01-FAN,source,FN01-FAN,냉각팬 삭제/예비,원인·해소 미확정,FN01 / FN01-FAN,,P15,False,"FG54 SPARE, I4.5/Q3.5 잔존",현재 연결 및 필요성 확인,registers/source-conflict-review.csv
source:MV04-MC04,source,MV04-MC04,아날로그 입력 목적 충돌,원인·해소 미확정,MV04 / MC04,,P08,False,MV04 위치 M18A/IW324를 MC04 전류 변환에서 참조,현장 배선·모듈 채널·사용 프로그램 목적 확인,registers/source-conflict-review.csv
source:FN04,source,FN04,실구동 출력 및 제목,원인·해소 미확정,FN04 / PC01 / SYS-PID,,P02,False,Q17.1 start fn04 / Q4.2 옛 FN04 주석; 변환 제목 FN02,사용처와 전기도면 기준 현재 채널 확인,registers/source-conflict-review.csv
source:MV06-LS,source,MV06-LS,리미트 번호 변경,원인·해소 미확정,MV06 / LS34 / LS35 / LS40 / LS41,,P21,False,P&ID LS34/35 / 백업 LS40/41,변경 이력과 실제 센서/단자 확인,registers/source-conflict-review.csv
source:CL-NAMESPACE,source,CL-NAMESPACE,같은 CL 번호의 다른 장치,원인·해소 미확정,CLIENT-CL01 / CLIENT-CL02 / CLIENT-CL03 / CLIENT-CL04 / CLIENT-CL05 / CLIENT-CL06 / CLIENT-CL07 / CLIENT-CL08 / CLIENT-CL09 / CLIENT-CL10 / CLIENT-CL13 / CLIENT-CL14 / CLIENT-CL15 / CLIENT-CL16 / CLIENT-CL17 / CLIENT-CL18 / CLIENT-CL19 / CYL-CL01 / CYL-CL02 / CYL-CL03 / CYL-CL04 / CYL-CL05 / CYL-CL06 / CYL-CL07 / CYL-CL08 / CYL-CL09 / CYL-CL10 / CYL-CL11 / CYL-CL12,,,False,P&ID 실린더 CL01~12 / 외부 모터 CL01~19 일부 채널,CYL-CL / CLIENT-CL ID 유지,registers/source-conflict-review.csv
source:TC05,source,TC05,베어링 채널·범위 문구,원인·해소 미확정,TC04 / TC05 / FN01,,P15,False,TC04/TC05·범위 설명 혼재,전송기 범위와 AI 채널/환산 계수 확인,registers/source-conflict-review.csv
source:RO03,source,RO03,산소 대체 계산,원인·해소 미확정,RO03 / RO02 / SYS-PID,,,False,실제 입력 외 RO02+11 참조,원본 분기·시험 비트·현재 값 확인,registers/source-conflict-review.csv
source:BF02-DP,source,BF02-DP,차압 계수 이름,원인·해소 미확정,BF02 / DP01 / DP02 / SYS-PID,,,False,DP02와 DP01 임계값 참조 혼재,공용 설정 의도와 실제 적용 확인,registers/source-conflict-review.csv
source:CLIENT19,source,CLIENT19,고장/운전 신호 의미,원인·해소 미확정,CLIENT-CL19 / SYS-ALARM,,,False,Primaryshredder run을 fault 알람에 연결,외부 신호 정상 극성과 원본 접점 확인,registers/source-conflict-review.csv
source:BR01,source,BR01,버너 상세 도면 경계,원인·해소 미확정,BR01 / AB01 / FN03 / SYS-SAFETY,,P11 / P12 / P17,False,P&ID에서 버너 별도 DWG 참조,제조사 버너 도면/안전 제어 순서 확보,registers/source-conflict-review.csv
source:SOURCE-XML,source,SOURCE-XML,복원 해석과 TIA 결과,원인·해소 미확정,,,,True,426 LAD 원본 XML 복원; 상수/일부 참조 이름 미해석,TIA에서 프로젝트 복원·블록 비교·컴파일·오프라인 실행 검증,registers/source-conflict-review.csv
source:PID-TM,source,PID-TM,과거 위치 계측과 현재 엔코더,원인·해소 미확정,ZT02 / ZT03 / ZT04 / ZT05 / ZT06 / MV01 / MV02 / MV03 / MV05 / MV06,,P19 / P20 / P21,False,P&ID ZT02~06 / TM·엔코더 카운트 사용,실제 위치 계측 방식/보정 절차 확인,registers/source-conflict-review.csv
construction:C01,construction,C01,시공 자료 C01,확인 대기,MV06,,P21,False,=FLB+MV06-FLO4TB2A가 TM/CVV-S/4S/CR 시작 행과 DC/CVV/7G/UC01 시작 행에 반복됩니다.,"제작사 수정본, 양단 케이블 표찰·접속함 단자 기록을 대조해 두 간선을 식별합니다.",registers/construction-review.json
construction:C02,construction,C02,시공 자료 C02,확인 대기,BR01 / CC01,,P10 / P11,False,=ENT+CC01-BR01F가 같은 FROM/TO·AI·4S 규격으로 두 행에 반복됩니다.,버너 전용 배선도와 양단 표찰·케이블 수를 확인합니다. 자동 중복 제거를 하지 않습니다.,registers/construction-review.json
construction:C03,construction,C03,시공 자료 C03,확인 대기,MV05 / MV06,,P21,False,"MV05 FLO1TB2 간선 설명은 ZT06, 같은 접속함에서 나가는 직접 케이블·TO는 ZT05입니다.","MV05·MV06 실물 센서 표찰과 단자, 원본 회로도·PLC 심볼을 각각 확인합니다.",registers/construction-review.json
construction:C04,construction,C04,시공 자료 C04,확인 대기,RD01,,P06,False,"=ROT+RD01-M03A: PDF24 배관표 SIZE16, PDF51 케이블 목록 SIZE25SB입니다.",승인된 개정본과 실제 케이블·보호기기·모터 명판을 대조합니다. 이 매뉴얼에서 임의 규격을 확정하지 않습니다.,registers/construction-review.json
construction:C05,construction,C05,시공 자료 C05,확인 대기,FN04,,P02,False,"PDF48 DUST14의 모터 그림은 M34/M38, 표의 TAG는 M31/M34, 케이블 접미사·PDF52 TO는 M31/M36입니다.","OEM FG59의 M31/M36, 배치도, 양단 표찰·모터 명판을 별도로 대조합니다. PDF48 표기를 현장 ID로 채택하지 않습니다.",registers/construction-review.json
construction:C06,construction,C06,시공 자료 C06,확인 대기,PV02 / EV03,,P07,False,"배관도 PDF24의 LS25·LS26 No.는 5_3·5_4, 케이블 목록 PDF55에서는 5_4·5_5입니다. PDF55의 5_3은 RD01 ROT1TB2 간선입니다.",전체 케이블 식별자+페이지+FROM/TO로 대조하고 제작사 개정본에서 참조 순번을 확인합니다.,registers/construction-review.json
construction:C07,construction,C07,시공 자료 C07,확인 대기,MC04 / MC05,,P08,False,케이블 식별자는 =EXI+MC04-SS11A지만 TO는 MC05 / SS11입니다.,"SS10·SS11 실물 위치, EXI1TB2 양단 단자와 OEM 회로도를 확인합니다. 이름만으로 소유 설비를 지정하지 않습니다.",registers/construction-review.json
common:COM-01,common,COM-01,ON·OFF 값과 초기화,확인 대기,,,,True,"ON=%M0.0·OFF=%M0.1의 현재값, 초기화·외부 쓰기·호출 조건을 확인한다. 이름만으로 상수 True/False로 치환하지 않는다.","ON=%M0.0·OFF=%M0.1의 현재값, 초기화·외부 쓰기·호출 조건을 확인한다. 이름만으로 상수 True/False로 치환하지 않는다.",registers/common-control.json
common:COM-02,common,COM-02,주기와 카운터 시간,확인 대기,,,,True,cyc_int2 ogni 1s의 실제 OB 설정·호출 간격과 카운터 증가를 대조한다. 단계 값을 초로 확정하기 전 시간 근거를 기록한다.,cyc_int2 ogni 1s의 실제 OB 설정·호출 간격과 카운터 증가를 대조한다. 단계 값을 초로 확정하기 전 시간 근거를 기록한다.,registers/common-control.json
common:COM-03,common,COM-03,예열·생산 요청의 시작 주체,확인 대기,,BC01 / FN04 / PV01 / RD01 / PV02 / MC04 / VS01 / BR01 / FN01 / FN02 / FN03 / FN06,P01 / P02 / P05 / P06 / P07 / P08 / P09 / P11 / P15 / P16 / P17 / P18,True,Data.Tipo_preset=1/2와 Flag.Auto_ON1의 HMI·외부·다른 언어 블록 쓰기를 찾는다. 복원 LAD의 직접 쓰기만으로 전체 요청 경로를 확정하지 않는다.,Data.Tipo_preset=1/2와 Flag.Auto_ON1의 HMI·외부·다른 언어 블록 쓰기를 찾는다. 복원 LAD의 직접 쓰기만으로 전체 요청 경로를 확정하지 않는다.,registers/common-control.json
common:COM-04,common,COM-04,카운터 초기화 미해석,확인 대기,,,,True,NOT 접점 Part92의 ORef74 이름과 호출을 TIA에서 확인한다. RefId4가 다른 피연산자와 같지만 해당 UID의 이름은 미복원 상태로 유지한다.,NOT 접점 Part92의 ORef74 이름과 호출을 TIA에서 확인한다. RefId4가 다른 피연산자와 같지만 해당 UID의 이름은 미복원 상태로 유지한다.,registers/common-control.json
common:COM-05,common,COM-05,리셋 타이머·출력,확인 대기,,,,True,TOF 두 인스턴스·PT=T#3s·Q→Q7.4/Q7.5 경로와 SD Tag_160의 S5T#1S를 현재 프로그램·출력 회로에서 대조한다. 알람 해제·인버터 출력·경음기 정지를 구분한다.,TOF 두 인스턴스·PT=T#3s·Q→Q7.4/Q7.5 경로와 SD Tag_160의 S5T#1S를 현재 프로그램·출력 회로에서 대조한다. 알람 해제·인버터 출력·경음기 정지를 구분한다.,registers/common-control.json
common:COM-06,common,COM-06,비상 모듈 알람의 Set/Reset,확인 대기,,BC01 / FN04 / PV01 / RD01 / MC04 / VS01 / FN01 / FN02 / FN03 / FN06,P01 / P02 / P05 / P06 / P08 / P09 / P15 / P16 / P17 / P18,True,Inputs.EM_OK 불량과 RESET_ALLARM이 겹칠 때 같은 알람의 Set·Reset 및 이후 쓰기를 확인한다. 리셋만으로 원인 제거·하드웨어 복구 완료로 판단하지 않는다.,Inputs.EM_OK 불량과 RESET_ALLARM이 겹칠 때 같은 알람의 Set·Reset 및 이후 쓰기를 확인한다. 리셋만으로 원인 제거·하드웨어 복구 완료로 판단하지 않는다.,registers/common-control.json
common:COM-07,common,COM-07,기동 초기화와 기억 상태,확인 대기,,MV01 / MV03 / MV06,P19 / P20 / P21,True,startup only의 실제 OB 조건·미해석 Move 대상 범위·DB 유지 설정·게이트 닫힘 메모를 대조한다. 닫힘 메모는 실제 센서 응답과 별도로 기록한다.,startup only의 실제 OB 조건·미해석 Move 대상 범위·DB 유지 설정·게이트 닫힘 메모를 대조한다. 닫힘 메모는 실제 센서 응답과 별도로 기록한다.,registers/common-control.json
common:COM-08,common,COM-08,BC01 요청과 출력 허가,확인 대기,BC01,FN04 / PV01 / RD01 / PV02 / MC04 / VS01 / BR01 / FN01 / FN02 / FN03 / FN06,P01 / P02 / P05 / P06 / P07 / P08 / P09 / P11 / P15 / P16 / P17 / P18,False,"Flag.M_BC_01, R1_GATE_LOOP_ON, MemoCMD_BC01_Startup, Maintenance_ON, Start BC01 및 피드백을 함께 기록한다. 자동 요청 Set만으로 실제 운전을 판단하지 않는다.","Flag.M_BC_01, R1_GATE_LOOP_ON, MemoCMD_BC01_Startup, Maintenance_ON, Start BC01 및 피드백을 함께 기록한다. 자동 요청 Set만으로 실제 운전을 판단하지 않는다.",registers/common-control.json
common:COM-09,common,COM-09,버너 허가의 서로 다른 주소,확인 대기,BR01 / FN03 / MV03,FN04 / RD01 / FN01 / FN02 / FN06,P02 / P06 / P11 / P15 / P16 / P17 / P18 / P20,False,Enable start burner=%M48.2와 Enable start burner(1)=%M48.0을 구분한다. FN03 응답·세정 단계·Lock Burner·외부 버너 제어기의 허가를 대조한다.,Enable start burner=%M48.2와 Enable start burner(1)=%M48.0을 구분한다. FN03 응답·세정 단계·Lock Burner·외부 버너 제어기의 허가를 대조한다.,registers/common-control.json
common:COM-10,common,COM-10,OFF 분기의 활성 여부·재기동,확인 대기,FN02 / FN03 / MC05 / BR01,BC01 / FN04 / PV01 / RD01 / PV02 / MC04 / VS01 / FN01 / FN06,P01 / P02 / P05 / P06 / P07 / P08 / P09 / P11 / P15 / P16 / P17 / P18,False,추가 OFF 접점이 있는 FN02 해제·온도 설정·MC05·FN03 요청 분기를 현재값·호출·다른 쓰기와 대조한다. 삭제하거나 조건을 활성화하기 전 의도를 확인한다.,추가 OFF 접점이 있는 FN02 해제·온도 설정·MC05·FN03 요청 분기를 현재값·호출·다른 쓰기와 대조한다. 삭제하거나 조건을 활성화하기 전 의도를 확인한다.,registers/common-control.json
improvement:IMP-01,improvement,IMP-01,FN03 · 원본 구조 개선 검토,원본 구조 확인 / 활성 동작·수정 필요성 미확정,FN03,BR01,P11 / P17,False,"Tag_66에 연결한 SD 코일 Part 854·908 두 곳이 있습니다. 같은 RefId 95와 35초 설정, Memo_M25_Running 분기와 PContact를 확인했습니다.",V18 TIA에서 펄스 접점과 두 SD 실행 순서·각 조건·온라인 타이머를 대조,registers/improvement-review.json
improvement:IMP-02,improvement,IMP-02,MV06 · 원본 구조 개선 검토,원본 반전 접점 확인 / 오류 여부 미확정,MV06,,P21,False,열기·닫기 경로에 ON의 Negated operand가 있으며 정적 조건은 NOT ON으로 시작합니다. 같은 경로의 일부 분기에는 ON도 참조됩니다.,"ON(M0.0)의 쓰기와 호출, 다른 MV06 출력 쓰기, 현재 활성 네트워크를 확인",registers/improvement-review.json
improvement:IMP-03,improvement,IMP-03,MC04 · 원본 구조 개선 검토,원본 신호 명칭 차이 확인 / 동일성 미확정,MC04,VS01,P08 / P09,False,VS01 미운전 시 요청 해제 조건은 Allarm.Maintenance_ON입니다. BC01 등 다른 경로의 Flag.Maintenance_ON과 이름 공간이 다릅니다.,DB 선언·주소·읽기·쓰기와 현재 HMI 모드 전달을 대조,registers/improvement-review.json
improvement:IMP-04,improvement,IMP-04,FN06 · 원본 구조 개선 검토,원본 참조 확인 / 태그 의미 미확정,FN06,RD01,P06 / P18,False,FN06 관련 요청 해제에 Allarm.MBVA01_FAULT를 참조합니다. 고장 태그 이름이 FN06 이름과 다릅니다.,"알람 Set·Reset, 내부 선언과 HMI 문구, 도면과 실제 팬을 대조",registers/improvement-review.json
improvement:IMP-05,improvement,IMP-05,BR01·MV03 · 원본 구조 개선 검토,정적 경로 확인 / TIA에서 재확인 필요,BR01 / MV03,,P11 / P20,False,Close MV03 for Burner Startup을 Set하는 한 정적 경로에 Inputs.MV03 Close와 NOT Inputs.MV03 Close가 동시에 나타납니다. 별도 상태 7 경로도 존재합니다.,"두 피연산자의 UID/RID·원본 접점과 TIA 표시, 단계·호출 문맥을 확인",registers/improvement-review.json
improvement:IMP-06,improvement,IMP-06,FN04 · 원본 구조 개선 검토,원본 제한 쓰기·정지 읽기 확인 / 전체 실행 도달 조건 미확정,FN04,,P02,False,"1689는 ON일 때 Data.SET_PERC_FN04<5를5, >100을100으로 씁니다(Part831·839). 1965는 같은 설정=0을 요청 해제 조건으로 읽습니다.","아날로그 출력 변환·모터 제어 블록의 호출 조건과 순서, HMI·자동 시퀀스의 동일 설정 쓰기를 확인",registers/improvement-review.json
identity:P01,identity,P01,BC-01(벨트) · 동일성·제어 경계,태그명 일치 / 실물 확인 전,BC01,,P01,False,태그명 일치 / 실물 확인 전,명판·실물 설비ID·위치·본체/구동부·제어반/전용 제어기·P&ID 연결과 현재 I/O를 대조합니다. 태그 일치나 역할 후보만으로 실물 동일성을 확정하지 않습니다.,registers/priority-equipment.csv
identity:P02,identity,P02,FN-04 팬 모터 · 동일성·제어 경계,태그명 일치 / 실물 확인 전,FN04,,P02,False,태그명 일치 / 실물 확인 전 · 팬 본체와 모터의 관리 관계 확인,명판·실물 설비ID·위치·본체/구동부·제어반/전용 제어기·P&ID 연결과 현재 I/O를 대조합니다. 태그 일치나 역할 후보만으로 실물 동일성을 확정하지 않습니다.,registers/priority-equipment.csv
identity:P03,identity,P03,웨잉호퍼1 · 동일성·제어 경계,PLC 대응 미확정,,,P03,False,PLC 대응 미확정 · 호퍼 번호·계량 제어 주체 확인. 호퍼2 태그를 대신 연결하지 않음,명판·실물 설비ID·위치·본체/구동부·제어반/전용 제어기·P&ID 연결과 현재 I/O를 대조합니다. 태그 일치나 역할 후보만으로 실물 동일성을 확정하지 않습니다.,registers/priority-equipment.csv
identity:P04,identity,P04,웨잉호퍼배출컨베이어 · 동일성·제어 경계,PLC 대응 미확정,,,P04,False,PLC 대응 미확정 · 실제 컨베이어 태그·제어반·앞뒤 운전 신호 확인,명판·실물 설비ID·위치·본체/구동부·제어반/전용 제어기·P&ID 연결과 현재 I/O를 대조합니다. 태그 일치나 역할 후보만으로 실물 동일성을 확정하지 않습니다.,registers/priority-equipment.csv
identity:P05,identity,P05,PV-01 · 동일성·제어 경계,태그명 일치 / 실물 확인 전,PV01,,P05,False,태그명 일치 / 실물 확인 전,명판·실물 설비ID·위치·본체/구동부·제어반/전용 제어기·P&ID 연결과 현재 I/O를 대조합니다. 태그 일치나 역할 후보만으로 실물 동일성을 확정하지 않습니다.,registers/priority-equipment.csv
identity:P06,identity,P06,킬른 · 동일성·제어 경계,공정 역할 대응 후보 / 실물 확인 전,RD01,,P06,False,공정 역할 대응 후보 / 실물 확인 전 · 킬른 본체와 RD01 구동 설비의 관계를 확인. 동일 설비로 병합하지 않음,명판·실물 설비ID·위치·본체/구동부·제어반/전용 제어기·P&ID 연결과 현재 I/O를 대조합니다. 태그 일치나 역할 후보만으로 실물 동일성을 확정하지 않습니다.,registers/priority-equipment.csv
identity:P07,identity,P07,PV-02 · 동일성·제어 경계,태그명 일치 / 실물 확인 전,PV02,,P07,False,태그명 일치 / 실물 확인 전,명판·실물 설비ID·위치·본체/구동부·제어반/전용 제어기·P&ID 연결과 현재 I/O를 대조합니다. 태그 일치나 역할 후보만으로 실물 동일성을 확정하지 않습니다.,registers/priority-equipment.csv
identity:P08,identity,P08,MC04 · 동일성·제어 경계,태그명 일치 / 실물 확인 전,MC04,,P08,False,태그명 일치 / 실물 확인 전,명판·실물 설비ID·위치·본체/구동부·제어반/전용 제어기·P&ID 연결과 현재 I/O를 대조합니다. 태그 일치나 역할 후보만으로 실물 동일성을 확정하지 않습니다.,registers/priority-equipment.csv
identity:P09,identity,P09,VS01 · 동일성·제어 경계,태그명 일치 / 실물 확인 전,VS01,,P09,False,태그명 일치 / 실물 확인 전,명판·실물 설비ID·위치·본체/구동부·제어반/전용 제어기·P&ID 연결과 현재 I/O를 대조합니다. 태그 일치나 역할 후보만으로 실물 동일성을 확정하지 않습니다.,registers/priority-equipment.csv
identity:P10,identity,P10,CC챔버 · 동일성·제어 경계,공정 역할 대응 후보 / 실물 확인 전,CC01,,P10,False,공정 역할 대응 후보 / 실물 확인 전 · 투입·배출 챔버 구분과 실물 위치 확인,명판·실물 설비ID·위치·본체/구동부·제어반/전용 제어기·P&ID 연결과 현재 I/O를 대조합니다. 태그 일치나 역할 후보만으로 실물 동일성을 확정하지 않습니다.,registers/priority-equipment.csv
identity:P11,identity,P11,BR01 · 동일성·제어 경계,태그명 일치 / 실물 확인 전,BR01,,P11,False,태그명 일치 / 실물 확인 전 · 버너 전용 도면과 연소 제어 경계 확인,명판·실물 설비ID·위치·본체/구동부·제어반/전용 제어기·P&ID 연결과 현재 I/O를 대조합니다. 태그 일치나 역할 후보만으로 실물 동일성을 확정하지 않습니다.,registers/priority-equipment.csv
identity:P12,identity,P12,재연소로 · 동일성·제어 경계,공정 역할 대응 후보 / 실물 확인 전,AB01,,P12,False,공정 역할 대응 후보 / 실물 확인 전 · 공정 역할을 기준으로 한 후보. 본체·버너·챔버 관계 확인,명판·실물 설비ID·위치·본체/구동부·제어반/전용 제어기·P&ID 연결과 현재 I/O를 대조합니다. 태그 일치나 역할 후보만으로 실물 동일성을 확정하지 않습니다.,registers/priority-equipment.csv
identity:P13,identity,P13,열교환기 · 동일성·제어 경계,공정 역할 대응 후보 / 실물 확인 전,HE01,,P13,False,공정 역할 대응 후보 / 실물 확인 전 · 명판·P&ID·주변 연결로 동일성 확인,명판·실물 설비ID·위치·본체/구동부·제어반/전용 제어기·P&ID 연결과 현재 I/O를 대조합니다. 태그 일치나 역할 후보만으로 실물 동일성을 확정하지 않습니다.,registers/priority-equipment.csv
identity:P14,identity,P14,2사이클론 · 동일성·제어 경계,PLC 대응 미확정,,,P14,False,PLC 대응 미확정 · 숫자 2가 장치 번호인지 수량인지 확인. CY02로 자동 연결하지 않음,명판·실물 설비ID·위치·본체/구동부·제어반/전용 제어기·P&ID 연결과 현재 I/O를 대조합니다. 태그 일치나 역할 후보만으로 실물 동일성을 확정하지 않습니다.,registers/priority-equipment.csv
identity:P15,identity,P15,FN-01 팬 모터 · 동일성·제어 경계,태그명 일치 / 실물 확인 전,FN01,,P15,False,태그명 일치 / 실물 확인 전 · 팬 본체와 모터의 관리 관계 확인,명판·실물 설비ID·위치·본체/구동부·제어반/전용 제어기·P&ID 연결과 현재 I/O를 대조합니다. 태그 일치나 역할 후보만으로 실물 동일성을 확정하지 않습니다.,registers/priority-equipment.csv
identity:P16,identity,P16,FN-02 팬 모터 · 동일성·제어 경계,태그명 일치 / 실물 확인 전,FN02,,P16,False,태그명 일치 / 실물 확인 전 · 팬 본체와 모터의 관리 관계 확인,명판·실물 설비ID·위치·본체/구동부·제어반/전용 제어기·P&ID 연결과 현재 I/O를 대조합니다. 태그 일치나 역할 후보만으로 실물 동일성을 확정하지 않습니다.,registers/priority-equipment.csv
identity:P17,identity,P17,FN-03 팬 모터 · 동일성·제어 경계,태그명 일치 / 실물 확인 전,FN03,,P17,False,태그명 일치 / 실물 확인 전 · 팬 본체와 모터의 관리 관계 확인,명판·실물 설비ID·위치·본체/구동부·제어반/전용 제어기·P&ID 연결과 현재 I/O를 대조합니다. 태그 일치나 역할 후보만으로 실물 동일성을 확정하지 않습니다.,registers/priority-equipment.csv
identity:P18,identity,P18,FN-06 팬 모터 · 동일성·제어 경계,태그명 일치 / 실물 확인 전,FN06,,P18,False,태그명 일치 / 실물 확인 전 · 팬 본체와 모터의 관리 관계 확인,명판·실물 설비ID·위치·본체/구동부·제어반/전용 제어기·P&ID 연결과 현재 I/O를 대조합니다. 태그 일치나 역할 후보만으로 실물 동일성을 확정하지 않습니다.,registers/priority-equipment.csv
identity:P19,identity,P19,MV-01 · 동일성·제어 경계,태그명 일치 / 실물 확인 전,MV01,,P19,False,태그명 일치 / 실물 확인 전,명판·실물 설비ID·위치·본체/구동부·제어반/전용 제어기·P&ID 연결과 현재 I/O를 대조합니다. 태그 일치나 역할 후보만으로 실물 동일성을 확정하지 않습니다.,registers/priority-equipment.csv
identity:P20,identity,P20,MV-03 댐퍼 모터 · 동일성·제어 경계,태그명 일치 / 실물 확인 전,MV03,,P20,False,태그명 일치 / 실물 확인 전 · 댐퍼 본체와 구동모터 관계 확인,명판·실물 설비ID·위치·본체/구동부·제어반/전용 제어기·P&ID 연결과 현재 I/O를 대조합니다. 태그 일치나 역할 후보만으로 실물 동일성을 확정하지 않습니다.,registers/priority-equipment.csv
identity:P21,identity,P21,MV-06 댐퍼 모터 · 동일성·제어 경계,태그명 일치 / 실물 확인 전,MV06,,P21,False,태그명 일치 / 실물 확인 전 · 댐퍼 본체와 구동모터 관계 확인,명판·실물 설비ID·위치·본체/구동부·제어반/전용 제어기·P&ID 연결과 현재 I/O를 대조합니다. 태그 일치나 역할 후보만으로 실물 동일성을 확정하지 않습니다.,registers/priority-equipment.csv
identity:P22,identity,P22,GSS · 동일성·제어 경계,PLC 대응 미확정,,,P22,False,PLC 대응 미확정 · 설비 카드·제어 주체·디코팅 연동 신호 확인,명판·실물 설비ID·위치·본체/구동부·제어반/전용 제어기·P&ID 연결과 현재 I/O를 대조합니다. 태그 일치나 역할 후보만으로 실물 동일성을 확정하지 않습니다.,registers/priority-equipment.csv
identity:P23,identity,P23,85톤로(압연) · 동일성·제어 경계,PLC 대응 미확정,,,P23,False,PLC 대응 미확정 · GME 제어 범위와 상위 공정의 허가·정지 신호 확인,명판·실물 설비ID·위치·본체/구동부·제어반/전용 제어기·P&ID 연결과 현재 I/O를 대조합니다. 태그 일치나 역할 후보만으로 실물 동일성을 확정하지 않습니다.,registers/priority-equipment.csv
