key,name,plc_id,match,phase,x,y,note,identity_verified,sejin_id
P01,BC-01(벨트),BC01,tag,첫 상세 사례,990,1220,,False,
P02,FN-04 팬 모터,FN04,tag,첫 상세 사례,2250,470,팬 본체와 모터의 관리 관계 확인,False,
P03,웨잉호퍼1,,unknown,원료·제품 이송,470,1235,호퍼 번호·계량 제어 주체 확인. 호퍼2 태그를 대신 연결하지 않음,False,
P04,웨잉호퍼배출컨베이어,,unknown,원료·제품 이송,730,1230,실제 컨베이어 태그·제어반·앞뒤 운전 신호 확인,False,
P05,PV-01,PV01,tag,원료·제품 이송,1250,1235,,False,
P06,킬른,RD01,candidate,원료·제품 이송,1530,1235,킬른 본체와 RD01 구동 설비의 관계를 확인. 동일 설비로 병합하지 않음,False,1766455617361
P07,PV-02,PV02,tag,원료·제품 이송,1830,1230,,False,
P08,MC04,MC04,tag,원료·제품 이송,2090,1220,,False,
P09,VS01,VS01,tag,원료·제품 이송,2350,1220,,False,
P10,CC챔버,CC01,candidate,원료·제품 이송,1530,1530,투입·배출 챔버 구분과 실물 위치 확인,False,
P11,BR01,BR01,tag,열처리·순환,750,800,버너 전용 도면과 연소 제어 경계 확인,False,
P12,재연소로,AB01,candidate,열처리·순환,1050,790,공정 역할을 기준으로 한 후보. 본체·버너·챔버 관계 확인,False,
P13,열교환기,HE01,candidate,열처리·순환,1430,800,명판·P&ID·주변 연결로 동일성 확인,False,
P14,2사이클론,,unknown,열처리·순환,1970,790,숫자 2가 장치 번호인지 수량인지 확인. CY02로 자동 연결하지 않음,False,
P15,FN-01 팬 모터,FN01,tag,열처리·순환,2250,800,팬 본체와 모터의 관리 관계 확인,False,
P16,FN-02 팬 모터,FN02,tag,열처리·순환,1430,485,팬 본체와 모터의 관리 관계 확인,False,
P17,FN-03 팬 모터,FN03,tag,열처리·순환,470,795,팬 본체와 모터의 관리 관계 확인,False,
P18,FN-06 팬 모터,FN06,tag,열처리·순환,1110,1525,팬 본체와 모터의 관리 관계 확인,False,
P19,MV-01,MV01,tag,열처리·순환,1710,790,,False,
P20,MV-03 댐퍼 모터,MV03,tag,열처리·순환,1710,480,댐퍼 본체와 구동모터 관계 확인,False,
P21,MV-06 댐퍼 모터,MV06,tag,열처리·순환,1970,475,댐퍼 본체와 구동모터 관계 확인,False,
P22,GSS,,unknown,연결 공정,2610,1525,설비 카드·제어 주체·디코팅 연동 신호 확인,False,
P23,85톤로(압연),,unknown,연결 공정,2610,1220,GME 제어 범위와 상위 공정의 허가·정지 신호 확인,False,
