equipment,plc_id,boundary,id,title,observe,compare,next,common
P01,BC01,source_linked,request,운전 요청이 없거나 곧 해제됨,현재 모드·공정 종류·Auto_ON1·카운터와 해당 요청의 변화를 같은 시각 기준으로 기록합니다.,아래 공통 단계의 관련 쓰기와 해당 요청의 모든 Global 쓰기 위치를 비교합니다. 원본 단계 Set이 현재 호출됐는지는 별도 확인합니다.,"상위 요청 미발생, 정상 정지 단계, 고장에 의한 요청 Reset을 구분합니다. 기동 명령을 추가하기 전 요청을 지운 주체를 확인합니다.",common-stages
P01,BC01,source_linked,permit,요청은 있지만 최종 출력이 없음,아래 최종 출력의 전체 조건과 현재 피연산자·모드를 기록합니다. 미해석 조건은 임의로0/1로 채우지 않습니다.,공통 ON·비상 모듈·모드 허가와 장치별 출력 조건을 대조합니다. Set 요청은 실제 Q 출력 또는 위치 도달의 증거가 아닙니다.,억제 접점·반대 방향 출력·끝단·상하류 응답 중 실제로 조건이 다른 지점을 찾습니다. 현재 호출·다른 출력 쓰기도 함께 확인합니다.,output-evidence
P01,BC01,source_linked,response,출력은 있지만 현장 응답이 없음,"최종 PLC 출력, 릴레이·구동기 입력, 실제 장치 상태, 원시 센서와 처리된 응답을 구간별로 기록합니다.",회로 작업지의 단자·직렬 허가·전원·구동기와 아래 응답 원본 참조를 비교합니다. 내부 기억만으로 물리 동작을 판단하지 않습니다.,출력 전달 구간과 센서 전달 구간을 각각 확인합니다. 회로·원시 입력·Inputs·기억 중 어디서 차이가 시작됐는지 남깁니다.,signal-boundary
P01,BC01,source_linked,stop,운전 중 정지하거나 연관 설비와 함께 정지함,최초 알람·상하류 응답 변화·카운터·요청 Reset·출력 OFF의 시각을 기록합니다.,종류5 공통 정지 및 아래 장치 감시의 Set/Reset·시간 설정을 함께 비교합니다. 자동 단계 수치를 실제 초로 확정하지 않습니다.,최초 원인과 후속 정지를 구분하고 관련 설비의 상태도 남깁니다. 최초 발생 기록 없이 후속 알람만으로 원인을 확정하지 않습니다.,monitor-evidence
P01,BC01,source_linked,recovery,리셋 후 재기동되지 않거나 같은 알람이 반복됨,원인 입력·래치·새 요청·출력·응답과 리셋 요청/출력을 각각 기록합니다.,장치별 RCoil과 공통930/931·비상1824·startup404/405의 기억을 구분합니다. 공통 리셋 출력은 물리 이상 해소의 증거가 아닙니다.,원인 해소·래치 해제·허가 확인·승인된 재기동·연동 영향 확인을 분리해 기록합니다. 현재 PLC·실물 증거 전에는 수리 완료로 표시하지 않습니다.,recovery
P02,FN04,source_linked,request,운전 요청이 없거나 곧 해제됨,현재 모드·공정 종류·Auto_ON1·카운터와 해당 요청의 변화를 같은 시각 기준으로 기록합니다.,아래 공통 단계의 관련 쓰기와 해당 요청의 모든 Global 쓰기 위치를 비교합니다. 원본 단계 Set이 현재 호출됐는지는 별도 확인합니다.,"상위 요청 미발생, 정상 정지 단계, 고장에 의한 요청 Reset을 구분합니다. 기동 명령을 추가하기 전 요청을 지운 주체를 확인합니다.",common-stages
P02,FN04,source_linked,permit,요청은 있지만 최종 출력이 없음,아래 최종 출력의 전체 조건과 현재 피연산자·모드를 기록합니다. 미해석 조건은 임의로0/1로 채우지 않습니다.,공통 ON·비상 모듈·모드 허가와 장치별 출력 조건을 대조합니다. Set 요청은 실제 Q 출력 또는 위치 도달의 증거가 아닙니다.,억제 접점·반대 방향 출력·끝단·상하류 응답 중 실제로 조건이 다른 지점을 찾습니다. 현재 호출·다른 출력 쓰기도 함께 확인합니다.,output-evidence
P02,FN04,source_linked,response,출력은 있지만 현장 응답이 없음,"최종 PLC 출력, 릴레이·구동기 입력, 실제 장치 상태, 원시 센서와 처리된 응답을 구간별로 기록합니다.",회로 작업지의 단자·직렬 허가·전원·구동기와 아래 응답 원본 참조를 비교합니다. 내부 기억만으로 물리 동작을 판단하지 않습니다.,출력 전달 구간과 센서 전달 구간을 각각 확인합니다. 회로·원시 입력·Inputs·기억 중 어디서 차이가 시작됐는지 남깁니다.,signal-boundary
P02,FN04,source_linked,stop,운전 중 정지하거나 연관 설비와 함께 정지함,최초 알람·상하류 응답 변화·카운터·요청 Reset·출력 OFF의 시각을 기록합니다.,종류5 공통 정지 및 아래 장치 감시의 Set/Reset·시간 설정을 함께 비교합니다. 자동 단계 수치를 실제 초로 확정하지 않습니다.,최초 원인과 후속 정지를 구분하고 관련 설비의 상태도 남깁니다. 최초 발생 기록 없이 후속 알람만으로 원인을 확정하지 않습니다.,monitor-evidence
P02,FN04,source_linked,recovery,리셋 후 재기동되지 않거나 같은 알람이 반복됨,원인 입력·래치·새 요청·출력·응답과 리셋 요청/출력을 각각 기록합니다.,장치별 RCoil과 공통930/931·비상1824·startup404/405의 기억을 구분합니다. 공통 리셋 출력은 물리 이상 해소의 증거가 아닙니다.,원인 해소·래치 해제·허가 확인·승인된 재기동·연동 영향 확인을 분리해 기록합니다. 현재 PLC·실물 증거 전에는 수리 완료로 표시하지 않습니다.,recovery
P03,,identity_unresolved,identity,설비와 제어 주체 식별,명판·설비 카드ID·위치·제어반·전용 제어기·자료 개정을 기록합니다.,SEJIN 배치도·P&ID 연결과 실제 투입·배출·가스·공기·연동 경계를 대조합니다.,동일성 확인 후 해당 제어기의 I/O·알람·승인된 운전 순서 자료를 연결합니다.,boundary
P03,,identity_unresolved,local,본체 증상과 주변 설비 정지 구분,발생 위치·시각·누설·막힘·온도·압력·소음 등 관찰 사실과 주변 설비 상태를 기록합니다.,전용 제어기의 최초 알람과 상하류 요청·응답의 변화를 대조합니다. 수치·허용값·점검 주기는 제작사 근거가 필요합니다.,본체 이상과 구동부·계측·공통 정지의 영향을 분리합니다. 자료가 없는 장치의 제어 조건을 대신 만들지 않습니다.,boundary
P03,,identity_unresolved,recovery,복구 판단과 필요한 자료,관찰 결과·조치·제작사 기준·원인 해소·전용 제어기 알람·승인된 복구 결과를 기록합니다.,GME 공통 신호는 해당 설비와의 연동이 확인된 경우에만 함께 사용합니다.,확인 전 항목과 추가 사진·기계도면·전기도면·전용 매뉴얼을 명시하고 완료 판정을 유보합니다.,recovery
P04,,identity_unresolved,identity,설비와 제어 주체 식별,명판·설비 카드ID·위치·제어반·전용 제어기·자료 개정을 기록합니다.,SEJIN 배치도·P&ID 연결과 실제 투입·배출·가스·공기·연동 경계를 대조합니다.,동일성 확인 후 해당 제어기의 I/O·알람·승인된 운전 순서 자료를 연결합니다.,boundary
P04,,identity_unresolved,local,본체 증상과 주변 설비 정지 구분,발생 위치·시각·누설·막힘·온도·압력·소음 등 관찰 사실과 주변 설비 상태를 기록합니다.,전용 제어기의 최초 알람과 상하류 요청·응답의 변화를 대조합니다. 수치·허용값·점검 주기는 제작사 근거가 필요합니다.,본체 이상과 구동부·계측·공통 정지의 영향을 분리합니다. 자료가 없는 장치의 제어 조건을 대신 만들지 않습니다.,boundary
P04,,identity_unresolved,recovery,복구 판단과 필요한 자료,관찰 결과·조치·제작사 기준·원인 해소·전용 제어기 알람·승인된 복구 결과를 기록합니다.,GME 공통 신호는 해당 설비와의 연동이 확인된 경우에만 함께 사용합니다.,확인 전 항목과 추가 사진·기계도면·전기도면·전용 매뉴얼을 명시하고 완료 판정을 유보합니다.,recovery
P05,PV01,source_linked,request,운전 요청이 없거나 곧 해제됨,현재 모드·공정 종류·Auto_ON1·카운터와 해당 요청의 변화를 같은 시각 기준으로 기록합니다.,아래 공통 단계의 관련 쓰기와 해당 요청의 모든 Global 쓰기 위치를 비교합니다. 원본 단계 Set이 현재 호출됐는지는 별도 확인합니다.,"상위 요청 미발생, 정상 정지 단계, 고장에 의한 요청 Reset을 구분합니다. 기동 명령을 추가하기 전 요청을 지운 주체를 확인합니다.",common-stages
P05,PV01,source_linked,permit,요청은 있지만 최종 출력이 없음,아래 최종 출력의 전체 조건과 현재 피연산자·모드를 기록합니다. 미해석 조건은 임의로0/1로 채우지 않습니다.,공통 ON·비상 모듈·모드 허가와 장치별 출력 조건을 대조합니다. Set 요청은 실제 Q 출력 또는 위치 도달의 증거가 아닙니다.,억제 접점·반대 방향 출력·끝단·상하류 응답 중 실제로 조건이 다른 지점을 찾습니다. 현재 호출·다른 출력 쓰기도 함께 확인합니다.,output-evidence
P05,PV01,source_linked,response,출력은 있지만 현장 응답이 없음,"최종 PLC 출력, 릴레이·구동기 입력, 실제 장치 상태, 원시 센서와 처리된 응답을 구간별로 기록합니다.",회로 작업지의 단자·직렬 허가·전원·구동기와 아래 응답 원본 참조를 비교합니다. 내부 기억만으로 물리 동작을 판단하지 않습니다.,출력 전달 구간과 센서 전달 구간을 각각 확인합니다. 회로·원시 입력·Inputs·기억 중 어디서 차이가 시작됐는지 남깁니다.,signal-boundary
P05,PV01,source_linked,stop,운전 중 정지하거나 연관 설비와 함께 정지함,최초 알람·상하류 응답 변화·카운터·요청 Reset·출력 OFF의 시각을 기록합니다.,종류5 공통 정지 및 아래 장치 감시의 Set/Reset·시간 설정을 함께 비교합니다. 자동 단계 수치를 실제 초로 확정하지 않습니다.,최초 원인과 후속 정지를 구분하고 관련 설비의 상태도 남깁니다. 최초 발생 기록 없이 후속 알람만으로 원인을 확정하지 않습니다.,monitor-evidence
P05,PV01,source_linked,recovery,리셋 후 재기동되지 않거나 같은 알람이 반복됨,원인 입력·래치·새 요청·출력·응답과 리셋 요청/출력을 각각 기록합니다.,장치별 RCoil과 공통930/931·비상1824·startup404/405의 기억을 구분합니다. 공통 리셋 출력은 물리 이상 해소의 증거가 아닙니다.,원인 해소·래치 해제·허가 확인·승인된 재기동·연동 영향 확인을 분리해 기록합니다. 현재 PLC·실물 증거 전에는 수리 완료로 표시하지 않습니다.,recovery
P06,RD01,source_linked,request,운전 요청이 없거나 곧 해제됨,현재 모드·공정 종류·Auto_ON1·카운터와 해당 요청의 변화를 같은 시각 기준으로 기록합니다.,아래 공통 단계의 관련 쓰기와 해당 요청의 모든 Global 쓰기 위치를 비교합니다. 원본 단계 Set이 현재 호출됐는지는 별도 확인합니다.,"상위 요청 미발생, 정상 정지 단계, 고장에 의한 요청 Reset을 구분합니다. 기동 명령을 추가하기 전 요청을 지운 주체를 확인합니다.",common-stages
P06,RD01,source_linked,permit,요청은 있지만 최종 출력이 없음,아래 최종 출력의 전체 조건과 현재 피연산자·모드를 기록합니다. 미해석 조건은 임의로0/1로 채우지 않습니다.,공통 ON·비상 모듈·모드 허가와 장치별 출력 조건을 대조합니다. Set 요청은 실제 Q 출력 또는 위치 도달의 증거가 아닙니다.,억제 접점·반대 방향 출력·끝단·상하류 응답 중 실제로 조건이 다른 지점을 찾습니다. 현재 호출·다른 출력 쓰기도 함께 확인합니다.,output-evidence
P06,RD01,source_linked,response,출력은 있지만 현장 응답이 없음,"최종 PLC 출력, 릴레이·구동기 입력, 실제 장치 상태, 원시 센서와 처리된 응답을 구간별로 기록합니다.",회로 작업지의 단자·직렬 허가·전원·구동기와 아래 응답 원본 참조를 비교합니다. 내부 기억만으로 물리 동작을 판단하지 않습니다.,출력 전달 구간과 센서 전달 구간을 각각 확인합니다. 회로·원시 입력·Inputs·기억 중 어디서 차이가 시작됐는지 남깁니다.,signal-boundary
P06,RD01,source_linked,stop,운전 중 정지하거나 연관 설비와 함께 정지함,최초 알람·상하류 응답 변화·카운터·요청 Reset·출력 OFF의 시각을 기록합니다.,종류5 공통 정지 및 아래 장치 감시의 Set/Reset·시간 설정을 함께 비교합니다. 자동 단계 수치를 실제 초로 확정하지 않습니다.,최초 원인과 후속 정지를 구분하고 관련 설비의 상태도 남깁니다. 최초 발생 기록 없이 후속 알람만으로 원인을 확정하지 않습니다.,monitor-evidence
P06,RD01,source_linked,recovery,리셋 후 재기동되지 않거나 같은 알람이 반복됨,원인 입력·래치·새 요청·출력·응답과 리셋 요청/출력을 각각 기록합니다.,장치별 RCoil과 공통930/931·비상1824·startup404/405의 기억을 구분합니다. 공통 리셋 출력은 물리 이상 해소의 증거가 아닙니다.,원인 해소·래치 해제·허가 확인·승인된 재기동·연동 영향 확인을 분리해 기록합니다. 현재 PLC·실물 증거 전에는 수리 완료로 표시하지 않습니다.,recovery
P07,PV02,source_linked,request,운전 요청이 없거나 곧 해제됨,현재 모드·공정 종류·Auto_ON1·카운터와 해당 요청의 변화를 같은 시각 기준으로 기록합니다.,아래 공통 단계의 관련 쓰기와 해당 요청의 모든 Global 쓰기 위치를 비교합니다. 원본 단계 Set이 현재 호출됐는지는 별도 확인합니다.,"상위 요청 미발생, 정상 정지 단계, 고장에 의한 요청 Reset을 구분합니다. 기동 명령을 추가하기 전 요청을 지운 주체를 확인합니다.",common-stages
P07,PV02,source_linked,permit,요청은 있지만 최종 출력이 없음,아래 최종 출력의 전체 조건과 현재 피연산자·모드를 기록합니다. 미해석 조건은 임의로0/1로 채우지 않습니다.,공통 ON·비상 모듈·모드 허가와 장치별 출력 조건을 대조합니다. Set 요청은 실제 Q 출력 또는 위치 도달의 증거가 아닙니다.,억제 접점·반대 방향 출력·끝단·상하류 응답 중 실제로 조건이 다른 지점을 찾습니다. 현재 호출·다른 출력 쓰기도 함께 확인합니다.,output-evidence
P07,PV02,source_linked,response,출력은 있지만 현장 응답이 없음,"최종 PLC 출력, 릴레이·구동기 입력, 실제 장치 상태, 원시 센서와 처리된 응답을 구간별로 기록합니다.",회로 작업지의 단자·직렬 허가·전원·구동기와 아래 응답 원본 참조를 비교합니다. 내부 기억만으로 물리 동작을 판단하지 않습니다.,출력 전달 구간과 센서 전달 구간을 각각 확인합니다. 회로·원시 입력·Inputs·기억 중 어디서 차이가 시작됐는지 남깁니다.,signal-boundary
P07,PV02,source_linked,stop,운전 중 정지하거나 연관 설비와 함께 정지함,최초 알람·상하류 응답 변화·카운터·요청 Reset·출력 OFF의 시각을 기록합니다.,종류5 공통 정지 및 아래 장치 감시의 Set/Reset·시간 설정을 함께 비교합니다. 자동 단계 수치를 실제 초로 확정하지 않습니다.,최초 원인과 후속 정지를 구분하고 관련 설비의 상태도 남깁니다. 최초 발생 기록 없이 후속 알람만으로 원인을 확정하지 않습니다.,monitor-evidence
P07,PV02,source_linked,recovery,리셋 후 재기동되지 않거나 같은 알람이 반복됨,원인 입력·래치·새 요청·출력·응답과 리셋 요청/출력을 각각 기록합니다.,장치별 RCoil과 공통930/931·비상1824·startup404/405의 기억을 구분합니다. 공통 리셋 출력은 물리 이상 해소의 증거가 아닙니다.,원인 해소·래치 해제·허가 확인·승인된 재기동·연동 영향 확인을 분리해 기록합니다. 현재 PLC·실물 증거 전에는 수리 완료로 표시하지 않습니다.,recovery
P08,MC04,source_linked,request,운전 요청이 없거나 곧 해제됨,현재 모드·공정 종류·Auto_ON1·카운터와 해당 요청의 변화를 같은 시각 기준으로 기록합니다.,아래 공통 단계의 관련 쓰기와 해당 요청의 모든 Global 쓰기 위치를 비교합니다. 원본 단계 Set이 현재 호출됐는지는 별도 확인합니다.,"상위 요청 미발생, 정상 정지 단계, 고장에 의한 요청 Reset을 구분합니다. 기동 명령을 추가하기 전 요청을 지운 주체를 확인합니다.",common-stages
P08,MC04,source_linked,permit,요청은 있지만 최종 출력이 없음,아래 최종 출력의 전체 조건과 현재 피연산자·모드를 기록합니다. 미해석 조건은 임의로0/1로 채우지 않습니다.,공통 ON·비상 모듈·모드 허가와 장치별 출력 조건을 대조합니다. Set 요청은 실제 Q 출력 또는 위치 도달의 증거가 아닙니다.,억제 접점·반대 방향 출력·끝단·상하류 응답 중 실제로 조건이 다른 지점을 찾습니다. 현재 호출·다른 출력 쓰기도 함께 확인합니다.,output-evidence
P08,MC04,source_linked,response,출력은 있지만 현장 응답이 없음,"최종 PLC 출력, 릴레이·구동기 입력, 실제 장치 상태, 원시 센서와 처리된 응답을 구간별로 기록합니다.",회로 작업지의 단자·직렬 허가·전원·구동기와 아래 응답 원본 참조를 비교합니다. 내부 기억만으로 물리 동작을 판단하지 않습니다.,출력 전달 구간과 센서 전달 구간을 각각 확인합니다. 회로·원시 입력·Inputs·기억 중 어디서 차이가 시작됐는지 남깁니다.,signal-boundary
P08,MC04,source_linked,stop,운전 중 정지하거나 연관 설비와 함께 정지함,최초 알람·상하류 응답 변화·카운터·요청 Reset·출력 OFF의 시각을 기록합니다.,종류5 공통 정지 및 아래 장치 감시의 Set/Reset·시간 설정을 함께 비교합니다. 자동 단계 수치를 실제 초로 확정하지 않습니다.,최초 원인과 후속 정지를 구분하고 관련 설비의 상태도 남깁니다. 최초 발생 기록 없이 후속 알람만으로 원인을 확정하지 않습니다.,monitor-evidence
P08,MC04,source_linked,recovery,리셋 후 재기동되지 않거나 같은 알람이 반복됨,원인 입력·래치·새 요청·출력·응답과 리셋 요청/출력을 각각 기록합니다.,장치별 RCoil과 공통930/931·비상1824·startup404/405의 기억을 구분합니다. 공통 리셋 출력은 물리 이상 해소의 증거가 아닙니다.,원인 해소·래치 해제·허가 확인·승인된 재기동·연동 영향 확인을 분리해 기록합니다. 현재 PLC·실물 증거 전에는 수리 완료로 표시하지 않습니다.,recovery
P09,VS01,source_linked,request,운전 요청이 없거나 곧 해제됨,현재 모드·공정 종류·Auto_ON1·카운터와 해당 요청의 변화를 같은 시각 기준으로 기록합니다.,아래 공통 단계의 관련 쓰기와 해당 요청의 모든 Global 쓰기 위치를 비교합니다. 원본 단계 Set이 현재 호출됐는지는 별도 확인합니다.,"상위 요청 미발생, 정상 정지 단계, 고장에 의한 요청 Reset을 구분합니다. 기동 명령을 추가하기 전 요청을 지운 주체를 확인합니다.",common-stages
P09,VS01,source_linked,permit,요청은 있지만 최종 출력이 없음,아래 최종 출력의 전체 조건과 현재 피연산자·모드를 기록합니다. 미해석 조건은 임의로0/1로 채우지 않습니다.,공통 ON·비상 모듈·모드 허가와 장치별 출력 조건을 대조합니다. Set 요청은 실제 Q 출력 또는 위치 도달의 증거가 아닙니다.,억제 접점·반대 방향 출력·끝단·상하류 응답 중 실제로 조건이 다른 지점을 찾습니다. 현재 호출·다른 출력 쓰기도 함께 확인합니다.,output-evidence
P09,VS01,source_linked,response,출력은 있지만 현장 응답이 없음,"최종 PLC 출력, 릴레이·구동기 입력, 실제 장치 상태, 원시 센서와 처리된 응답을 구간별로 기록합니다.",회로 작업지의 단자·직렬 허가·전원·구동기와 아래 응답 원본 참조를 비교합니다. 내부 기억만으로 물리 동작을 판단하지 않습니다.,출력 전달 구간과 센서 전달 구간을 각각 확인합니다. 회로·원시 입력·Inputs·기억 중 어디서 차이가 시작됐는지 남깁니다.,signal-boundary
P09,VS01,source_linked,stop,운전 중 정지하거나 연관 설비와 함께 정지함,최초 알람·상하류 응답 변화·카운터·요청 Reset·출력 OFF의 시각을 기록합니다.,종류5 공통 정지 및 아래 장치 감시의 Set/Reset·시간 설정을 함께 비교합니다. 자동 단계 수치를 실제 초로 확정하지 않습니다.,최초 원인과 후속 정지를 구분하고 관련 설비의 상태도 남깁니다. 최초 발생 기록 없이 후속 알람만으로 원인을 확정하지 않습니다.,monitor-evidence
P09,VS01,source_linked,recovery,리셋 후 재기동되지 않거나 같은 알람이 반복됨,원인 입력·래치·새 요청·출력·응답과 리셋 요청/출력을 각각 기록합니다.,장치별 RCoil과 공통930/931·비상1824·startup404/405의 기억을 구분합니다. 공통 리셋 출력은 물리 이상 해소의 증거가 아닙니다.,원인 해소·래치 해제·허가 확인·승인된 재기동·연동 영향 확인을 분리해 기록합니다. 현재 PLC·실물 증거 전에는 수리 완료로 표시하지 않습니다.,recovery
P10,CC01,body_candidate,identity,설비와 제어 주체 식별,명판·설비 카드ID·위치·제어반·전용 제어기·자료 개정을 기록합니다.,SEJIN 배치도·P&ID 연결과 실제 투입·배출·가스·공기·연동 경계를 대조합니다.,동일성 확인 후 해당 제어기의 I/O·알람·승인된 운전 순서 자료를 연결합니다.,boundary
P10,CC01,body_candidate,local,본체 증상과 주변 설비 정지 구분,발생 위치·시각·누설·막힘·온도·압력·소음 등 관찰 사실과 주변 설비 상태를 기록합니다.,전용 제어기의 최초 알람과 상하류 요청·응답의 변화를 대조합니다. 수치·허용값·점검 주기는 제작사 근거가 필요합니다.,본체 이상과 구동부·계측·공통 정지의 영향을 분리합니다. 자료가 없는 장치의 제어 조건을 대신 만들지 않습니다.,boundary
P10,CC01,body_candidate,recovery,복구 판단과 필요한 자료,관찰 결과·조치·제작사 기준·원인 해소·전용 제어기 알람·승인된 복구 결과를 기록합니다.,GME 공통 신호는 해당 설비와의 연동이 확인된 경우에만 함께 사용합니다.,확인 전 항목과 추가 사진·기계도면·전기도면·전용 매뉴얼을 명시하고 완료 판정을 유보합니다.,recovery
P11,BR01,source_linked,request,운전 요청이 없거나 곧 해제됨,현재 모드·공정 종류·Auto_ON1·카운터와 해당 요청의 변화를 같은 시각 기준으로 기록합니다.,아래 공통 단계의 관련 쓰기와 해당 요청의 모든 Global 쓰기 위치를 비교합니다. 원본 단계 Set이 현재 호출됐는지는 별도 확인합니다.,"상위 요청 미발생, 정상 정지 단계, 고장에 의한 요청 Reset을 구분합니다. 기동 명령을 추가하기 전 요청을 지운 주체를 확인합니다.",common-stages
P11,BR01,source_linked,permit,요청은 있지만 최종 출력이 없음,아래 최종 출력의 전체 조건과 현재 피연산자·모드를 기록합니다. 미해석 조건은 임의로0/1로 채우지 않습니다.,공통 ON·비상 모듈·모드 허가와 장치별 출력 조건을 대조합니다. Set 요청은 실제 Q 출력 또는 위치 도달의 증거가 아닙니다.,억제 접점·반대 방향 출력·끝단·상하류 응답 중 실제로 조건이 다른 지점을 찾습니다. 현재 호출·다른 출력 쓰기도 함께 확인합니다.,output-evidence
P11,BR01,source_linked,response,출력은 있지만 현장 응답이 없음,"최종 PLC 출력, 릴레이·구동기 입력, 실제 장치 상태, 원시 센서와 처리된 응답을 구간별로 기록합니다.",회로 작업지의 단자·직렬 허가·전원·구동기와 아래 응답 원본 참조를 비교합니다. 내부 기억만으로 물리 동작을 판단하지 않습니다.,출력 전달 구간과 센서 전달 구간을 각각 확인합니다. 회로·원시 입력·Inputs·기억 중 어디서 차이가 시작됐는지 남깁니다.,signal-boundary
P11,BR01,source_linked,stop,운전 중 정지하거나 연관 설비와 함께 정지함,최초 알람·상하류 응답 변화·카운터·요청 Reset·출력 OFF의 시각을 기록합니다.,종류5 공통 정지 및 아래 장치 감시의 Set/Reset·시간 설정을 함께 비교합니다. 자동 단계 수치를 실제 초로 확정하지 않습니다.,최초 원인과 후속 정지를 구분하고 관련 설비의 상태도 남깁니다. 최초 발생 기록 없이 후속 알람만으로 원인을 확정하지 않습니다.,monitor-evidence
P11,BR01,source_linked,recovery,리셋 후 재기동되지 않거나 같은 알람이 반복됨,원인 입력·래치·새 요청·출력·응답과 리셋 요청/출력을 각각 기록합니다.,장치별 RCoil과 공통930/931·비상1824·startup404/405의 기억을 구분합니다. 공통 리셋 출력은 물리 이상 해소의 증거가 아닙니다.,원인 해소·래치 해제·허가 확인·승인된 재기동·연동 영향 확인을 분리해 기록합니다. 현재 PLC·실물 증거 전에는 수리 완료로 표시하지 않습니다.,recovery
P12,AB01,body_candidate,identity,설비와 제어 주체 식별,명판·설비 카드ID·위치·제어반·전용 제어기·자료 개정을 기록합니다.,SEJIN 배치도·P&ID 연결과 실제 투입·배출·가스·공기·연동 경계를 대조합니다.,동일성 확인 후 해당 제어기의 I/O·알람·승인된 운전 순서 자료를 연결합니다.,boundary
P12,AB01,body_candidate,local,본체 증상과 주변 설비 정지 구분,발생 위치·시각·누설·막힘·온도·압력·소음 등 관찰 사실과 주변 설비 상태를 기록합니다.,전용 제어기의 최초 알람과 상하류 요청·응답의 변화를 대조합니다. 수치·허용값·점검 주기는 제작사 근거가 필요합니다.,본체 이상과 구동부·계측·공통 정지의 영향을 분리합니다. 자료가 없는 장치의 제어 조건을 대신 만들지 않습니다.,boundary
P12,AB01,body_candidate,recovery,복구 판단과 필요한 자료,관찰 결과·조치·제작사 기준·원인 해소·전용 제어기 알람·승인된 복구 결과를 기록합니다.,GME 공통 신호는 해당 설비와의 연동이 확인된 경우에만 함께 사용합니다.,확인 전 항목과 추가 사진·기계도면·전기도면·전용 매뉴얼을 명시하고 완료 판정을 유보합니다.,recovery
P13,HE01,body_candidate,identity,설비와 제어 주체 식별,명판·설비 카드ID·위치·제어반·전용 제어기·자료 개정을 기록합니다.,SEJIN 배치도·P&ID 연결과 실제 투입·배출·가스·공기·연동 경계를 대조합니다.,동일성 확인 후 해당 제어기의 I/O·알람·승인된 운전 순서 자료를 연결합니다.,boundary
P13,HE01,body_candidate,local,본체 증상과 주변 설비 정지 구분,발생 위치·시각·누설·막힘·온도·압력·소음 등 관찰 사실과 주변 설비 상태를 기록합니다.,전용 제어기의 최초 알람과 상하류 요청·응답의 변화를 대조합니다. 수치·허용값·점검 주기는 제작사 근거가 필요합니다.,본체 이상과 구동부·계측·공통 정지의 영향을 분리합니다. 자료가 없는 장치의 제어 조건을 대신 만들지 않습니다.,boundary
P13,HE01,body_candidate,recovery,복구 판단과 필요한 자료,관찰 결과·조치·제작사 기준·원인 해소·전용 제어기 알람·승인된 복구 결과를 기록합니다.,GME 공통 신호는 해당 설비와의 연동이 확인된 경우에만 함께 사용합니다.,확인 전 항목과 추가 사진·기계도면·전기도면·전용 매뉴얼을 명시하고 완료 판정을 유보합니다.,recovery
P14,,identity_unresolved,identity,설비와 제어 주체 식별,명판·설비 카드ID·위치·제어반·전용 제어기·자료 개정을 기록합니다.,SEJIN 배치도·P&ID 연결과 실제 투입·배출·가스·공기·연동 경계를 대조합니다.,동일성 확인 후 해당 제어기의 I/O·알람·승인된 운전 순서 자료를 연결합니다.,boundary
P14,,identity_unresolved,local,본체 증상과 주변 설비 정지 구분,발생 위치·시각·누설·막힘·온도·압력·소음 등 관찰 사실과 주변 설비 상태를 기록합니다.,전용 제어기의 최초 알람과 상하류 요청·응답의 변화를 대조합니다. 수치·허용값·점검 주기는 제작사 근거가 필요합니다.,본체 이상과 구동부·계측·공통 정지의 영향을 분리합니다. 자료가 없는 장치의 제어 조건을 대신 만들지 않습니다.,boundary
P14,,identity_unresolved,recovery,복구 판단과 필요한 자료,관찰 결과·조치·제작사 기준·원인 해소·전용 제어기 알람·승인된 복구 결과를 기록합니다.,GME 공통 신호는 해당 설비와의 연동이 확인된 경우에만 함께 사용합니다.,확인 전 항목과 추가 사진·기계도면·전기도면·전용 매뉴얼을 명시하고 완료 판정을 유보합니다.,recovery
P15,FN01,source_linked,request,운전 요청이 없거나 곧 해제됨,현재 모드·공정 종류·Auto_ON1·카운터와 해당 요청의 변화를 같은 시각 기준으로 기록합니다.,아래 공통 단계의 관련 쓰기와 해당 요청의 모든 Global 쓰기 위치를 비교합니다. 원본 단계 Set이 현재 호출됐는지는 별도 확인합니다.,"상위 요청 미발생, 정상 정지 단계, 고장에 의한 요청 Reset을 구분합니다. 기동 명령을 추가하기 전 요청을 지운 주체를 확인합니다.",common-stages
P15,FN01,source_linked,permit,요청은 있지만 최종 출력이 없음,아래 최종 출력의 전체 조건과 현재 피연산자·모드를 기록합니다. 미해석 조건은 임의로0/1로 채우지 않습니다.,공통 ON·비상 모듈·모드 허가와 장치별 출력 조건을 대조합니다. Set 요청은 실제 Q 출력 또는 위치 도달의 증거가 아닙니다.,억제 접점·반대 방향 출력·끝단·상하류 응답 중 실제로 조건이 다른 지점을 찾습니다. 현재 호출·다른 출력 쓰기도 함께 확인합니다.,output-evidence
P15,FN01,source_linked,response,출력은 있지만 현장 응답이 없음,"최종 PLC 출력, 릴레이·구동기 입력, 실제 장치 상태, 원시 센서와 처리된 응답을 구간별로 기록합니다.",회로 작업지의 단자·직렬 허가·전원·구동기와 아래 응답 원본 참조를 비교합니다. 내부 기억만으로 물리 동작을 판단하지 않습니다.,출력 전달 구간과 센서 전달 구간을 각각 확인합니다. 회로·원시 입력·Inputs·기억 중 어디서 차이가 시작됐는지 남깁니다.,signal-boundary
P15,FN01,source_linked,stop,운전 중 정지하거나 연관 설비와 함께 정지함,최초 알람·상하류 응답 변화·카운터·요청 Reset·출력 OFF의 시각을 기록합니다.,종류5 공통 정지 및 아래 장치 감시의 Set/Reset·시간 설정을 함께 비교합니다. 자동 단계 수치를 실제 초로 확정하지 않습니다.,최초 원인과 후속 정지를 구분하고 관련 설비의 상태도 남깁니다. 최초 발생 기록 없이 후속 알람만으로 원인을 확정하지 않습니다.,monitor-evidence
P15,FN01,source_linked,recovery,리셋 후 재기동되지 않거나 같은 알람이 반복됨,원인 입력·래치·새 요청·출력·응답과 리셋 요청/출력을 각각 기록합니다.,장치별 RCoil과 공통930/931·비상1824·startup404/405의 기억을 구분합니다. 공통 리셋 출력은 물리 이상 해소의 증거가 아닙니다.,원인 해소·래치 해제·허가 확인·승인된 재기동·연동 영향 확인을 분리해 기록합니다. 현재 PLC·실물 증거 전에는 수리 완료로 표시하지 않습니다.,recovery
P16,FN02,source_linked,request,운전 요청이 없거나 곧 해제됨,현재 모드·공정 종류·Auto_ON1·카운터와 해당 요청의 변화를 같은 시각 기준으로 기록합니다.,아래 공통 단계의 관련 쓰기와 해당 요청의 모든 Global 쓰기 위치를 비교합니다. 원본 단계 Set이 현재 호출됐는지는 별도 확인합니다.,"상위 요청 미발생, 정상 정지 단계, 고장에 의한 요청 Reset을 구분합니다. 기동 명령을 추가하기 전 요청을 지운 주체를 확인합니다.",common-stages
P16,FN02,source_linked,permit,요청은 있지만 최종 출력이 없음,아래 최종 출력의 전체 조건과 현재 피연산자·모드를 기록합니다. 미해석 조건은 임의로0/1로 채우지 않습니다.,공통 ON·비상 모듈·모드 허가와 장치별 출력 조건을 대조합니다. Set 요청은 실제 Q 출력 또는 위치 도달의 증거가 아닙니다.,억제 접점·반대 방향 출력·끝단·상하류 응답 중 실제로 조건이 다른 지점을 찾습니다. 현재 호출·다른 출력 쓰기도 함께 확인합니다.,output-evidence
P16,FN02,source_linked,response,출력은 있지만 현장 응답이 없음,"최종 PLC 출력, 릴레이·구동기 입력, 실제 장치 상태, 원시 센서와 처리된 응답을 구간별로 기록합니다.",회로 작업지의 단자·직렬 허가·전원·구동기와 아래 응답 원본 참조를 비교합니다. 내부 기억만으로 물리 동작을 판단하지 않습니다.,출력 전달 구간과 센서 전달 구간을 각각 확인합니다. 회로·원시 입력·Inputs·기억 중 어디서 차이가 시작됐는지 남깁니다.,signal-boundary
P16,FN02,source_linked,stop,운전 중 정지하거나 연관 설비와 함께 정지함,최초 알람·상하류 응답 변화·카운터·요청 Reset·출력 OFF의 시각을 기록합니다.,종류5 공통 정지 및 아래 장치 감시의 Set/Reset·시간 설정을 함께 비교합니다. 자동 단계 수치를 실제 초로 확정하지 않습니다.,최초 원인과 후속 정지를 구분하고 관련 설비의 상태도 남깁니다. 최초 발생 기록 없이 후속 알람만으로 원인을 확정하지 않습니다.,monitor-evidence
P16,FN02,source_linked,recovery,리셋 후 재기동되지 않거나 같은 알람이 반복됨,원인 입력·래치·새 요청·출력·응답과 리셋 요청/출력을 각각 기록합니다.,장치별 RCoil과 공통930/931·비상1824·startup404/405의 기억을 구분합니다. 공통 리셋 출력은 물리 이상 해소의 증거가 아닙니다.,원인 해소·래치 해제·허가 확인·승인된 재기동·연동 영향 확인을 분리해 기록합니다. 현재 PLC·실물 증거 전에는 수리 완료로 표시하지 않습니다.,recovery
P17,FN03,source_linked,request,운전 요청이 없거나 곧 해제됨,현재 모드·공정 종류·Auto_ON1·카운터와 해당 요청의 변화를 같은 시각 기준으로 기록합니다.,아래 공통 단계의 관련 쓰기와 해당 요청의 모든 Global 쓰기 위치를 비교합니다. 원본 단계 Set이 현재 호출됐는지는 별도 확인합니다.,"상위 요청 미발생, 정상 정지 단계, 고장에 의한 요청 Reset을 구분합니다. 기동 명령을 추가하기 전 요청을 지운 주체를 확인합니다.",common-stages
P17,FN03,source_linked,permit,요청은 있지만 최종 출력이 없음,아래 최종 출력의 전체 조건과 현재 피연산자·모드를 기록합니다. 미해석 조건은 임의로0/1로 채우지 않습니다.,공통 ON·비상 모듈·모드 허가와 장치별 출력 조건을 대조합니다. Set 요청은 실제 Q 출력 또는 위치 도달의 증거가 아닙니다.,억제 접점·반대 방향 출력·끝단·상하류 응답 중 실제로 조건이 다른 지점을 찾습니다. 현재 호출·다른 출력 쓰기도 함께 확인합니다.,output-evidence
P17,FN03,source_linked,response,출력은 있지만 현장 응답이 없음,"최종 PLC 출력, 릴레이·구동기 입력, 실제 장치 상태, 원시 센서와 처리된 응답을 구간별로 기록합니다.",회로 작업지의 단자·직렬 허가·전원·구동기와 아래 응답 원본 참조를 비교합니다. 내부 기억만으로 물리 동작을 판단하지 않습니다.,출력 전달 구간과 센서 전달 구간을 각각 확인합니다. 회로·원시 입력·Inputs·기억 중 어디서 차이가 시작됐는지 남깁니다.,signal-boundary
P17,FN03,source_linked,stop,운전 중 정지하거나 연관 설비와 함께 정지함,최초 알람·상하류 응답 변화·카운터·요청 Reset·출력 OFF의 시각을 기록합니다.,종류5 공통 정지 및 아래 장치 감시의 Set/Reset·시간 설정을 함께 비교합니다. 자동 단계 수치를 실제 초로 확정하지 않습니다.,최초 원인과 후속 정지를 구분하고 관련 설비의 상태도 남깁니다. 최초 발생 기록 없이 후속 알람만으로 원인을 확정하지 않습니다.,monitor-evidence
P17,FN03,source_linked,recovery,리셋 후 재기동되지 않거나 같은 알람이 반복됨,원인 입력·래치·새 요청·출력·응답과 리셋 요청/출력을 각각 기록합니다.,장치별 RCoil과 공통930/931·비상1824·startup404/405의 기억을 구분합니다. 공통 리셋 출력은 물리 이상 해소의 증거가 아닙니다.,원인 해소·래치 해제·허가 확인·승인된 재기동·연동 영향 확인을 분리해 기록합니다. 현재 PLC·실물 증거 전에는 수리 완료로 표시하지 않습니다.,recovery
P18,FN06,source_linked,request,운전 요청이 없거나 곧 해제됨,현재 모드·공정 종류·Auto_ON1·카운터와 해당 요청의 변화를 같은 시각 기준으로 기록합니다.,아래 공통 단계의 관련 쓰기와 해당 요청의 모든 Global 쓰기 위치를 비교합니다. 원본 단계 Set이 현재 호출됐는지는 별도 확인합니다.,"상위 요청 미발생, 정상 정지 단계, 고장에 의한 요청 Reset을 구분합니다. 기동 명령을 추가하기 전 요청을 지운 주체를 확인합니다.",common-stages
P18,FN06,source_linked,permit,요청은 있지만 최종 출력이 없음,아래 최종 출력의 전체 조건과 현재 피연산자·모드를 기록합니다. 미해석 조건은 임의로0/1로 채우지 않습니다.,공통 ON·비상 모듈·모드 허가와 장치별 출력 조건을 대조합니다. Set 요청은 실제 Q 출력 또는 위치 도달의 증거가 아닙니다.,억제 접점·반대 방향 출력·끝단·상하류 응답 중 실제로 조건이 다른 지점을 찾습니다. 현재 호출·다른 출력 쓰기도 함께 확인합니다.,output-evidence
P18,FN06,source_linked,response,출력은 있지만 현장 응답이 없음,"최종 PLC 출력, 릴레이·구동기 입력, 실제 장치 상태, 원시 센서와 처리된 응답을 구간별로 기록합니다.",회로 작업지의 단자·직렬 허가·전원·구동기와 아래 응답 원본 참조를 비교합니다. 내부 기억만으로 물리 동작을 판단하지 않습니다.,출력 전달 구간과 센서 전달 구간을 각각 확인합니다. 회로·원시 입력·Inputs·기억 중 어디서 차이가 시작됐는지 남깁니다.,signal-boundary
P18,FN06,source_linked,stop,운전 중 정지하거나 연관 설비와 함께 정지함,최초 알람·상하류 응답 변화·카운터·요청 Reset·출력 OFF의 시각을 기록합니다.,종류5 공통 정지 및 아래 장치 감시의 Set/Reset·시간 설정을 함께 비교합니다. 자동 단계 수치를 실제 초로 확정하지 않습니다.,최초 원인과 후속 정지를 구분하고 관련 설비의 상태도 남깁니다. 최초 발생 기록 없이 후속 알람만으로 원인을 확정하지 않습니다.,monitor-evidence
P18,FN06,source_linked,recovery,리셋 후 재기동되지 않거나 같은 알람이 반복됨,원인 입력·래치·새 요청·출력·응답과 리셋 요청/출력을 각각 기록합니다.,장치별 RCoil과 공통930/931·비상1824·startup404/405의 기억을 구분합니다. 공통 리셋 출력은 물리 이상 해소의 증거가 아닙니다.,원인 해소·래치 해제·허가 확인·승인된 재기동·연동 영향 확인을 분리해 기록합니다. 현재 PLC·실물 증거 전에는 수리 완료로 표시하지 않습니다.,recovery
P19,MV01,source_linked,request,운전 요청이 없거나 곧 해제됨,현재 모드·공정 종류·Auto_ON1·카운터와 해당 요청의 변화를 같은 시각 기준으로 기록합니다.,아래 공통 단계의 관련 쓰기와 해당 요청의 모든 Global 쓰기 위치를 비교합니다. 원본 단계 Set이 현재 호출됐는지는 별도 확인합니다.,"상위 요청 미발생, 정상 정지 단계, 고장에 의한 요청 Reset을 구분합니다. 기동 명령을 추가하기 전 요청을 지운 주체를 확인합니다.",common-stages
P19,MV01,source_linked,permit,요청은 있지만 최종 출력이 없음,아래 최종 출력의 전체 조건과 현재 피연산자·모드를 기록합니다. 미해석 조건은 임의로0/1로 채우지 않습니다.,공통 ON·비상 모듈·모드 허가와 장치별 출력 조건을 대조합니다. Set 요청은 실제 Q 출력 또는 위치 도달의 증거가 아닙니다.,억제 접점·반대 방향 출력·끝단·상하류 응답 중 실제로 조건이 다른 지점을 찾습니다. 현재 호출·다른 출력 쓰기도 함께 확인합니다.,output-evidence
P19,MV01,source_linked,response,출력은 있지만 현장 응답이 없음,"최종 PLC 출력, 릴레이·구동기 입력, 실제 장치 상태, 원시 센서와 처리된 응답을 구간별로 기록합니다.",회로 작업지의 단자·직렬 허가·전원·구동기와 아래 응답 원본 참조를 비교합니다. 내부 기억만으로 물리 동작을 판단하지 않습니다.,출력 전달 구간과 센서 전달 구간을 각각 확인합니다. 회로·원시 입력·Inputs·기억 중 어디서 차이가 시작됐는지 남깁니다.,signal-boundary
P19,MV01,source_linked,stop,운전 중 정지하거나 연관 설비와 함께 정지함,최초 알람·상하류 응답 변화·카운터·요청 Reset·출력 OFF의 시각을 기록합니다.,종류5 공통 정지 및 아래 장치 감시의 Set/Reset·시간 설정을 함께 비교합니다. 자동 단계 수치를 실제 초로 확정하지 않습니다.,최초 원인과 후속 정지를 구분하고 관련 설비의 상태도 남깁니다. 최초 발생 기록 없이 후속 알람만으로 원인을 확정하지 않습니다.,monitor-evidence
P19,MV01,source_linked,recovery,리셋 후 재기동되지 않거나 같은 알람이 반복됨,원인 입력·래치·새 요청·출력·응답과 리셋 요청/출력을 각각 기록합니다.,장치별 RCoil과 공통930/931·비상1824·startup404/405의 기억을 구분합니다. 공통 리셋 출력은 물리 이상 해소의 증거가 아닙니다.,원인 해소·래치 해제·허가 확인·승인된 재기동·연동 영향 확인을 분리해 기록합니다. 현재 PLC·실물 증거 전에는 수리 완료로 표시하지 않습니다.,recovery
P20,MV03,source_linked,request,운전 요청이 없거나 곧 해제됨,현재 모드·공정 종류·Auto_ON1·카운터와 해당 요청의 변화를 같은 시각 기준으로 기록합니다.,아래 공통 단계의 관련 쓰기와 해당 요청의 모든 Global 쓰기 위치를 비교합니다. 원본 단계 Set이 현재 호출됐는지는 별도 확인합니다.,"상위 요청 미발생, 정상 정지 단계, 고장에 의한 요청 Reset을 구분합니다. 기동 명령을 추가하기 전 요청을 지운 주체를 확인합니다.",common-stages
P20,MV03,source_linked,permit,요청은 있지만 최종 출력이 없음,아래 최종 출력의 전체 조건과 현재 피연산자·모드를 기록합니다. 미해석 조건은 임의로0/1로 채우지 않습니다.,공통 ON·비상 모듈·모드 허가와 장치별 출력 조건을 대조합니다. Set 요청은 실제 Q 출력 또는 위치 도달의 증거가 아닙니다.,억제 접점·반대 방향 출력·끝단·상하류 응답 중 실제로 조건이 다른 지점을 찾습니다. 현재 호출·다른 출력 쓰기도 함께 확인합니다.,output-evidence
P20,MV03,source_linked,response,출력은 있지만 현장 응답이 없음,"최종 PLC 출력, 릴레이·구동기 입력, 실제 장치 상태, 원시 센서와 처리된 응답을 구간별로 기록합니다.",회로 작업지의 단자·직렬 허가·전원·구동기와 아래 응답 원본 참조를 비교합니다. 내부 기억만으로 물리 동작을 판단하지 않습니다.,출력 전달 구간과 센서 전달 구간을 각각 확인합니다. 회로·원시 입력·Inputs·기억 중 어디서 차이가 시작됐는지 남깁니다.,signal-boundary
P20,MV03,source_linked,stop,운전 중 정지하거나 연관 설비와 함께 정지함,최초 알람·상하류 응답 변화·카운터·요청 Reset·출력 OFF의 시각을 기록합니다.,종류5 공통 정지 및 아래 장치 감시의 Set/Reset·시간 설정을 함께 비교합니다. 자동 단계 수치를 실제 초로 확정하지 않습니다.,최초 원인과 후속 정지를 구분하고 관련 설비의 상태도 남깁니다. 최초 발생 기록 없이 후속 알람만으로 원인을 확정하지 않습니다.,monitor-evidence
P20,MV03,source_linked,recovery,리셋 후 재기동되지 않거나 같은 알람이 반복됨,원인 입력·래치·새 요청·출력·응답과 리셋 요청/출력을 각각 기록합니다.,장치별 RCoil과 공통930/931·비상1824·startup404/405의 기억을 구분합니다. 공통 리셋 출력은 물리 이상 해소의 증거가 아닙니다.,원인 해소·래치 해제·허가 확인·승인된 재기동·연동 영향 확인을 분리해 기록합니다. 현재 PLC·실물 증거 전에는 수리 완료로 표시하지 않습니다.,recovery
P21,MV06,source_linked,request,운전 요청이 없거나 곧 해제됨,현재 모드·공정 종류·Auto_ON1·카운터와 해당 요청의 변화를 같은 시각 기준으로 기록합니다.,아래 공통 단계의 관련 쓰기와 해당 요청의 모든 Global 쓰기 위치를 비교합니다. 원본 단계 Set이 현재 호출됐는지는 별도 확인합니다.,"상위 요청 미발생, 정상 정지 단계, 고장에 의한 요청 Reset을 구분합니다. 기동 명령을 추가하기 전 요청을 지운 주체를 확인합니다.",common-stages
P21,MV06,source_linked,permit,요청은 있지만 최종 출력이 없음,아래 최종 출력의 전체 조건과 현재 피연산자·모드를 기록합니다. 미해석 조건은 임의로0/1로 채우지 않습니다.,공통 ON·비상 모듈·모드 허가와 장치별 출력 조건을 대조합니다. Set 요청은 실제 Q 출력 또는 위치 도달의 증거가 아닙니다.,억제 접점·반대 방향 출력·끝단·상하류 응답 중 실제로 조건이 다른 지점을 찾습니다. 현재 호출·다른 출력 쓰기도 함께 확인합니다.,output-evidence
P21,MV06,source_linked,response,출력은 있지만 현장 응답이 없음,"최종 PLC 출력, 릴레이·구동기 입력, 실제 장치 상태, 원시 센서와 처리된 응답을 구간별로 기록합니다.",회로 작업지의 단자·직렬 허가·전원·구동기와 아래 응답 원본 참조를 비교합니다. 내부 기억만으로 물리 동작을 판단하지 않습니다.,출력 전달 구간과 센서 전달 구간을 각각 확인합니다. 회로·원시 입력·Inputs·기억 중 어디서 차이가 시작됐는지 남깁니다.,signal-boundary
P21,MV06,source_linked,stop,운전 중 정지하거나 연관 설비와 함께 정지함,최초 알람·상하류 응답 변화·카운터·요청 Reset·출력 OFF의 시각을 기록합니다.,종류5 공통 정지 및 아래 장치 감시의 Set/Reset·시간 설정을 함께 비교합니다. 자동 단계 수치를 실제 초로 확정하지 않습니다.,최초 원인과 후속 정지를 구분하고 관련 설비의 상태도 남깁니다. 최초 발생 기록 없이 후속 알람만으로 원인을 확정하지 않습니다.,monitor-evidence
P21,MV06,source_linked,recovery,리셋 후 재기동되지 않거나 같은 알람이 반복됨,원인 입력·래치·새 요청·출력·응답과 리셋 요청/출력을 각각 기록합니다.,장치별 RCoil과 공통930/931·비상1824·startup404/405의 기억을 구분합니다. 공통 리셋 출력은 물리 이상 해소의 증거가 아닙니다.,원인 해소·래치 해제·허가 확인·승인된 재기동·연동 영향 확인을 분리해 기록합니다. 현재 PLC·실물 증거 전에는 수리 완료로 표시하지 않습니다.,recovery
P22,,identity_unresolved,identity,설비와 제어 주체 식별,명판·설비 카드ID·위치·제어반·전용 제어기·자료 개정을 기록합니다.,SEJIN 배치도·P&ID 연결과 실제 투입·배출·가스·공기·연동 경계를 대조합니다.,동일성 확인 후 해당 제어기의 I/O·알람·승인된 운전 순서 자료를 연결합니다.,boundary
P22,,identity_unresolved,local,본체 증상과 주변 설비 정지 구분,발생 위치·시각·누설·막힘·온도·압력·소음 등 관찰 사실과 주변 설비 상태를 기록합니다.,전용 제어기의 최초 알람과 상하류 요청·응답의 변화를 대조합니다. 수치·허용값·점검 주기는 제작사 근거가 필요합니다.,본체 이상과 구동부·계측·공통 정지의 영향을 분리합니다. 자료가 없는 장치의 제어 조건을 대신 만들지 않습니다.,boundary
P22,,identity_unresolved,recovery,복구 판단과 필요한 자료,관찰 결과·조치·제작사 기준·원인 해소·전용 제어기 알람·승인된 복구 결과를 기록합니다.,GME 공통 신호는 해당 설비와의 연동이 확인된 경우에만 함께 사용합니다.,확인 전 항목과 추가 사진·기계도면·전기도면·전용 매뉴얼을 명시하고 완료 판정을 유보합니다.,recovery
P23,,identity_unresolved,identity,설비와 제어 주체 식별,명판·설비 카드ID·위치·제어반·전용 제어기·자료 개정을 기록합니다.,SEJIN 배치도·P&ID 연결과 실제 투입·배출·가스·공기·연동 경계를 대조합니다.,동일성 확인 후 해당 제어기의 I/O·알람·승인된 운전 순서 자료를 연결합니다.,boundary
P23,,identity_unresolved,local,본체 증상과 주변 설비 정지 구분,발생 위치·시각·누설·막힘·온도·압력·소음 등 관찰 사실과 주변 설비 상태를 기록합니다.,전용 제어기의 최초 알람과 상하류 요청·응답의 변화를 대조합니다. 수치·허용값·점검 주기는 제작사 근거가 필요합니다.,본체 이상과 구동부·계측·공통 정지의 영향을 분리합니다. 자료가 없는 장치의 제어 조건을 대신 만들지 않습니다.,boundary
P23,,identity_unresolved,recovery,복구 판단과 필요한 자료,관찰 결과·조치·제작사 기준·원인 해소·전용 제어기 알람·승인된 복구 결과를 기록합니다.,GME 공통 신호는 해당 설비와의 연동이 확인된 경우에만 함께 사용합니다.,확인 전 항목과 추가 사진·기계도면·전기도면·전용 매뉴얼을 명시하고 완료 판정을 유보합니다.,recovery
