심볼,주소,자료형,설명,검토 상태
flag_aggiorna_db,%m1.7,bool,,공통/예비/설비 미지정 참조 검토
stop counter pew 336,%m114.3,bool,,공통/예비/설비 미지정 참조 검토
stop counter pew 368,%m115.3,bool,,공통/예비/설비 미지정 참조 검토
stop counter pew 418,%m116.3,bool,,공통/예비/설비 미지정 참조 검토
scarico ceneri auto,%m15.1,bool,,공통/예비/설비 미지정 참조 검토
mem2_0,%m2.0,bool,,공통/예비/설비 미지정 참조 검토
mv work pulse,%m10.0,bool,,공통/예비/설비 미지정 참조 검토
enable counter pew 336,%m114.2,bool,,공통/예비/설비 미지정 참조 검토
enable counter pew 368,%m115.2,bool,,공통/예비/설비 미지정 참조 검토
enable counter pew 418,%m116.2,bool,,공통/예비/설비 미지정 참조 검토
m491,%m10.1,bool,,공통/예비/설비 미지정 참조 검토
pls m51 6,%m51.6,bool,,공통/예비/설비 미지정 참조 검토
pls m51.5,%m51.5,bool,,공통/예비/설비 미지정 참조 검토
pls m51_4,%m51.4,bool,,공통/예비/설비 미지정 참조 검토
pls m10.3,%m10.3,bool,,공통/예비/설비 미지정 참조 검토
pls m10.4,%m10.4,bool,,공통/예비/설비 미지정 참조 검토
pls 50 4,%m50.4,bool,,공통/예비/설비 미지정 참조 검토
pls 50 7,%m50.7,bool,,공통/예비/설비 미지정 참조 검토
pls 50_5,%m50.5,bool,,공통/예비/설비 미지정 참조 검토
pls 51 2,%m51.2,bool,,공통/예비/설비 미지정 참조 검토
pls 51 3,%m51.3,bool,,공통/예비/설비 미지정 참조 검토
pls m50.0,%m50.0,bool,,공통/예비/설비 미지정 참조 검토
pls m50.1,%m50.1,bool,,공통/예비/설비 미지정 참조 검토
pls m50.2,%m50.2,bool,,공통/예비/설비 미지정 참조 검토
reset counter pew 336,%m114.5,bool,,공통/예비/설비 미지정 참조 검토
reset counter pew 368,%m115.5,bool,,공통/예비/설비 미지정 참조 검토
reset counter pew 418,%m116.5,bool,,공통/예비/설비 미지정 참조 검토
init_rk_512,%m200.0,bool,,공통/예비/설비 미지정 참조 검토
app m10.2,%m10.2,bool,,공통/예비/설비 미지정 참조 검토
r1 gate on,%m10.5,bool,,공통/예비/설비 미지정 참조 검토
counter error pew 336,%m114.4,bool,,공통/예비/설비 미지정 참조 검토
counter error pew 368,%m115.4,bool,,공통/예비/설비 미지정 참조 검토
counter error pew 418,%m116.4,bool,,공통/예비/설비 미지정 참조 검토
tag_47,%t13,timer,,공통/예비/설비 미지정 참조 검토
tag_48,%t17,timer,,공통/예비/설비 미지정 참조 검토
tag_92,%t4,timer,,공통/예비/설비 미지정 참조 검토
tag_93,%t21,timer,,공통/예비/설비 미지정 참조 검토
tag_94,%t3,timer,,공통/예비/설비 미지정 참조 검토
tag_96,%t15,timer,,공통/예비/설비 미지정 참조 검토
tag_97,%t16,timer,,공통/예비/설비 미지정 참조 검토
tag_114,%t6,timer,,공통/예비/설비 미지정 참조 검토
tag_115,%t58,timer,,공통/예비/설비 미지정 참조 검토
tag_116,%t59,timer,,공통/예비/설비 미지정 참조 검토
tag_117,%t69,timer,,공통/예비/설비 미지정 참조 검토
tag_122,%t130,timer,,공통/예비/설비 미지정 참조 검토
tag_123,%t113,timer,,공통/예비/설비 미지정 참조 검토
tag_124,%t40,timer,,공통/예비/설비 미지정 참조 검토
tag_125,%t41,timer,,공통/예비/설비 미지정 참조 검토
tag_126,%t131,timer,,공통/예비/설비 미지정 참조 검토
tag_127,%t126,timer,,공통/예비/설비 미지정 참조 검토
tag_128,%t127,timer,,공통/예비/설비 미지정 참조 검토
tag_129,%t133,timer,,공통/예비/설비 미지정 참조 검토
tag_130,%t134,timer,,공통/예비/설비 미지정 참조 검토
tag_131,%t1,timer,,공통/예비/설비 미지정 참조 검토
tag_132,%t2,timer,,공통/예비/설비 미지정 참조 검토
tag_133,%t5,timer,,공통/예비/설비 미지정 참조 검토
tag_134,%t20,timer,,공통/예비/설비 미지정 참조 검토
tag_135,%t26,timer,,공통/예비/설비 미지정 참조 검토
tag_136,%t27,timer,,공통/예비/설비 미지정 참조 검토
tag_137,%t28,timer,,공통/예비/설비 미지정 참조 검토
tag_138,%t30,timer,,공통/예비/설비 미지정 참조 검토
tag_139,%t29,timer,,공통/예비/설비 미지정 참조 검토
tag_140,%t12,timer,,공통/예비/설비 미지정 참조 검토
tag_141,%t122,timer,,공통/예비/설비 미지정 참조 검토
tag_142,%t32,timer,,공통/예비/설비 미지정 참조 검토
tag_143,%t31,timer,,공통/예비/설비 미지정 참조 검토
tag_144,%t37,timer,,공통/예비/설비 미지정 참조 검토
tag_145,%t38,timer,,공통/예비/설비 미지정 참조 검토
tag_146,%t90,timer,,공통/예비/설비 미지정 참조 검토
tag_147,%t138,timer,,공통/예비/설비 미지정 참조 검토
tag_148,%t139,timer,,공통/예비/설비 미지정 참조 검토
tag_149,%t135,timer,,공통/예비/설비 미지정 참조 검토
tag_150,%t136,timer,,공통/예비/설비 미지정 참조 검토
tag_151,%t140,timer,,공통/예비/설비 미지정 참조 검토
tag_152,%t143,timer,,공통/예비/설비 미지정 참조 검토
tag_153,%t141,timer,,공통/예비/설비 미지정 참조 검토
tag_154,%t78,timer,,공통/예비/설비 미지정 참조 검토
tag_155,%t79,timer,,공통/예비/설비 미지정 참조 검토
tag_156,%t118,timer,,공통/예비/설비 미지정 참조 검토
tag_157,%t119,timer,,공통/예비/설비 미지정 참조 검토
tag_160,%t47,timer,,공통/예비/설비 미지정 참조 검토
tag_161,%t48,timer,,공통/예비/설비 미지정 참조 검토
tag_162,%t142,timer,,공통/예비/설비 미지정 참조 검토
tag_163,%t100,timer,,공통/예비/설비 미지정 참조 검토
tag_164,%t56,timer,,공통/예비/설비 미지정 참조 검토
tag_165,%t102,timer,,공통/예비/설비 미지정 참조 검토
tag_166,%t57,timer,,공통/예비/설비 미지정 참조 검토
tag_167,%t8,timer,,공통/예비/설비 미지정 참조 검토
tag_168,%t9,timer,,공통/예비/설비 미지정 참조 검토
tag_169,%t10,timer,,공통/예비/설비 미지정 참조 검토
tag_170,%t11,timer,,공통/예비/설비 미지정 참조 검토
tag_191,%m100.0,bool,,공통/예비/설비 미지정 참조 검토
tag_192,%m150.0,bool,,공통/예비/설비 미지정 참조 검토
tag_193,%m150.1,bool,,공통/예비/설비 미지정 참조 검토
tag_194,%m150.2,bool,,공통/예비/설비 미지정 참조 검토
tag_195,%m150.3,bool,,공통/예비/설비 미지정 참조 검토
tag_196,%m150.4,bool,,공통/예비/설비 미지정 참조 검토
tag_197,%m150.5,bool,,공통/예비/설비 미지정 참조 검토
tag_198,%m150.6,bool,,공통/예비/설비 미지정 참조 검토
tag_199,%m150.7,bool,,공통/예비/설비 미지정 참조 검토
tag_200,%m151.0,bool,,공통/예비/설비 미지정 참조 검토
tag_201,%m151.1,bool,,공통/예비/설비 미지정 참조 검토
tag_202,%m151.2,bool,,공통/예비/설비 미지정 참조 검토
tag_203,%m151.3,bool,,공통/예비/설비 미지정 참조 검토
tag_204,%m151.4,bool,,공통/예비/설비 미지정 참조 검토
tag_205,%m151.5,bool,,공통/예비/설비 미지정 참조 검토
tag_206,%m151.6,bool,,공통/예비/설비 미지정 참조 검토
tag_207,%m151.7,bool,,공통/예비/설비 미지정 참조 검토
tag_208,%m152.0,bool,,공통/예비/설비 미지정 참조 검토
tag_209,%m152.1,bool,,공통/예비/설비 미지정 참조 검토
tag_210,%m152.2,bool,,공통/예비/설비 미지정 참조 검토
tag_211,%m152.3,bool,,공통/예비/설비 미지정 참조 검토
tag_212,%m152.4,bool,,공통/예비/설비 미지정 참조 검토
tag_213,%m152.5,bool,,공통/예비/설비 미지정 참조 검토
tag_214,%m152.6,bool,,공통/예비/설비 미지정 참조 검토
tag_215,%m152.7,bool,,공통/예비/설비 미지정 참조 검토
tag_216,%m153.0,bool,,공통/예비/설비 미지정 참조 검토
tag_217,%m153.1,bool,,공통/예비/설비 미지정 참조 검토
tag_218,%m153.2,bool,,공통/예비/설비 미지정 참조 검토
tag_219,%m153.3,bool,,공통/예비/설비 미지정 참조 검토
tag_220,%m153.4,bool,,공통/예비/설비 미지정 참조 검토
tag_221,%m153.5,bool,,공통/예비/설비 미지정 참조 검토
tag_222,%m153.6,bool,,공통/예비/설비 미지정 참조 검토
tag_223,%m153.7,bool,,공통/예비/설비 미지정 참조 검토
tag_224,%m154.0,bool,,공통/예비/설비 미지정 참조 검토
tag_225,%m154.1,bool,,공통/예비/설비 미지정 참조 검토
tag_226,%m154.2,bool,,공통/예비/설비 미지정 참조 검토
tag_227,%m154.3,bool,,공통/예비/설비 미지정 참조 검토
tag_228,%m154.4,bool,,공통/예비/설비 미지정 참조 검토
tag_229,%m154.5,bool,,공통/예비/설비 미지정 참조 검토
tag_230,%m154.6,bool,,공통/예비/설비 미지정 참조 검토
tag_231,%m154.7,bool,,공통/예비/설비 미지정 참조 검토
tag_232,%m155.0,bool,,공통/예비/설비 미지정 참조 검토
tag_233,%m155.1,bool,,공통/예비/설비 미지정 참조 검토
tag_234,%m155.2,bool,,공통/예비/설비 미지정 참조 검토
tag_235,%m155.3,bool,,공통/예비/설비 미지정 참조 검토
tag_236,%m155.4,bool,,공통/예비/설비 미지정 참조 검토
tag_237,%m155.5,bool,,공통/예비/설비 미지정 참조 검토
tag_238,%m155.6,bool,,공통/예비/설비 미지정 참조 검토
tag_239,%m155.7,bool,,공통/예비/설비 미지정 참조 검토
tag_240,%m156.0,bool,,공통/예비/설비 미지정 참조 검토
tag_241,%m156.1,bool,,공통/예비/설비 미지정 참조 검토
tag_242,%m156.2,bool,,공통/예비/설비 미지정 참조 검토
tag_243,%m156.3,bool,,공통/예비/설비 미지정 참조 검토
tag_244,%m156.4,bool,,공통/예비/설비 미지정 참조 검토
tag_245,%m156.5,bool,,공통/예비/설비 미지정 참조 검토
tag_246,%m156.6,bool,,공통/예비/설비 미지정 참조 검토
tag_247,%m156.7,bool,,공통/예비/설비 미지정 참조 검토
tag_248,%m157.0,bool,,공통/예비/설비 미지정 참조 검토
tag_249,%m157.1,bool,,공통/예비/설비 미지정 참조 검토
tag_250,%m157.2,bool,,공통/예비/설비 미지정 참조 검토
tag_251,%m157.3,bool,,공통/예비/설비 미지정 참조 검토
tag_252,%m157.4,bool,,공통/예비/설비 미지정 참조 검토
tag_253,%m157.5,bool,,공통/예비/설비 미지정 참조 검토
tag_254,%m157.6,bool,,공통/예비/설비 미지정 참조 검토
tag_255,%m157.7,bool,,공통/예비/설비 미지정 참조 검토
tag_256,%m158.0,bool,,공통/예비/설비 미지정 참조 검토
tag_257,%m158.1,bool,,공통/예비/설비 미지정 참조 검토
tag_258,%m158.2,bool,,공통/예비/설비 미지정 참조 검토
tag_259,%m158.3,bool,,공통/예비/설비 미지정 참조 검토
tag_260,%m158.4,bool,,공통/예비/설비 미지정 참조 검토
tag_261,%m158.5,bool,,공통/예비/설비 미지정 참조 검토
tag_262,%m159.0,bool,,공통/예비/설비 미지정 참조 검토
tag_263,%m159.1,bool,,공통/예비/설비 미지정 참조 검토
tag_264,%m159.2,bool,,공통/예비/설비 미지정 참조 검토
tag_265,%m159.3,bool,,공통/예비/설비 미지정 참조 검토
tag_266,%m159.4,bool,,공통/예비/설비 미지정 참조 검토
tag_267,%m159.5,bool,,공통/예비/설비 미지정 참조 검토
tag_268,%m159.6,bool,,공통/예비/설비 미지정 참조 검토
tag_269,%m159.7,bool,,공통/예비/설비 미지정 참조 검토
tag_270,%m160.0,bool,,공통/예비/설비 미지정 참조 검토
tag_271,%m160.1,bool,,공통/예비/설비 미지정 참조 검토
tag_272,%m160.2,bool,,공통/예비/설비 미지정 참조 검토
tag_273,%m160.3,bool,,공통/예비/설비 미지정 참조 검토
tag_280,%qw0,word,,공통/예비/설비 미지정 참조 검토
tag_281,%qw2,word,,공통/예비/설비 미지정 참조 검토
tag_282,%qw4,word,,공통/예비/설비 미지정 참조 검토
tag_283,%qw6,word,,공통/예비/설비 미지정 참조 검토
tag_284,%qw8,word,,공통/예비/설비 미지정 참조 검토
tag_285,%qw10,word,,공통/예비/설비 미지정 참조 검토
tag_286,%qw12,word,,공통/예비/설비 미지정 참조 검토
tag_287,%qw14,word,,공통/예비/설비 미지정 참조 검토
tag_288,%qw16,word,,공통/예비/설비 미지정 참조 검토
tag_289,%qw18,word,,공통/예비/설비 미지정 참조 검토
tag_290,%qw20,word,,공통/예비/설비 미지정 참조 검토
tag_291,%qw22,word,,공통/예비/설비 미지정 참조 검토
clock100ms,%m90.0,bool,,공통/예비/설비 미지정 참조 검토
clock3s,%m90.1,bool,,공통/예비/설비 미지정 참조 검토
tag_292,%m90.5,bool,,공통/예비/설비 미지정 참조 검토
main flame on,%m25.0,bool,,공통/예비/설비 미지정 참조 검토
test cabin,%m5.0,bool,,공통/예비/설비 미지정 참조 검토
every 1 second,%m1.0,bool,,공통/예비/설비 미지정 참조 검토
washing max ok,%m9.0,bool,,공통/예비/설비 미지정 참조 검토
disable masses,%m80.0,bool,,공통/예비/설비 미지정 참조 검토
shot to close,%m18.0,bool,,공통/예비/설비 미지정 참조 검토
shot to open,%m18.1,bool,,공통/예비/설비 미지정 참조 검토
start client motore 10,%q61.6,bool,it should be free but it is used,공통/예비/설비 미지정 참조 검토
102a8_spare1,%i5.3,bool,,공통/예비/설비 미지정 참조 검토
belt conveyor d run,%i13.7,bool,"e 14.6 belt conveyor ""d""run",공통/예비/설비 미지정 참조 검토
rotex screenfault,%i15.7,bool,e 18.7 rotex screenfault,공통/예비/설비 미지정 참조 검토
shredder 2fault,%i16.1,bool,e19.3 shredder 2fault,공통/예비/설비 미지정 참조 검토
103a3_spare0,%i18.0,bool,,공통/예비/설비 미지정 참조 검토
103a3_spare1,%i18.1,bool,,공통/예비/설비 미지정 참조 검토
103a3_spare2,%i18.2,bool,,공통/예비/설비 미지정 참조 검토
103a3_spare3,%i18.3,bool,,공통/예비/설비 미지정 참조 검토
103a3_spare4,%i18.4,bool,,공통/예비/설비 미지정 참조 검토
103a3_spare5,%i18.5,bool,,공통/예비/설비 미지정 참조 검토
103a3_spare6,%i18.6,bool,,공통/예비/설비 미지정 참조 검토
103a3_spare7,%i18.7,bool,,공통/예비/설비 미지정 참조 검토
103a3_spare8,%i19.0,bool,,공통/예비/설비 미지정 참조 검토
103a3_spare9,%i19.1,bool,,공통/예비/설비 미지정 참조 검토
103a3_spare10,%i19.2,bool,,공통/예비/설비 미지정 참조 검토
103a3_spare11,%i19.3,bool,,공통/예비/설비 미지정 참조 검토
153a1_spare1,%iw392,int,,공통/예비/설비 미지정 참조 검토
153a1_spare3,%iw396,int,,공통/예비/설비 미지정 참조 검토
102a10_spare0,%i14.3,bool,consent spare,공통/예비/설비 미지정 참조 검토
153a3_spare0,%i29.0,bool,,공통/예비/설비 미지정 참조 검토
153a3_spare1,%i29.1,bool,,공통/예비/설비 미지정 참조 검토
153a3_spare2,%i29.2,bool,,공통/예비/설비 미지정 참조 검토
153a3_spare3,%i29.3,bool,,공통/예비/설비 미지정 참조 검토
153a3_spare4,%i29.4,bool,,공통/예비/설비 미지정 참조 검토
153a3_spare5,%i29.5,bool,,공통/예비/설비 미지정 참조 검토
153a3_spare6,%i29.6,bool,,공통/예비/설비 미지정 참조 검토
153a3_spare7,%i29.7,bool,,공통/예비/설비 미지정 참조 검토
102a9_spare1,%i8.4,bool,,공통/예비/설비 미지정 참조 검토
102a9_spare0,%i8.3,bool,,공통/예비/설비 미지정 참조 검토
102a6_spare4,%qw312,word,,공통/예비/설비 미지정 참조 검토
102a6_spare5,%qw314,word,,공통/예비/설비 미지정 참조 검토
102a6_spare7,%qw318,word,,공통/예비/설비 미지정 참조 검토
102a6_spare0,%qw304,word,,공통/예비/설비 미지정 참조 검토
102a6_spare6,%qw316,word,,공통/예비/설비 미지정 참조 검토
153a4_spare0,%qw338,word,,공통/예비/설비 미지정 참조 검토
153a4_spare1,%qw340,word,,공통/예비/설비 미지정 참조 검토
153a4_spare2,%qw342,word,,공통/예비/설비 미지정 참조 검토
153a4_spare3,%qw344,word,,공통/예비/설비 미지정 참조 검토
153a4_spare4,%qw346,word,,공통/예비/설비 미지정 참조 검토
153a4_spare5,%qw348,word,,공통/예비/설비 미지정 참조 검토
153a4_spare6,%qw350,word,,공통/예비/설비 미지정 참조 검토
102a8_spare0,%i5.2,bool,,공통/예비/설비 미지정 참조 검토
reset_inverter,%q7.5,bool,reset alarms inverter,공통/예비/설비 미지정 참조 검토
103a7,%q7.4,bool,,공통/예비/설비 미지정 참조 검토
clock_byte,%mb2000,byte,,공통/예비/설비 미지정 참조 검토
clock_10hz,%m2000.0,bool,,공통/예비/설비 미지정 참조 검토
clock_5hz,%m2000.1,bool,,공통/예비/설비 미지정 참조 검토
clock_2.5hz,%m2000.2,bool,,공통/예비/설비 미지정 참조 검토
clock_2hz,%m2000.3,bool,,공통/예비/설비 미지정 참조 검토
clock_1.25hz,%m2000.4,bool,,공통/예비/설비 미지정 참조 검토
clock_0.625hz,%m2000.6,bool,,공통/예비/설비 미지정 참조 검토
clock_0.5hz,%m2000.7,bool,,공통/예비/설비 미지정 참조 검토
102a9_spare2,%i8.5,bool,,공통/예비/설비 미지정 참조 검토
spare_1,%q17.2,bool,spare,공통/예비/설비 미지정 참조 검토
spare_2,%q17.3,bool,spare,공통/예비/설비 미지정 참조 검토
spare_3,%q17.4,bool,spare,공통/예비/설비 미지정 참조 검토
spare_4,%q17.5,bool,spare,공통/예비/설비 미지정 참조 검토
spare_6,%q17.7,bool,spare,공통/예비/설비 미지정 참조 검토
spare_5,%q17.6,bool,spare,공통/예비/설비 미지정 참조 검토
tag_274,%iw14,word,,공통/예비/설비 미지정 참조 검토
tag_275,%iw16,word,,공통/예비/설비 미지정 참조 검토
tag_276,%iw18,word,,공통/예비/설비 미지정 참조 검토
tag_277,%iw20,word,,공통/예비/설비 미지정 참조 검토
tag_278,%iw22,word,,공통/예비/설비 미지정 참조 검토
tag_279,%iw24,word,,공통/예비/설비 미지정 참조 검토
free e37.0,%i37.0,bool,,공통/예비/설비 미지정 참조 검토
free e45.1,%i45.1,bool,,공통/예비/설비 미지정 참조 검토
max pressure gas,%i17.4,bool,e 44.3 limit switch s4max pressure gas,공통/예비/설비 미지정 참조 검토
high flame gas,%i17.7,bool,e 41.7 high flame gasvalve inserted,공통/예비/설비 미지정 참조 검토
103a5,%q7.2,bool,,공통/예비/설비 미지정 참조 검토
103a6,%q7.3,bool,,공통/예비/설비 미지정 참조 검토
102a7_spare5,%i0.5,bool,,공통/예비/설비 미지정 참조 검토
min pressure gas,%i17.3,bool,e 44.2 limit switch s3min.pressure gas,공통/예비/설비 미지정 참조 검토
min pressure air,%i17.5,bool,e 44.4 limit switch s3min.pressure air,공통/예비/설비 미지정 참조 검토
max pressure air,%i17.6,bool,e 40.6 limit switch s4max pressure air,공통/예비/설비 미지정 참조 검토
170fc1,%i28.6,bool,,공통/예비/설비 미지정 참조 검토
170sa1,%i28.7,bool,,공통/예비/설비 미지정 참조 검토
tag_52,%t99,timer,,공통/예비/설비 미지정 참조 검토
tag_53,%t101,timer,,공통/예비/설비 미지정 참조 검토
tag_58,%t55,timer,,공통/예비/설비 미지정 참조 검토
tag_60,%t61,timer,,공통/예비/설비 미지정 참조 검토
tag_95,%t22,timer,,공통/예비/설비 미지정 참조 검토
tag_98,%t42,timer,,공통/예비/설비 미지정 참조 검토
pls 50 6,%m50.6,bool,,공통/예비/설비 미지정 참조 검토
button pushed,%m60.0,bool,,공통/예비/설비 미지정 참조 검토
tag_118,%t145,timer,,공통/예비/설비 미지정 참조 검토
tag_119,%t124,timer,,공통/예비/설비 미지정 참조 검토
tag_120,%t125,timer,,공통/예비/설비 미지정 참조 검토
tag_121,%t19,timer,,공통/예비/설비 미지정 참조 검토
tag_69,%t73,timer,,공통/예비/설비 미지정 참조 검토
start high flame,%q7.0,bool,a 56.6 start high flameburner,공통/예비/설비 미지정 참조 검토
foced spark,%q7.1,bool,a 56.7 enable spark for3 sec. during,공통/예비/설비 미지정 참조 검토
102a5_spare4,%qw296,word,,공통/예비/설비 미지정 참조 검토
flag autoburner,%m15.0,bool,,공통/예비/설비 미지정 참조 검토
fp_m25_run,%m180.2,bool,,공통/예비/설비 미지정 참조 검토
memo_m25_running,%m180.1,bool,,공통/예비/설비 미지정 참조 검토
tag_91,%t44,timer,,공통/예비/설비 미지정 참조 검토
tag_90,%t43,timer,,공통/예비/설비 미지정 참조 검토
tag_89,%t112,timer,,공통/예비/설비 미지정 참조 검토
tag_88,%t111,timer,,공통/예비/설비 미지정 참조 검토
tag_87,%t110,timer,,공통/예비/설비 미지정 참조 검토
tag_86,%t109,timer,,공통/예비/설비 미지정 참조 검토
tag_85,%t108,timer,,공통/예비/설비 미지정 참조 검토
tag_84,%t107,timer,,공통/예비/설비 미지정 참조 검토
tag_83,%t106,timer,,공통/예비/설비 미지정 참조 검토
tag_82,%t105,timer,,공통/예비/설비 미지정 참조 검토
tag_81,%t104,timer,,공통/예비/설비 미지정 참조 검토
tag_80,%t103,timer,,공통/예비/설비 미지정 참조 검토
tag_79,%t96,timer,,공통/예비/설비 미지정 참조 검토
tag_78,%t95,timer,,공통/예비/설비 미지정 참조 검토
tag_77,%t94,timer,,공통/예비/설비 미지정 참조 검토
tag_76,%t93,timer,,공통/예비/설비 미지정 참조 검토
tag_75,%t84,timer,,공통/예비/설비 미지정 참조 검토
tag_74,%t83,timer,,공통/예비/설비 미지정 참조 검토
tag_73,%t82,timer,,공통/예비/설비 미지정 참조 검토
tag_72,%t81,timer,,공통/예비/설비 미지정 참조 검토
tag_71,%t80,timer,,공통/예비/설비 미지정 참조 검토
tag_70,%t75,timer,,공통/예비/설비 미지정 참조 검토
tag_68,%t72,timer,,공통/예비/설비 미지정 참조 검토
tag_67,%t91,timer,,공통/예비/설비 미지정 참조 검토
tag_66,%t71,timer,,공통/예비/설비 미지정 참조 검토
tag_65,%t70,timer,,공통/예비/설비 미지정 참조 검토
tag_64,%t67,timer,,공통/예비/설비 미지정 참조 검토
tag_63,%t66,timer,,공통/예비/설비 미지정 참조 검토
tag_62,%t63,timer,,공통/예비/설비 미지정 참조 검토
tag_61,%t62,timer,,공통/예비/설비 미지정 참조 검토
tag_59,%t60,timer,,공통/예비/설비 미지정 참조 검토
tag_57,%t54,timer,,공통/예비/설비 미지정 참조 검토
tag_56,%t53,timer,,공통/예비/설비 미지정 참조 검토
tag_55,%t52,timer,,공통/예비/설비 미지정 참조 검토
tag_54,%t49,timer,,공통/예비/설비 미지정 참조 검토
tag_51,%t39,timer,,공통/예비/설비 미지정 참조 검토
tag_50,%t121,timer,,공통/예비/설비 미지정 참조 검토
tag_49,%t120,timer,,공통/예비/설비 미지정 참조 검토
tag_159,%t128,timer,,공통/예비/설비 미지정 참조 검토
tag_158,%mw70,word,,공통/예비/설비 미지정 참조 검토
pls 51 1,%m51.1,bool,,공통/예비/설비 미지정 참조 검토
pls m51 0,%m51.0,bool,,공통/예비/설비 미지정 참조 검토
off,%m0.1,bool,,공통/예비/설비 미지정 참조 검토
on,%m0.0,bool,,공통/예비/설비 미지정 참조 검토
servicebit,%m1000.0,bool,must be always false,공통/예비/설비 미지정 참조 검토
prog fault,%m32.4,bool,,공통/예비/설비 미지정 참조 검토
module access flt,%m32.3,bool,,공통/예비/설비 미지정 참조 검토
rack fault,%m32.2,bool,,공통/예비/설비 미지정 참조 검토
ob fault,%m32.1,bool,,공통/예비/설비 미지정 참조 검토
i/o flt,%m32.0,bool,,공통/예비/설비 미지정 참조 검토
tag_113,%t50,timer,,공통/예비/설비 미지정 참조 검토
tag_112,%t114,timer,,공통/예비/설비 미지정 참조 검토
tag_111,%t132,timer,,공통/예비/설비 미지정 참조 검토
tag_110,%t123,timer,,공통/예비/설비 미지정 참조 검토
tag_109,%t115,timer,,공통/예비/설비 미지정 참조 검토
tag_108,%t116,timer,,공통/예비/설비 미지정 참조 검토
tag_107,%t117,timer,,공통/예비/설비 미지정 참조 검토
tag_106,%t68,timer,,공통/예비/설비 미지정 참조 검토
tag_105,%t77,timer,,공통/예비/설비 미지정 참조 검토
tag_104,%t76,timer,,공통/예비/설비 미지정 참조 검토
tag_103,%t89,timer,,공통/예비/설비 미지정 참조 검토
tag_102,%t88,timer,,공통/예비/설비 미지정 참조 검토
tag_101,%t87,timer,,공통/예비/설비 미지정 참조 검토
tag_100,%t86,timer,,공통/예비/설비 미지정 참조 검토
tag_99,%t85,timer,,공통/예비/설비 미지정 참조 검토
tag_190,%mw82,word,,공통/예비/설비 미지정 참조 검토
tag_189,%mw80,word,,공통/예비/설비 미지정 참조 검토
tag_188,%iw68,word,,공통/예비/설비 미지정 참조 검토
tag_187,%iw60,word,,공통/예비/설비 미지정 참조 검토
tag_186,%iw56,word,,공통/예비/설비 미지정 참조 검토
tag_185,%iw52,word,,공통/예비/설비 미지정 참조 검토
tag_184,%iw48,word,,공통/예비/설비 미지정 참조 검토
tag_183,%iw12,word,,공통/예비/설비 미지정 참조 검토
tag_182,%iw10,word,,공통/예비/설비 미지정 참조 검토
tag_181,%iw8,word,,공통/예비/설비 미지정 참조 검토
tag_180,%iw4,word,,공통/예비/설비 미지정 참조 검토
tag_179,%iw2,word,,공통/예비/설비 미지정 참조 검토
tag_178,%iw0,word,,공통/예비/설비 미지정 참조 검토
tag_177,%iw64,word,,공통/예비/설비 미지정 참조 검토
tag_176,%iw44,word,,공통/예비/설비 미지정 참조 검토
tag_175,%iw40,word,,공통/예비/설비 미지정 참조 검토
tag_174,%iw36,word,,공통/예비/설비 미지정 참조 검토
tag_173,%iw32,word,,공통/예비/설비 미지정 참조 검토
tag_172,%iw28,word,,공통/예비/설비 미지정 참조 검토
tag_171,%iw6,word,,공통/예비/설비 미지정 참조 검토
102a5_spare0,%qw288,word,,공통/예비/설비 미지정 참조 검토
102a5_spare3,%qw294,word,,공통/예비/설비 미지정 참조 검토
clock_1hz,%m2000.5,bool,,공통/예비/설비 미지정 참조 검토
ps181_0,%m181.0,bool,,공통/예비/설비 미지정 참조 검토
pls 50 3,%m50.3,bool,,공통/예비/설비 미지정 참조 검토
102a3_spare0,%iw330,int,,공통/예비/설비 미지정 참조 검토
