HMI 태그,주소,검토 상태
data_DB41_DBW0,"DB41,INT0",공통/화면 요소/설비 미지정 참조 검토
Conta_gas1,"DB5,REAL30",공통/화면 요소/설비 미지정 참조 검토
Allarmi_240,"DB3,X25.2",공통/화면 요소/설비 미지정 참조 검토
Allarmi_239,"DB3,X25.1",공통/화면 요소/설비 미지정 참조 검토
Allarmi_238,"DB3,X25.0",공통/화면 요소/설비 미지정 참조 검토
Allarmi_237,"DB3,X24.7",공통/화면 요소/설비 미지정 참조 검토
Allarmi_236,"DB3,X24.6",공통/화면 요소/설비 미지정 참조 검토
Allarmi_235,"DB3,X24.5",공통/화면 요소/설비 미지정 참조 검토
Allarmi_234,"DB3,X24.4",공통/화면 요소/설비 미지정 참조 검토
EB2,EB2,공통/화면 요소/설비 미지정 참조 검토
EB1,EB1,공통/화면 요소/설비 미지정 참조 검토
EB0,EB0,공통/화면 요소/설비 미지정 참조 검토
EW396,EW396,공통/화면 요소/설비 미지정 참조 검토
EW398,EW398,공통/화면 요소/설비 미지정 참조 검토
EW400,EW400,공통/화면 요소/설비 미지정 참조 검토
AB12,AB12,공통/화면 요소/설비 미지정 참조 검토
AB13,AB13,공통/화면 요소/설비 미지정 참조 검토
AB14,AB14,공통/화면 요소/설비 미지정 참조 검토
AB16,AB16,공통/화면 요소/설비 미지정 참조 검토
EB29,EB29,공통/화면 요소/설비 미지정 참조 검토
AB17,AB17,공통/화면 요소/설비 미지정 참조 검토
AB18,AB18,공통/화면 요소/설비 미지정 참조 검토
AB19,AB19,공통/화면 요소/설비 미지정 참조 검토
AB20,AB20,공통/화면 요소/설비 미지정 참조 검토
AB21,AB21,공통/화면 요소/설비 미지정 참조 검토
AB22,AB22,공통/화면 요소/설비 미지정 참조 검토
AB23,AB23,공통/화면 요소/설비 미지정 참조 검토
EB30,EB30,공통/화면 요소/설비 미지정 참조 검토
EB31,EB31,공통/화면 요소/설비 미지정 참조 검토
Editor_Vis_SaveUndo,"DB26,X4.0",공통/화면 요소/설비 미지정 참조 검토
Editor_Vis_Modify,"DB26,X4.1",공통/화면 요소/설비 미지정 참조 검토
Editor_Vis_LoadRecipe,"DB26,X4.2",공통/화면 요소/설비 미지정 참조 검토
Editor_Undo_Modification,"DB26,X4.6",공통/화면 요소/설비 미지정 참조 검토
HMI_Index,"DB26,INT0",공통/화면 요소/설비 미지정 참조 검토
Allarmi_190,"DB3,X16.6",공통/화면 요소/설비 미지정 참조 검토
Allarmi_191,"DB3,X16.7",공통/화면 요소/설비 미지정 참조 검토
APRON_CONVEYOR_A_RUN,"DB13,X12.3",공통/화면 요소/설비 미지정 참조 검토
IMPACT_VIBRATIONFEEDER_RUN,"DB13,X12.5",공통/화면 요소/설비 미지정 참조 검토
BELT_CONVEYOR_A_RUN,"DB13,X12.6",공통/화면 요소/설비 미지정 참조 검토
AIR_KNIFE_RUN,"DB13,X12.7",공통/화면 요소/설비 미지정 참조 검토
BELT_CONVEYOR_B_RUN,"DB13,X13.0",공통/화면 요소/설비 미지정 참조 검토
SHREDDER_1_RUN,"DB13,X13.1",공통/화면 요소/설비 미지정 참조 검토
SHREDDER_VIBRATIONFEEDER_RUN,"DB13,X13.2",공통/화면 요소/설비 미지정 참조 검토
BELT_CONVEYOR_C_RUN,"DB13,X13.3",공통/화면 요소/설비 미지정 참조 검토
ROTEX_SCREEN_RUN,"DB13,X13.4",공통/화면 요소/설비 미지정 참조 검토
APRON_CONVEYOR_B_RUN,"DB13,X13.5",공통/화면 요소/설비 미지정 참조 검토
SHREDDER_2_RUN,"DB13,X13.6",공통/화면 요소/설비 미지정 참조 검토
BELT_CONVEYOR_D_RUN,"DB13,X13.7",공통/화면 요소/설비 미지정 참조 검토
BELT_CONVEYOR_E_RUN,"DB13,X14.0",공통/화면 요소/설비 미지정 참조 검토
Stechio_ratio,"DB5,REAL0",공통/화면 요소/설비 미지정 참조 검토
Stechio_TD,"DB5,D16",공통/화면 요소/설비 미지정 참조 검토
Stechio_TI,"DB5,D12",공통/화면 요소/설비 미지정 참조 검토
Allarmi_224,"DB3,X23.2",공통/화면 요소/설비 미지정 참조 검토
Allarmi_222,"DB3,X23.0",공통/화면 요소/설비 미지정 참조 검토
MAX_TH_a1,"DB10,INT40",공통/화면 요소/설비 미지정 참조 검토
MAX_TH_a2,"DB10,INT42",공통/화면 요소/설비 미지정 참조 검토
MaxTxImpianto,"DB10,INT2",공통/화면 요소/설비 미지정 참조 검토
Allarmi_223,"DB3,X23.1",공통/화면 요소/설비 미지정 참조 검토
EB19,EB19,공통/화면 요소/설비 미지정 참조 검토
AB15,AB15,공통/화면 요소/설비 미지정 참조 검토
AB7,AB7,공통/화면 요소/설비 미지정 참조 검토
EW386,EW386,공통/화면 요소/설비 미지정 참조 검토
EW388,EW388,공통/화면 요소/설비 미지정 참조 검토
EW390,EW390,공통/화면 요소/설비 미지정 참조 검토
EW394,EW394,공통/화면 요소/설비 미지정 참조 검토
EW392,EW392,공통/화면 요소/설비 미지정 참조 검토
Allarmi_230,"DB3,X24.0",공통/화면 요소/설비 미지정 참조 검토
Allarmi_225,"DB3,X23.3",공통/화면 요소/설비 미지정 참조 검토
Allarmi_226,"DB3,X23.4",공통/화면 요소/설비 미지정 참조 검토
Allarmi_232,"DB3,X24.2",공통/화면 요소/설비 미지정 참조 검토
Allarmi_231,"DB3,X24.1",공통/화면 요소/설비 미지정 참조 검토
I_W4,"DB13,W4",공통/화면 요소/설비 미지정 참조 검토
I_W6,"DB13,W6",공통/화면 요소/설비 미지정 참조 검토
I_W8,"DB13,W8",공통/화면 요소/설비 미지정 참조 검토
I_W10,"DB13,W10",공통/화면 요소/설비 미지정 참조 검토
I_W12,"DB13,W12",공통/화면 요소/설비 미지정 참조 검토
I_W14,"DB13,W14",공통/화면 요소/설비 미지정 참조 검토
I_W16,"DB13,W16",공통/화면 요소/설비 미지정 참조 검토
I_W18,"DB13,W18",공통/화면 요소/설비 미지정 참조 검토
I_W20,"DB14,W20",공통/화면 요소/설비 미지정 참조 검토
I_W22,"DB14,W22",공통/화면 요소/설비 미지정 참조 검토
O_W0,"DB14,W0",공통/화면 요소/설비 미지정 참조 검토
O_W2,"DB14,W2",공통/화면 요소/설비 미지정 참조 검토
O_W4,"DB14,W4",공통/화면 요소/설비 미지정 참조 검토
O_W6,"DB14,W6",공통/화면 요소/설비 미지정 참조 검토
O_W12,"DB14,W12",공통/화면 요소/설비 미지정 참조 검토
O_W14,"DB14,W14",공통/화면 요소/설비 미지정 참조 검토
O_W16,"DB14,W16",공통/화면 요소/설비 미지정 참조 검토
O_W18,"DB14,W18",공통/화면 요소/설비 미지정 참조 검토
O_W20,"DB14,W20",공통/화면 요소/설비 미지정 참조 검토
O_W22,"DB14,W22",공통/화면 요소/설비 미지정 참조 검토
StatusPLC,$SYS$Status,공통/화면 요소/설비 미지정 참조 검토
data_DB8_DBW36,"DB8,INT36",공통/화면 요소/설비 미지정 참조 검토
data_DB1_DBW118,"DB1,INT118",공통/화면 요소/설비 미지정 참조 검토
Coeff_DB4_DBW108,"DB4,INT108",공통/화면 요소/설비 미지정 참조 검토
data_DB1_DBW18,"DB1,INT18",공통/화면 요소/설비 미지정 참조 검토
Allarmi_202,"DB3,X20.4",공통/화면 요소/설비 미지정 참조 검토
data_DB1_DBW206,"DB1,INT206",공통/화면 요소/설비 미지정 참조 검토
Coeff_DB4_DBW24,"DB4,INT24",공통/화면 요소/설비 미지정 참조 검토
Coeff_DB4_DBW46,"DB4,INT46",공통/화면 요소/설비 미지정 참조 검토
Coeff_DB4_DBW218,"DB4,INT218",공통/화면 요소/설비 미지정 참조 검토
Coeff_DB4_DBW68,"DB4,INT68",공통/화면 요소/설비 미지정 참조 검토
data_DB1_DBW108,"DB1,INT108",공통/화면 요소/설비 미지정 참조 검토
data_DB1_DBW190,"DB1,INT190",공통/화면 요소/설비 미지정 참조 검토
Allarmi_207,"DB3,X21.1",공통/화면 요소/설비 미지정 참조 검토
data_DB1_DBW90,"DB1,INT90",공통/화면 요소/설비 미지정 참조 검토
Coeff_DB4_DBW14,"DB4,INT14",공통/화면 요소/설비 미지정 참조 검토
Coeff_DB4_DBW36,"DB4,INT36",공통/화면 요소/설비 미지정 참조 검토
Coeff_DB4_DBW208,"DB4,INT208",공통/화면 요소/설비 미지정 참조 검토
Coeff_DB4_DBW58,"DB4,INT58",공통/화면 요소/설비 미지정 참조 검토
data_DB1_DBW6,"DB1,INT6",공통/화면 요소/설비 미지정 참조 검토
data_DB8_DBW38,"DB8,INT38",공통/화면 요소/설비 미지정 참조 검토
data_DB1_DBW180,"DB1,INT180",공통/화면 요소/설비 미지정 참조 검토
Allarmi_212,"DB3,X21.6",공통/화면 요소/설비 미지정 참조 검토
Allarmi_201,"DB3,X20.3",공통/화면 요소/설비 미지정 참조 검토
data_DB1_DBW80,"DB1,INT80",공통/화면 요소/설비 미지정 참조 검토
data_DB1_DBW208,"DB1,INT208",공통/화면 요소/설비 미지정 참조 검토
data_DB1_DBW290,"DB1,INT290",공통/화면 요소/설비 미지정 참조 검토
Coeff_DB4_DBW26,"DB4,INT26",공통/화면 요소/설비 미지정 참조 검토
Coeff_DB4_DBW48,"DB4,INT48",공통/화면 요소/설비 미지정 참조 검토
data_DB1_DBW170,"DB1,INT170",공통/화면 요소/설비 미지정 참조 검토
data_DB1_DBW192,"DB1,INT192",공통/화면 요소/설비 미지정 참조 검토
Allarmi_206,"DB3,X21.0",공통/화면 요소/설비 미지정 참조 검토
data_DB1_DBW312,"DB1,INT312",공통/화면 요소/설비 미지정 참조 검토
Coeff_DB4_DBW16,"DB4,INT16",공통/화면 요소/설비 미지정 참조 검토
Coeff_DB4_DBW38,"DB4,INT38",공통/화면 요소/설비 미지정 참조 검토
data_DB1_DBW8,"DB1,INT8",공통/화면 요소/설비 미지정 참조 검토
Allarmi_217,"DB3,X22.3",공통/화면 요소/설비 미지정 참조 검토
Allarmi_211,"DB3,X21.5",공통/화면 요소/설비 미지정 참조 검토
Allarmi_200,"DB3,X20.2",공통/화면 요소/설비 미지정 참조 검토
data_DB1_DBW270,"DB1,INT270",공통/화면 요소/설비 미지정 참조 검토
Coeff_DB4_DBW28,"DB4,INT28",공통/화면 요소/설비 미지정 참조 검토
data_DB1_DBW308,"DB1,INT308",공통/화면 요소/설비 미지정 참조 검토
Allarmi_220,"DB3,X22.6",공통/화면 요소/설비 미지정 참조 검토
Allarmi_205,"DB3,X20.7",공통/화면 요소/설비 미지정 참조 검토
data_DB1_DBW50,"DB1,INT50",공통/화면 요소/설비 미지정 참조 검토
data_DB1_DBW72,"DB1,INT72",공통/화면 요소/설비 미지정 참조 검토
data_DB1_DBW314,"DB1,INT314",공통/화면 요소/설비 미지정 참조 검토
Coeff_DB4_DBW18,"DB4,INT18",공통/화면 요소/설비 미지정 참조 검토
Coeff_DB4_DBW0,"DB4,INT0",공통/화면 요소/설비 미지정 참조 검토
Coeff_DB4_DBW90,"DB4,INT90",공통/화면 요소/설비 미지정 참조 검토
data_DB1_DBW140,"DB1,INT140",공통/화면 요소/설비 미지정 참조 검토
Coeff_DB4_DBW130,"DB4,INT130",공통/화면 요소/설비 미지정 참조 검토
Allarmi_216,"DB3,X22.2",공통/화면 요소/설비 미지정 참조 검토
Allarmi_210,"DB3,X21.4",공통/화면 요소/설비 미지정 참조 검토
Coeff_DB4_DBW196,"DB4,INT196",공통/화면 요소/설비 미지정 참조 검토
data_DB1_DBW40,"DB1,INT40",공통/화면 요소/설비 미지정 참조 검토
data_DB1_DBW84,"DB1,INT84",공통/화면 요소/설비 미지정 참조 검토
data_DB1_DBW272,"DB1,INT272",공통/화면 요소/설비 미지정 참조 검토
Coeff_DB4_DBW80,"DB4,INT80",공통/화면 요소/설비 미지정 참조 검토
data_DB1_DBW130,"DB1,INT130",공통/화면 요소/설비 미지정 참조 검토
data_DB1_DBW310,"DB1,INT310",공통/화면 요소/설비 미지정 참조 검토
data_DB1_DBW196,"DB1,INT196",공통/화면 요소/설비 미지정 참조 검토
Coeff_DB4_DBW120,"DB4,INT120",공통/화면 요소/설비 미지정 참조 검토
Allarmi_221,"DB3,X22.7",공통/화면 요소/설비 미지정 참조 검토
Allarmi_204,"DB3,X20.6",공통/화면 요소/설비 미지정 참조 검토
data_DB1_DBW74,"DB1,INT74",공통/화면 요소/설비 미지정 참조 검토
data_DB1_DBW96,"DB1,INT96",공통/화면 요소/설비 미지정 참조 검토
data_DB1_DBW240,"DB1,INT240",공통/화면 요소/설비 미지정 참조 검토
data_DB1_DBW262,"DB1,INT262",공통/화면 요소/설비 미지정 참조 검토
Coeff_DB4_DBW2,"DB4,INT2",공통/화면 요소/설비 미지정 참조 검토
Coeff_DB4_DBW92,"DB4,INT92",공통/화면 요소/설비 미지정 참조 검토
data_DB1_DBW120,"DB1,INT120",공통/화면 요소/설비 미지정 참조 검토
data_DB1_DBW142,"DB1,INT142",공통/화면 요소/설비 미지정 참조 검토
Coeff_DB4_DBW110,"DB4,INT110",공통/화면 요소/설비 미지정 참조 검토
Coeff_DB4_DBW132,"DB4,INT132",공통/화면 요소/설비 미지정 참조 검토
Allarmi_215,"DB3,X22.1",공통/화면 요소/설비 미지정 참조 검토
Allarmi_209,"DB3,X21.3",공통/화면 요소/설비 미지정 참조 검토
Coeff_DB4_DBW198,"DB4,INT198",공통/화면 요소/설비 미지정 참조 검토
data_DB1_DBW20,"DB1,INT20",공통/화면 요소/설비 미지정 참조 검토
data_DB1_DBW42,"DB1,INT42",공통/화면 요소/설비 미지정 참조 검토
data_DB1_DBW64,"DB1,INT64",공통/화면 요소/설비 미지정 참조 검토
Coeff_DB4_DBW220,"DB4,INT220",공통/화면 요소/설비 미지정 참조 검토
Coeff_DB4_DBW70,"DB4,INT70",공통/화면 요소/설비 미지정 참조 검토
Coeff_DB4_DBW82,"DB4,INT82",공통/화면 요소/설비 미지정 참조 검토
data_DB1_DBW110,"DB1,INT110",공통/화면 요소/설비 미지정 참조 검토
data_DB1_DBW306,"DB1,INT306",공통/화면 요소/설비 미지정 참조 검토
data_DB1_DBW176,"DB1,INT176",공통/화면 요소/설비 미지정 참조 검토
Coeff_DB4_DBW100,"DB4,INT100",공통/화면 요소/설비 미지정 참조 검토
Coeff_DB4_DBW122,"DB4,INT122",공통/화면 요소/설비 미지정 참조 검토
Allarmi_219,"DB3,X22.5",공통/화면 요소/설비 미지정 참조 검토
Allarmi_214,"DB3,X22.0",공통/화면 요소/설비 미지정 참조 검토
Allarmi_203,"DB3,X20.5",공통/화면 요소/설비 미지정 참조 검토
data_DB1_DBW10,"DB1,INT10",공통/화면 요소/설비 미지정 참조 검토
data_DB1_DBW32,"DB1,INT32",공통/화면 요소/설비 미지정 참조 검토
data_DB1_DBW54,"DB1,INT54",공통/화면 요소/설비 미지정 참조 검토
data_DB1_DBW98,"DB1,INT98",공통/화면 요소/설비 미지정 참조 검토
data_DB1_DBW242,"DB1,INT242",공통/화면 요소/설비 미지정 참조 검토
data_DB1_DBW264,"DB1,INT264",공통/화면 요소/설비 미지정 참조 검토
data_DB1_DBW286,"DB1,INT286",공통/화면 요소/설비 미지정 참조 검토
Coeff_DB4_DBW210,"DB4,INT210",공통/화면 요소/설비 미지정 참조 검토
Coeff_DB4_DBW60,"DB4,INT60",공통/화면 요소/설비 미지정 참조 검토
Coeff_DB4_DBW4,"DB4,INT4",공통/화면 요소/설비 미지정 참조 검토
data_DB1_DBW100,"DB1,INT100",공통/화면 요소/설비 미지정 참조 검토
Coeff_DB4_DBW94,"DB4,INT94",공통/화면 요소/설비 미지정 참조 검토
data_DB8_DBW40,"DB8,INT40",공통/화면 요소/설비 미지정 참조 검토
data_DB1_DBW144,"DB1,INT144",공통/화면 요소/설비 미지정 참조 검토
Coeff_DB4_DBW112,"DB4,INT112",공통/화면 요소/설비 미지정 참조 검토
Coeff_DB4_DBW134,"DB4,INT134",공통/화면 요소/설비 미지정 참조 검토
data_DB1_DBW318,"DB1,INT318",공통/화면 요소/설비 미지정 참조 검토
Allarmi_208,"DB3,X21.2",공통/화면 요소/설비 미지정 참조 검토
data_DB1_DBW22,"DB1,INT22",공통/화면 요소/설비 미지정 참조 검토
data_DB1_DBW302,"DB1,INT302",공통/화면 요소/설비 미지정 참조 검토
data_DB1_DBW66,"DB1,INT66",공통/화면 요소/설비 미지정 참조 검토
data_DB1_DBW322,"DB1,INT322",공통/화면 요소/설비 미지정 참조 검토
data_DB1_DBW210,"DB1,INT210",공통/화면 요소/설비 미지정 참조 검토
Coeff_DB4_DBW200,"DB4,INT200",공통/화면 요소/설비 미지정 참조 검토
Coeff_DB4_DBW50,"DB4,INT50",공통/화면 요소/설비 미지정 참조 검토
Coeff_DB4_DBW222,"DB4,INT222",공통/화면 요소/설비 미지정 참조 검토
Coeff_DB4_DBW72,"DB4,INT72",공통/화면 요소/설비 미지정 참조 검토
data_DB41_DBW52,"DB41,INT52",공통/화면 요소/설비 미지정 참조 검토
data_DB1_DBW112,"DB1,INT112",공통/화면 요소/설비 미지정 참조 검토
data_DB1_DBW134,"DB1,INT134",공통/화면 요소/설비 미지정 참조 검토
data_DB1_DBW304,"DB1,INT304",공통/화면 요소/설비 미지정 참조 검토
data_DB1_DBW178,"DB1,INT178",공통/화면 요소/설비 미지정 참조 검토
Coeff_DB4_DBW102,"DB4,INT102",공통/화면 요소/설비 미지정 참조 검토
Coeff_DB4_DBW124,"DB4,INT124",공통/화면 요소/설비 미지정 참조 검토
data_DB1_DBW320,"DB1,INT320",공통/화면 요소/설비 미지정 참조 검토
data_DB41_DBW54,"DB41,INT54",공통/화면 요소/설비 미지정 참조 검토
data_DB1_DBW56,"DB1,INT56",공통/화면 요소/설비 미지정 참조 검토
data_DB1_DBW78,"DB1,INT78",공통/화면 요소/설비 미지정 참조 검토
data_DB1_DBW222,"DB1,INT222",공통/화면 요소/설비 미지정 참조 검토
data_DB1_DBW244,"DB1,INT244",공통/화면 요소/설비 미지정 참조 검토
EnableTC02,"DB39,X0.1",공통/화면 요소/설비 미지정 참조 검토
data_DB1_DBW288,"DB1,INT288",공통/화면 요소/설비 미지정 참조 검토
Coeff_DB4_DBW40,"DB4,INT40",공통/화면 요소/설비 미지정 참조 검토
Coeff_DB4_DBW212,"DB4,INT212",공통/화면 요소/설비 미지정 참조 검토
Coeff_DB4_DBW62,"DB4,INT62",공통/화면 요소/설비 미지정 참조 검토
Coeff_DB4_DBW6,"DB4,INT6",공통/화면 요소/설비 미지정 참조 검토
data_DB1_DBW102,"DB1,INT102",공통/화면 요소/설비 미지정 참조 검토
Coeff_DB4_DBW96,"DB4,INT96",공통/화면 요소/설비 미지정 참조 검토
data_DB8_DBW42,"DB8,INT42",공통/화면 요소/설비 미지정 참조 검토
data_DB1_DBW124,"DB1,INT124",공통/화면 요소/설비 미지정 참조 검토
data_DB1_DBW146,"DB1,INT146",공통/화면 요소/설비 미지정 참조 검토
Coeff_DB4_DBW114,"DB4,INT114",공통/화면 요소/설비 미지정 참조 검토
data_DB1_DBW24,"DB1,INT24",공통/화면 요소/설비 미지정 참조 검토
data_DB1_DBW316,"DB1,INT316",공통/화면 요소/설비 미지정 참조 검토
data_DB1_DBW68,"DB1,INT68",공통/화면 요소/설비 미지정 참조 검토
data_DB6_DBW10,"DB6,INT10",공통/화면 요소/설비 미지정 참조 검토
data_DB1_DBW212,"DB1,INT212",공통/화면 요소/설비 미지정 참조 검토
Coeff_DB4_DBW30,"DB4,INT30",공통/화면 요소/설비 미지정 참조 검토
Coeff_DB4_DBW202,"DB4,INT202",공통/화면 요소/설비 미지정 참조 검토
Coeff_DB4_DBW52,"DB4,INT52",공통/화면 요소/설비 미지정 참조 검토
Coeff_DB4_DBW224,"DB4,INT224",공통/화면 요소/설비 미지정 참조 검토
data_DB1_DBW0,"DB1,INT0",공통/화면 요소/설비 미지정 참조 검토
Coeff_DB4_DBW74,"DB4,INT74",공통/화면 요소/설비 미지정 참조 검토
data_DB41_DBW58,"DB41,INT58",공통/화면 요소/설비 미지정 참조 검토
data_DB1_DBW136,"DB1,INT136",공통/화면 요소/설비 미지정 참조 검토
Coeff_DB4_DBW104,"DB4,INT104",공통/화면 요소/설비 미지정 참조 검토
Coeff_DB4_DBW126,"DB4,INT126",공통/화면 요소/설비 미지정 참조 검토
Allarmi_218,"DB3,X22.4",공통/화면 요소/설비 미지정 참조 검토
data_DB6_DBW22,"DB6,INT22",공통/화면 요소/설비 미지정 참조 검토
data_DB1_DBW224,"DB1,INT224",공통/화면 요소/설비 미지정 참조 검토
EnableTC01,"DB39,X0.0",공통/화면 요소/설비 미지정 참조 검토
Coeff_DB4_DBW20,"DB4,INT20",공통/화면 요소/설비 미지정 참조 검토
Coeff_DB4_DBW42,"DB4,INT42",공통/화면 요소/설비 미지정 참조 검토
Coeff_DB4_DBW214,"DB4,INT214",공통/화면 요소/설비 미지정 참조 검토
Coeff_DB4_DBW64,"DB4,INT64",공통/화면 요소/설비 미지정 참조 검토
Coeff_DB4_DBW8,"DB4,INT8",공통/화면 요소/설비 미지정 참조 검토
Coeff_DB4_DBW98,"DB4,INT98",공통/화면 요소/설비 미지정 참조 검토
data_DB8_DBW44,"DB8,INT44",공통/화면 요소/설비 미지정 참조 검토
data_DB1_DBW148,"DB1,INT148",공통/화면 요소/설비 미지정 참조 검토
Coeff_DB4_DBW116,"DB4,INT116",공통/화면 요소/설비 미지정 참조 검토
Coeff_DB4_DBW138,"DB4,INT138",공통/화면 요소/설비 미지정 참조 검토
data_DB1_DBW26,"DB1,INT26",공통/화면 요소/설비 미지정 참조 검토
data_DB1_DBW258,"DB1,INT258",공통/화면 요소/설비 미지정 참조 검토
Coeff_DB4_DBW10,"DB4,INT10",공통/화면 요소/설비 미지정 참조 검토
Coeff_DB4_DBW32,"DB4,INT32",공통/화면 요소/설비 미지정 참조 검토
Coeff_DB4_DBW204,"DB4,INT204",공통/화면 요소/설비 미지정 참조 검토
Coeff_DB4_DBW54,"DB4,INT54",공통/화면 요소/설비 미지정 참조 검토
data_DB1_DBW2,"DB1,INT2",공통/화면 요소/설비 미지정 참조 검토
Coeff_DB4_DBW76,"DB4,INT76",공통/화면 요소/설비 미지정 참조 검토
Coeff_DB4_DBW88,"DB4,INT88",공통/화면 요소/설비 미지정 참조 검토
data_DB1_DBW116,"DB1,INT116",공통/화면 요소/설비 미지정 참조 검토
data_DB1_DBW138,"DB1,INT138",공통/화면 요소/설비 미지정 참조 검토
Coeff_DB4_DBW106,"DB4,INT106",공통/화면 요소/설비 미지정 참조 검토
Coeff_DB4_DBW128,"DB4,INT128",공통/화면 요소/설비 미지정 참조 검토
data_DB1_DBW300,"DB1,INT300",공통/화면 요소/설비 미지정 참조 검토
data_DB6_DBW24,"DB6,INT24",공통/화면 요소/설비 미지정 참조 검토
Coeff_DB4_DBW22,"DB4,INT22",공통/화면 요소/설비 미지정 참조 검토
Coeff_DB4_DBW44,"DB4,INT44",공통/화면 요소/설비 미지정 참조 검토
Coeff_DB4_DBW216,"DB4,INT216",공통/화면 요소/설비 미지정 참조 검토
Coeff_DB4_DBW66,"DB4,INT66",공통/화면 요소/설비 미지정 참조 검토
data_DB1_DBW128,"DB1,INT128",공통/화면 요소/설비 미지정 참조 검토
Coeff_DB4_DBW118,"DB4,INT118",공통/화면 요소/설비 미지정 참조 검토
data_DB1_DBW28,"DB1,INT28",공통/화면 요소/설비 미지정 참조 검토
Coeff_DB4_DBW12,"DB4,INT12",공통/화면 요소/설비 미지정 참조 검토
Coeff_DB4_DBW34,"DB4,INT34",공통/화면 요소/설비 미지정 참조 검토
Coeff_DB4_DBW206,"DB4,INT206",공통/화면 요소/설비 미지정 참조 검토
Coeff_DB4_DBW56,"DB4,INT56",공통/화면 요소/설비 미지정 참조 검토
data_DB1_DBW4,"DB1,INT4",공통/화면 요소/설비 미지정 참조 검토
Coeff_DB4_DBW78,"DB4,INT78",공통/화면 요소/설비 미지정 참조 검토
MaxPortataAria,"DB5,D100",공통/화면 요소/설비 미지정 참조 검토
Stechio_MAX_limit,"DB5,REAL24",공통/화면 요소/설비 미지정 참조 검토
Set_TH,"DB10,W0",공통/화면 요소/설비 미지정 참조 검토
Gas_crv10,"DB5,W70",공통/화면 요소/설비 미지정 참조 검토
Gas_crv00,"DB5,W50",공통/화면 요소/설비 미지정 참조 검토
Gas_crv11,"DB5,W72",공통/화면 요소/설비 미지정 참조 검토
Gas_crv01,"DB5,W52",공통/화면 요소/설비 미지정 참조 검토
Gas_crv12,"DB5,W74",공통/화면 요소/설비 미지정 참조 검토
Gas_crv02,"DB5,W54",공통/화면 요소/설비 미지정 참조 검토
Gas_crv13,"DB5,W76",공통/화면 요소/설비 미지정 참조 검토
Gas_crv03,"DB5,W56",공통/화면 요소/설비 미지정 참조 검토
Gas_crv14,"DB5,W78",공통/화면 요소/설비 미지정 참조 검토
Gas_crv04,"DB5,W58",공통/화면 요소/설비 미지정 참조 검토
Gas_crv15,"DB5,W80",공통/화면 요소/설비 미지정 참조 검토
Gas_crv05,"DB5,W60",공통/화면 요소/설비 미지정 참조 검토
Allarmi_227,"DB3,X23.5",공통/화면 요소/설비 미지정 참조 검토
Allarmi_228,"DB3,X23.6",공통/화면 요소/설비 미지정 참조 검토
AW336,AW336,공통/화면 요소/설비 미지정 참조 검토
Allarmi_1,"DB3,X0.0",공통/화면 요소/설비 미지정 참조 검토
Allarmi_2,"DB3,X0.1",공통/화면 요소/설비 미지정 참조 검토
Allarmi_3,"DB3,X0.2",공통/화면 요소/설비 미지정 참조 검토
Allarmi_4,"DB3,X0.3",공통/화면 요소/설비 미지정 참조 검토
Allarmi_5,"DB3,X0.4",공통/화면 요소/설비 미지정 참조 검토
Allarmi_6,"DB3,X0.5",공통/화면 요소/설비 미지정 참조 검토
Allarmi_7,"DB3,X0.6",공통/화면 요소/설비 미지정 참조 검토
Allarmi_8,"DB3,X0.7",공통/화면 요소/설비 미지정 참조 검토
Allarmi_9,"DB3,X1.0",공통/화면 요소/설비 미지정 참조 검토
Allarmi_10,"DB3,X1.1",공통/화면 요소/설비 미지정 참조 검토
Allarmi_11,"DB3,X1.2",공통/화면 요소/설비 미지정 참조 검토
Allarmi_12,"DB3,X1.3",공통/화면 요소/설비 미지정 참조 검토
Allarmi_13,"DB3,X1.4",공통/화면 요소/설비 미지정 참조 검토
Allarmi_14,"DB3,X1.5",공통/화면 요소/설비 미지정 참조 검토
Allarmi_15,"DB3,X1.6",공통/화면 요소/설비 미지정 참조 검토
Allarmi_16,"DB3,X1.7",공통/화면 요소/설비 미지정 참조 검토
Allarmi_17,"DB3,X2.0",공통/화면 요소/설비 미지정 참조 검토
Allarmi_18,"DB3,X2.1",공통/화면 요소/설비 미지정 참조 검토
Allarmi_19,"DB3,X2.2",공통/화면 요소/설비 미지정 참조 검토
Allarmi_20,"DB3,X2.3",공통/화면 요소/설비 미지정 참조 검토
Allarmi_21,"DB3,X2.4",공통/화면 요소/설비 미지정 참조 검토
Allarmi_22,"DB3,X2.5",공통/화면 요소/설비 미지정 참조 검토
Allarmi_23,"DB3,X2.6",공통/화면 요소/설비 미지정 참조 검토
Allarmi_24,"DB3,X2.7",공통/화면 요소/설비 미지정 참조 검토
Allarmi_25,"DB3,X3.0",공통/화면 요소/설비 미지정 참조 검토
Allarmi_26,"DB3,X3.1",공통/화면 요소/설비 미지정 참조 검토
Allarmi_27,"DB3,X3.2",공통/화면 요소/설비 미지정 참조 검토
Allarmi_28,"DB3,X3.3",공통/화면 요소/설비 미지정 참조 검토
Allarmi_29,"DB3,X3.4",공통/화면 요소/설비 미지정 참조 검토
Allarmi_30,"DB3,X3.5",공통/화면 요소/설비 미지정 참조 검토
Allarmi_31,"DB3,X3.6",공통/화면 요소/설비 미지정 참조 검토
Allarmi_32,"DB3,X3.7",공통/화면 요소/설비 미지정 참조 검토
Allarmi_33,"DB3,X4.0",공통/화면 요소/설비 미지정 참조 검토
Allarmi_34,"DB3,X4.1",공통/화면 요소/설비 미지정 참조 검토
Allarmi_35,"DB3,X4.2",공통/화면 요소/설비 미지정 참조 검토
Allarmi_36,"DB3,X4.3",공통/화면 요소/설비 미지정 참조 검토
Allarmi_37,"DB3,X4.4",공통/화면 요소/설비 미지정 참조 검토
Allarmi_38,"DB3,X4.5",공통/화면 요소/설비 미지정 참조 검토
Allarmi_39,"DB3,X4.6",공통/화면 요소/설비 미지정 참조 검토
Allarmi_40,"DB3,X4.7",공통/화면 요소/설비 미지정 참조 검토
Allarmi_41,"DB3,X5.0",공통/화면 요소/설비 미지정 참조 검토
Allarmi_42,"DB3,X5.1",공통/화면 요소/설비 미지정 참조 검토
Allarmi_43,"DB3,X5.2",공통/화면 요소/설비 미지정 참조 검토
Allarmi_44,"DB3,X5.3",공통/화면 요소/설비 미지정 참조 검토
Allarmi_45,"DB3,X5.4",공통/화면 요소/설비 미지정 참조 검토
data_DB41_DBW56,"DB41,INT56",공통/화면 요소/설비 미지정 참조 검토
Allarmi_47,"DB3,X5.6",공통/화면 요소/설비 미지정 참조 검토
Allarmi_48,"DB3,X5.7",공통/화면 요소/설비 미지정 참조 검토
Allarmi_49,"DB3,X6.0",공통/화면 요소/설비 미지정 참조 검토
Allarmi_50,"DB3,X6.1",공통/화면 요소/설비 미지정 참조 검토
Allarmi_51,"DB3,X6.2",공통/화면 요소/설비 미지정 참조 검토
Allarmi_52,"DB3,X6.3",공통/화면 요소/설비 미지정 참조 검토
Allarmi_53,"DB3,X6.4",공통/화면 요소/설비 미지정 참조 검토
Allarmi_54,"DB3,X6.5",공통/화면 요소/설비 미지정 참조 검토
Allarmi_55,"DB3,X6.6",공통/화면 요소/설비 미지정 참조 검토
Allarmi_56,"DB3,X6.7",공통/화면 요소/설비 미지정 참조 검토
Allarmi_57,"DB3,X7.0",공통/화면 요소/설비 미지정 참조 검토
Allarmi_58,"DB3,X7.1",공통/화면 요소/설비 미지정 참조 검토
Allarmi_59,"DB3,X7.2",공통/화면 요소/설비 미지정 참조 검토
Allarmi_60,"DB3,X7.3",공통/화면 요소/설비 미지정 참조 검토
Allarmi_61,"DB3,X7.4",공통/화면 요소/설비 미지정 참조 검토
Allarmi_62,"DB3,X7.5",공통/화면 요소/설비 미지정 참조 검토
Allarmi_63,"DB3,X7.6",공통/화면 요소/설비 미지정 참조 검토
Allarmi_64,"DB3,X7.7",공통/화면 요소/설비 미지정 참조 검토
Allarmi_65,"DB3,X8.0",공통/화면 요소/설비 미지정 참조 검토
Allarmi_66,"DB3,X8.1",공통/화면 요소/설비 미지정 참조 검토
Allarmi_67,"DB3,X8.2",공통/화면 요소/설비 미지정 참조 검토
Allarmi_68,"DB3,X8.3",공통/화면 요소/설비 미지정 참조 검토
Allarmi_69,"DB3,X8.4",공통/화면 요소/설비 미지정 참조 검토
Allarmi_70,"DB3,X8.5",공통/화면 요소/설비 미지정 참조 검토
Allarmi_71,"DB3,X8.6",공통/화면 요소/설비 미지정 참조 검토
Allarmi_72,"DB3,X8.7",공통/화면 요소/설비 미지정 참조 검토
Allarmi_73,"DB3,X9.0",공통/화면 요소/설비 미지정 참조 검토
Allarmi_74,"DB3,X9.1",공통/화면 요소/설비 미지정 참조 검토
Allarmi_75,"DB3,X9.2",공통/화면 요소/설비 미지정 참조 검토
Allarmi_76,"DB3,X9.3",공통/화면 요소/설비 미지정 참조 검토
Allarmi_77,"DB3,X9.4",공통/화면 요소/설비 미지정 참조 검토
Allarmi_78,"DB3,X9.5",공통/화면 요소/설비 미지정 참조 검토
Allarmi_79,"DB3,X9.6",공통/화면 요소/설비 미지정 참조 검토
Allarmi_80,"DB3,X9.7",공통/화면 요소/설비 미지정 참조 검토
Allarmi_81,"DB3,X10.0",공통/화면 요소/설비 미지정 참조 검토
Allarmi_82,"DB3,X10.1",공통/화면 요소/설비 미지정 참조 검토
Allarmi_83,"DB3,X10.2",공통/화면 요소/설비 미지정 참조 검토
Allarmi_84,"DB3,X10.3",공통/화면 요소/설비 미지정 참조 검토
Allarmi_85,"DB3,X10.4",공통/화면 요소/설비 미지정 참조 검토
Allarmi_86,"DB3,X10.5",공통/화면 요소/설비 미지정 참조 검토
Allarmi_87,"DB3,X10.6",공통/화면 요소/설비 미지정 참조 검토
Allarmi_88,"DB3,X10.7",공통/화면 요소/설비 미지정 참조 검토
Allarmi_89,"DB3,X11.0",공통/화면 요소/설비 미지정 참조 검토
Allarmi_90,"DB3,X11.1",공통/화면 요소/설비 미지정 참조 검토
Allarmi_91,"DB3,X11.2",공통/화면 요소/설비 미지정 참조 검토
Allarmi_92,"DB3,X11.3",공통/화면 요소/설비 미지정 참조 검토
Allarmi_93,"DB3,X11.4",공통/화면 요소/설비 미지정 참조 검토
Allarmi_94,"DB3,X11.5",공통/화면 요소/설비 미지정 참조 검토
Allarmi_95,"DB3,X11.6",공통/화면 요소/설비 미지정 참조 검토
Allarmi_96,"DB3,X11.7",공통/화면 요소/설비 미지정 참조 검토
Allarmi_97,"DB3,X12.0",공통/화면 요소/설비 미지정 참조 검토
Allarmi_98,"DB3,X12.1",공통/화면 요소/설비 미지정 참조 검토
Allarmi_99,"DB3,X12.2",공통/화면 요소/설비 미지정 참조 검토
Allarmi_100,"DB3,X12.3",공통/화면 요소/설비 미지정 참조 검토
Allarmi_101,"DB3,X12.4",공통/화면 요소/설비 미지정 참조 검토
Allarmi_102,"DB3,X12.5",공통/화면 요소/설비 미지정 참조 검토
Allarmi_103,"DB3,X12.6",공통/화면 요소/설비 미지정 참조 검토
Allarmi_104,"DB3,X12.7",공통/화면 요소/설비 미지정 참조 검토
Allarmi_105,"DB3,X13.0",공통/화면 요소/설비 미지정 참조 검토
Allarmi_106,"DB3,X13.1",공통/화면 요소/설비 미지정 참조 검토
Allarmi_107,"DB3,X13.2",공통/화면 요소/설비 미지정 참조 검토
Allarmi_108,"DB3,X13.3",공통/화면 요소/설비 미지정 참조 검토
Allarmi_109,"DB3,X13.4",공통/화면 요소/설비 미지정 참조 검토
Allarmi_110,"DB3,X13.5",공통/화면 요소/설비 미지정 참조 검토
Allarmi_111,"DB3,X13.6",공통/화면 요소/설비 미지정 참조 검토
Allarmi_112,"DB3,X13.7",공통/화면 요소/설비 미지정 참조 검토
Allarmi_113,"DB3,X14.0",공통/화면 요소/설비 미지정 참조 검토
Allarmi_114,"DB3,X14.1",공통/화면 요소/설비 미지정 참조 검토
Allarmi_115,"DB3,X14.2",공통/화면 요소/설비 미지정 참조 검토
Allarmi_116,"DB3,X14.3",공통/화면 요소/설비 미지정 참조 검토
Allarmi_117,"DB3,X14.4",공통/화면 요소/설비 미지정 참조 검토
Allarmi_118,"DB3,X14.5",공통/화면 요소/설비 미지정 참조 검토
Allarmi_119,"DB3,X14.6",공통/화면 요소/설비 미지정 참조 검토
Allarmi_120,"DB3,X14.7",공통/화면 요소/설비 미지정 참조 검토
Allarmi_121,"DB3,X15.0",공통/화면 요소/설비 미지정 참조 검토
Allarmi_122,"DB3,X15.1",공통/화면 요소/설비 미지정 참조 검토
Allarmi_123,"DB3,X15.2",공통/화면 요소/설비 미지정 참조 검토
Allarmi_124,"DB3,X15.3",공통/화면 요소/설비 미지정 참조 검토
Allarmi_125,"DB3,X15.4",공통/화면 요소/설비 미지정 참조 검토
Allarmi_126,"DB3,X15.5",공통/화면 요소/설비 미지정 참조 검토
Allarmi_127,"DB3,X15.6",공통/화면 요소/설비 미지정 참조 검토
Allarmi_128,"DB3,X15.7",공통/화면 요소/설비 미지정 참조 검토
Allarmi_129,"DB3,X16.0",공통/화면 요소/설비 미지정 참조 검토
Allarmi_130,"DB3,X16.1",공통/화면 요소/설비 미지정 참조 검토
Allarmi_132,"DB3,X16.3",공통/화면 요소/설비 미지정 참조 검토
Allarmi_131,"DB3,X16.2",공통/화면 요소/설비 미지정 참조 검토
Allarmi_133,"DB3,X17.0",공통/화면 요소/설비 미지정 참조 검토
Allarmi_134,"DB3,X17.1",공통/화면 요소/설비 미지정 참조 검토
Allarmi_135,"DB3,X16.4",공통/화면 요소/설비 미지정 참조 검토
Allarmi_136,"DB3,X16.5",공통/화면 요소/설비 미지정 참조 검토
Allarmi_137,"DB3,X17.2",공통/화면 요소/설비 미지정 참조 검토
Allarmi_139,"DB3,X17.3",공통/화면 요소/설비 미지정 참조 검토
Allarmi_140,"DB3,X17.4",공통/화면 요소/설비 미지정 참조 검토
Allarmi_141,"DB3,X17.5",공통/화면 요소/설비 미지정 참조 검토
Allarmi_142,"DB3,X17.6",공통/화면 요소/설비 미지정 참조 검토
Allarmi_143,"DB3,X17.7",공통/화면 요소/설비 미지정 참조 검토
Allarmi_144,"DB3,X18.0",공통/화면 요소/설비 미지정 참조 검토
Allarmi_145,"DB3,X18.1",공통/화면 요소/설비 미지정 참조 검토
Allarmi_146,"DB3,X18.2",공통/화면 요소/설비 미지정 참조 검토
Allarmi_147,"DB3,X18.3",공통/화면 요소/설비 미지정 참조 검토
Allarmi_148,"DB3,X18.4",공통/화면 요소/설비 미지정 참조 검토
Allarmi_149,"DB3,X18.5",공통/화면 요소/설비 미지정 참조 검토
Allarmi_150,"DB3,X18.6",공통/화면 요소/설비 미지정 참조 검토
Allarmi_151,"DB3,X18.7",공통/화면 요소/설비 미지정 참조 검토
Allarmi_152,"DB3,X19.0",공통/화면 요소/설비 미지정 참조 검토
Allarmi_153,"DB3,X19.1",공통/화면 요소/설비 미지정 참조 검토
Allarmi_154,"DB3,X19.2",공통/화면 요소/설비 미지정 참조 검토
Allarmi_155,"DB3,X19.3",공통/화면 요소/설비 미지정 참조 검토
Allarmi_156,"DB3,X19.4",공통/화면 요소/설비 미지정 참조 검토
Allarmi_157,"DB3,X19.5",공통/화면 요소/설비 미지정 참조 검토
Allarmi_158,"DB3,X19.6",공통/화면 요소/설비 미지정 참조 검토
Allarmi_159,"DB3,X19.7",공통/화면 요소/설비 미지정 참조 검토
Allarmi_160,"DB3,X20.0",공통/화면 요소/설비 미지정 참조 검토
Allarmi_161,"DB3,X20.1",공통/화면 요소/설비 미지정 참조 검토
Gas_crv16,"DB5,W82",공통/화면 요소/설비 미지정 참조 검토
Stechio_GAIN,"DB5,REAL8",공통/화면 요소/설비 미지정 참조 검토
Gas_crv06,"DB5,W62",공통/화면 요소/설비 미지정 참조 검토
Gas_crv17,"DB5,W84",공통/화면 요소/설비 미지정 참조 검토
Stechio_min_limit,"DB5,REAL20",공통/화면 요소/설비 미지정 참조 검토
Gas_crv07,"DB5,W64",공통/화면 요소/설비 미지정 참조 검토
Gas_crv18,"DB5,W86",공통/화면 요소/설비 미지정 참조 검토
Gas_crv08,"DB5,W66",공통/화면 요소/설비 미지정 참조 검토
Gas_crv19,"DB5,W88",공통/화면 요소/설비 미지정 참조 검토
Gas_crv09,"DB5,W68",공통/화면 요소/설비 미지정 참조 검토
TacitAlarms,"DB2,X13.5",공통/화면 요소/설비 미지정 참조 검토
EB3,EB3,공통/화면 요소/설비 미지정 참조 검토
EB4,EB4,공통/화면 요소/설비 미지정 참조 검토
EB5,EB5,공통/화면 요소/설비 미지정 참조 검토
EB6,EB6,공통/화면 요소/설비 미지정 참조 검토
EB7,EB7,공통/화면 요소/설비 미지정 참조 검토
EB8,EB8,공통/화면 요소/설비 미지정 참조 검토
EB9,EB9,공통/화면 요소/설비 미지정 참조 검토
EB10,EB10,공통/화면 요소/설비 미지정 참조 검토
EB11,EB11,공통/화면 요소/설비 미지정 참조 검토
EB12,EB12,공통/화면 요소/설비 미지정 참조 검토
EB13,EB13,공통/화면 요소/설비 미지정 참조 검토
EB14,EB14,공통/화면 요소/설비 미지정 참조 검토
EB15,EB15,공통/화면 요소/설비 미지정 참조 검토
EB16,EB16,공통/화면 요소/설비 미지정 참조 검토
EB17,EB17,공통/화면 요소/설비 미지정 참조 검토
EB18,EB18,공통/화면 요소/설비 미지정 참조 검토
EB28,EB28,공통/화면 요소/설비 미지정 참조 검토
EW256,EW256,공통/화면 요소/설비 미지정 참조 검토
EW258,EW258,공통/화면 요소/설비 미지정 참조 검토
EW260,EW260,공통/화면 요소/설비 미지정 참조 검토
EW262,EW262,공통/화면 요소/설비 미지정 참조 검토
EW264,EW264,공통/화면 요소/설비 미지정 참조 검토
EW266,EW266,공통/화면 요소/설비 미지정 참조 검토
EW268,EW268,공통/화면 요소/설비 미지정 참조 검토
EW272,EW272,공통/화면 요소/설비 미지정 참조 검토
EW274,EW274,공통/화면 요소/설비 미지정 참조 검토
EW278,EW278,공통/화면 요소/설비 미지정 참조 검토
EW276,EW276,공통/화면 요소/설비 미지정 참조 검토
EW280,EW280,공통/화면 요소/설비 미지정 참조 검토
EW282,EW282,공통/화면 요소/설비 미지정 참조 검토
EW284,EW284,공통/화면 요소/설비 미지정 참조 검토
EW286,EW286,공통/화면 요소/설비 미지정 참조 검토
EW320,EW320,공통/화면 요소/설비 미지정 참조 검토
EW322,EW322,공통/화면 요소/설비 미지정 참조 검토
EW324,EW324,공통/화면 요소/설비 미지정 참조 검토
EW326,EW326,공통/화면 요소/설비 미지정 참조 검토
EW328,EW328,공통/화면 요소/설비 미지정 참조 검토
EW332,EW332,공통/화면 요소/설비 미지정 참조 검토
EW330,EW330,공통/화면 요소/설비 미지정 참조 검토
EW334,EW334,공통/화면 요소/설비 미지정 참조 검토
EW352,EW352,공통/화면 요소/설비 미지정 참조 검토
EW354,EW354,공통/화면 요소/설비 미지정 참조 검토
EW356,EW356,공통/화면 요소/설비 미지정 참조 검토
EW358,EW358,공통/화면 요소/설비 미지정 참조 검토
EW360,EW360,공통/화면 요소/설비 미지정 참조 검토
EW362,EW362,공통/화면 요소/설비 미지정 참조 검토
EW364,EW364,공통/화면 요소/설비 미지정 참조 검토
EW366,EW366,공통/화면 요소/설비 미지정 참조 검토
AW290,AW290,공통/화면 요소/설비 미지정 참조 검토
AW288,AW288,공통/화면 요소/설비 미지정 참조 검토
AW292,AW292,공통/화면 요소/설비 미지정 참조 검토
AW294,AW294,공통/화면 요소/설비 미지정 참조 검토
AW296,AW296,공통/화면 요소/설비 미지정 참조 검토
AW298,AW298,공통/화면 요소/설비 미지정 참조 검토
AW300,AW300,공통/화면 요소/설비 미지정 참조 검토
AW302,AW302,공통/화면 요소/설비 미지정 참조 검토
AW304,AW304,공통/화면 요소/설비 미지정 참조 검토
AW306,AW306,공통/화면 요소/설비 미지정 참조 검토
AW308,AW308,공통/화면 요소/설비 미지정 참조 검토
AW312,AW312,공통/화면 요소/설비 미지정 참조 검토
AW310,AW310,공통/화면 요소/설비 미지정 참조 검토
AW314,AW314,공통/화면 요소/설비 미지정 참조 검토
AB5,AB5,공통/화면 요소/설비 미지정 참조 검토
AB6,AB6,공통/화면 요소/설비 미지정 참조 검토
AB4,AB4,공통/화면 요소/설비 미지정 참조 검토
AW316,AW316,공통/화면 요소/설비 미지정 참조 검토
AW318,AW318,공통/화면 요소/설비 미지정 참조 검토
EW270,EW270,공통/화면 요소/설비 미지정 참조 검토
AB0,AB0,공통/화면 요소/설비 미지정 참조 검토
AB1,AB1,공통/화면 요소/설비 미지정 참조 검토
AB2,AB2,공통/화면 요소/설비 미지정 참조 검토
AB3,AB3,공통/화면 요소/설비 미지정 참조 검토
Allarmi_229,"DB3,X23.7",공통/화면 요소/설비 미지정 참조 검토
I_W2,"DB13,W2",공통/화면 요소/설비 미지정 참조 검토
I_W0,"DB13,W0",공통/화면 요소/설비 미지정 참조 검토
Allarmi_233,"DB3,X24.3",공통/화면 요소/설비 미지정 참조 검토
