확인 ID,설비 ID,항목,확인 작업,상태,증거
BC01-V-01,BC01,식별/실물,도면 태그·물리 위치·명판을 대조하고 현재 설치/사용 상태 확정,확인 대기,
BC01-V-02,BC01,제어/데이터,원본 네트워크와 관련 설정·접점 극성·주소를 현재 프로젝트로 대조,확인 대기,
BC01-V-03,BC01,시뮬레이션,위 시험안의 기대 결과를 원본 실행 결과로 확정하고 실행 증거 기록,확인 대기,
BC01-V-04,BC01,전기 배선,현재 I/Q 주소·모듈·단자·전원·중간 릴레이를 현장 배선으로 검증,확인 대기,
BC01-V-05,BC01,HMI/통신,HMI 설정 주소·자료형·가공 상태를 온라인 PLC 값으로 검증,확인 대기,
RD01-V-01,RD01,식별/실물,도면 태그·물리 위치·명판을 대조하고 현재 설치/사용 상태 확정,확인 대기,
RD01-V-02,RD01,제어/데이터,원본 네트워크와 관련 설정·접점 극성·주소를 현재 프로젝트로 대조,확인 대기,
RD01-V-03,RD01,시뮬레이션,위 시험안의 기대 결과를 원본 실행 결과로 확정하고 실행 증거 기록,확인 대기,
RD01-V-04,RD01,전기 배선,현재 I/Q 주소·모듈·단자·전원·중간 릴레이를 현장 배선으로 검증,확인 대기,
RD01-V-05,RD01,HMI/통신,HMI 설정 주소·자료형·가공 상태를 온라인 PLC 값으로 검증,확인 대기,
RD01-FAN-V-01,RD01-FAN,식별/실물,도면 태그·물리 위치·명판을 대조하고 현재 설치/사용 상태 확정,확인 대기,
RD01-FAN-V-02,RD01-FAN,제어/데이터,원본 네트워크와 관련 설정·접점 극성·주소를 현재 프로젝트로 대조,확인 대기,
RD01-FAN-V-03,RD01-FAN,시뮬레이션,위 시험안의 기대 결과를 원본 실행 결과로 확정하고 실행 증거 기록,확인 대기,
RD01-FAN-V-04,RD01-FAN,전기 배선,현재 I/Q 주소·모듈·단자·전원·중간 릴레이를 현장 배선으로 검증,확인 대기,
RD01-FAN-V-05,RD01-FAN,HMI/통신,HMI 설정 주소·자료형·가공 상태를 온라인 PLC 값으로 검증,확인 대기,
MC03-V-01,MC03,식별/실물,도면 태그·물리 위치·명판을 대조하고 현재 설치/사용 상태 확정,확인 대기,
MC03-V-02,MC03,제어/데이터,원본 네트워크와 관련 설정·접점 극성·주소를 현재 프로젝트로 대조,확인 대기,
MC03-V-03,MC03,시뮬레이션,위 시험안의 기대 결과를 원본 실행 결과로 확정하고 실행 증거 기록,확인 대기,
MC03-V-04,MC03,전기 배선,현재 I/Q 주소·모듈·단자·전원·중간 릴레이를 현장 배선으로 검증,확인 대기,
MC03-V-05,MC03,불일치/특이점,P&ID에서 주설비 태그로 확인되지 않는다. Q0.3과 MC03/SS09 참조를 별도 예비 장치로 보관한다.,확인 대기,
MC04-V-01,MC04,식별/실물,도면 태그·물리 위치·명판을 대조하고 현재 설치/사용 상태 확정,확인 대기,
MC04-V-02,MC04,제어/데이터,원본 네트워크와 관련 설정·접점 극성·주소를 현재 프로젝트로 대조,확인 대기,
MC04-V-03,MC04,시뮬레이션,위 시험안의 기대 결과를 원본 실행 결과로 확정하고 실행 증거 기록,확인 대기,
MC04-V-04,MC04,전기 배선,현재 I/Q 주소·모듈·단자·전원·중간 릴레이를 현장 배선으로 검증,확인 대기,
MC04-V-05,MC04,HMI/통신,HMI 설정 주소·자료형·가공 상태를 온라인 PLC 값으로 검증,확인 대기,
MC05-V-01,MC05,식별/실물,도면 태그·물리 위치·명판을 대조하고 현재 설치/사용 상태 확정,확인 대기,
MC05-V-02,MC05,제어/데이터,원본 네트워크와 관련 설정·접점 극성·주소를 현재 프로젝트로 대조,확인 대기,
MC05-V-03,MC05,시뮬레이션,위 시험안의 기대 결과를 원본 실행 결과로 확정하고 실행 증거 기록,확인 대기,
MC05-V-04,MC05,전기 배선,현재 I/Q 주소·모듈·단자·전원·중간 릴레이를 현장 배선으로 검증,확인 대기,
MC05-V-05,MC05,HMI/통신,HMI 설정 주소·자료형·가공 상태를 온라인 PLC 값으로 검증,확인 대기,
MC05-V-06,MC05,불일치/특이점,Motors 1에는 mc05 deleted 제목이 있다. 입출력과 도면의 잔존만으로 현재 설치·사용 상태를 결정하지 않는다.,확인 대기,
VS01-V-01,VS01,식별/실물,도면 태그·물리 위치·명판을 대조하고 현재 설치/사용 상태 확정,확인 대기,
VS01-V-02,VS01,제어/데이터,원본 네트워크와 관련 설정·접점 극성·주소를 현재 프로젝트로 대조,확인 대기,
VS01-V-03,VS01,시뮬레이션,위 시험안의 기대 결과를 원본 실행 결과로 확정하고 실행 증거 기록,확인 대기,
VS01-V-04,VS01,전기 배선,현재 I/Q 주소·모듈·단자·전원·중간 릴레이를 현장 배선으로 검증,확인 대기,
VS01-V-05,VS01,HMI/통신,HMI 설정 주소·자료형·가공 상태를 온라인 PLC 값으로 검증,확인 대기,
SC12-V-01,SC12,식별/실물,도면 태그·물리 위치·명판을 대조하고 현재 설치/사용 상태 확정,확인 대기,
SC12-V-02,SC12,제어/데이터,원본 네트워크와 관련 설정·접점 극성·주소를 현재 프로젝트로 대조,확인 대기,
SC12-V-03,SC12,시뮬레이션,위 시험안의 기대 결과를 원본 실행 결과로 확정하고 실행 증거 기록,확인 대기,
SC12-V-04,SC12,전기 배선,현재 I/Q 주소·모듈·단자·전원·중간 릴레이를 현장 배선으로 검증,확인 대기,
SC12-V-05,SC12,HMI/통신,HMI 설정 주소·자료형·가공 상태를 온라인 PLC 값으로 검증,확인 대기,
SC12-V-06,SC12,불일치/특이점,P&ID에 존재하지만 전기 회로 SPARE와 sc12 deleted 제목이 확인됐다. 설치 상태와 유지되는 배선을 확인한다.,확인 대기,
CC01-V-01,CC01,식별/실물,도면 태그·물리 위치·명판을 대조하고 현재 설치/사용 상태 확정,확인 대기,
CC01-V-02,CC01,제어/데이터,원본 네트워크와 관련 설정·접점 극성·주소를 현재 프로젝트로 대조,확인 대기,
CC01-V-03,CC01,시뮬레이션,위 시험안의 기대 결과를 원본 실행 결과로 확정하고 실행 증거 기록,확인 대기,
UC01-V-01,UC01,식별/실물,도면 태그·물리 위치·명판을 대조하고 현재 설치/사용 상태 확정,확인 대기,
UC01-V-02,UC01,제어/데이터,원본 네트워크와 관련 설정·접점 극성·주소를 현재 프로젝트로 대조,확인 대기,
UC01-V-03,UC01,시뮬레이션,위 시험안의 기대 결과를 원본 실행 결과로 확정하고 실행 증거 기록,확인 대기,
AB01-V-01,AB01,식별/실물,도면 태그·물리 위치·명판을 대조하고 현재 설치/사용 상태 확정,확인 대기,
AB01-V-02,AB01,제어/데이터,원본 네트워크와 관련 설정·접점 극성·주소를 현재 프로젝트로 대조,확인 대기,
AB01-V-03,AB01,시뮬레이션,위 시험안의 기대 결과를 원본 실행 결과로 확정하고 실행 증거 기록,확인 대기,
AB01-V-04,AB01,전기 배선,현재 I/Q 주소·모듈·단자·전원·중간 릴레이를 현장 배선으로 검증,확인 대기,
BR01-V-01,BR01,식별/실물,도면 태그·물리 위치·명판을 대조하고 현재 설치/사용 상태 확정,확인 대기,
BR01-V-02,BR01,제어/데이터,원본 네트워크와 관련 설정·접점 극성·주소를 현재 프로젝트로 대조,확인 대기,
BR01-V-03,BR01,시뮬레이션,위 시험안의 기대 결과를 원본 실행 결과로 확정하고 실행 증거 기록,확인 대기,
BR01-V-04,BR01,전기 배선,현재 I/Q 주소·모듈·단자·전원·중간 릴레이를 현장 배선으로 검증,확인 대기,
BR01-V-05,BR01,HMI/통신,HMI 설정 주소·자료형·가공 상태를 온라인 PLC 값으로 검증,확인 대기,
BR01-V-06,BR01,불일치/특이점,버너 전용 상세 도면 및 제조사 연소 제어 절차는 별도 문서가 필요하다. 이 매뉴얼의 일반 PLC 해석을 버너 안전 시퀀스로 대체하지 않는다.,확인 대기,
HE01-V-01,HE01,식별/실물,도면 태그·물리 위치·명판을 대조하고 현재 설치/사용 상태 확정,확인 대기,
HE01-V-02,HE01,제어/데이터,원본 네트워크와 관련 설정·접점 극성·주소를 현재 프로젝트로 대조,확인 대기,
HE01-V-03,HE01,시뮬레이션,위 시험안의 기대 결과를 원본 실행 결과로 확정하고 실행 증거 기록,확인 대기,
FN01-V-01,FN01,식별/실물,도면 태그·물리 위치·명판을 대조하고 현재 설치/사용 상태 확정,확인 대기,
FN01-V-02,FN01,제어/데이터,원본 네트워크와 관련 설정·접점 극성·주소를 현재 프로젝트로 대조,확인 대기,
FN01-V-03,FN01,시뮬레이션,위 시험안의 기대 결과를 원본 실행 결과로 확정하고 실행 증거 기록,확인 대기,
FN01-V-04,FN01,전기 배선,현재 I/Q 주소·모듈·단자·전원·중간 릴레이를 현장 배선으로 검증,확인 대기,
FN01-V-05,FN01,HMI/통신,HMI 설정 주소·자료형·가공 상태를 온라인 PLC 값으로 검증,확인 대기,
FN02-V-01,FN02,식별/실물,도면 태그·물리 위치·명판을 대조하고 현재 설치/사용 상태 확정,확인 대기,
FN02-V-02,FN02,제어/데이터,원본 네트워크와 관련 설정·접점 극성·주소를 현재 프로젝트로 대조,확인 대기,
FN02-V-03,FN02,시뮬레이션,위 시험안의 기대 결과를 원본 실행 결과로 확정하고 실행 증거 기록,확인 대기,
FN02-V-04,FN02,전기 배선,현재 I/Q 주소·모듈·단자·전원·중간 릴레이를 현장 배선으로 검증,확인 대기,
FN02-V-05,FN02,HMI/통신,HMI 설정 주소·자료형·가공 상태를 온라인 PLC 값으로 검증,확인 대기,
FN03-V-01,FN03,식별/실물,도면 태그·물리 위치·명판을 대조하고 현재 설치/사용 상태 확정,확인 대기,
FN03-V-02,FN03,제어/데이터,원본 네트워크와 관련 설정·접점 극성·주소를 현재 프로젝트로 대조,확인 대기,
FN03-V-03,FN03,시뮬레이션,위 시험안의 기대 결과를 원본 실행 결과로 확정하고 실행 증거 기록,확인 대기,
FN03-V-04,FN03,전기 배선,현재 I/Q 주소·모듈·단자·전원·중간 릴레이를 현장 배선으로 검증,확인 대기,
FN03-V-05,FN03,HMI/통신,HMI 설정 주소·자료형·가공 상태를 온라인 PLC 값으로 검증,확인 대기,
FN04-V-01,FN04,식별/실물,도면 태그·물리 위치·명판을 대조하고 현재 설치/사용 상태 확정,확인 대기,
FN04-V-02,FN04,제어/데이터,원본 네트워크와 관련 설정·접점 극성·주소를 현재 프로젝트로 대조,확인 대기,
FN04-V-03,FN04,시뮬레이션,위 시험안의 기대 결과를 원본 실행 결과로 확정하고 실행 증거 기록,확인 대기,
FN04-V-04,FN04,전기 배선,현재 I/Q 주소·모듈·단자·전원·중간 릴레이를 현장 배선으로 검증,확인 대기,
FN04-V-05,FN04,HMI/통신,HMI 설정 주소·자료형·가공 상태를 온라인 PLC 값으로 검증,확인 대기,
FN05-V-01,FN05,식별/실물,도면 태그·물리 위치·명판을 대조하고 현재 설치/사용 상태 확정,확인 대기,
FN05-V-02,FN05,제어/데이터,원본 네트워크와 관련 설정·접점 극성·주소를 현재 프로젝트로 대조,확인 대기,
FN05-V-03,FN05,시뮬레이션,위 시험안의 기대 결과를 원본 실행 결과로 확정하고 실행 증거 기록,확인 대기,
FN05-V-04,FN05,전기 배선,현재 I/Q 주소·모듈·단자·전원·중간 릴레이를 현장 배선으로 검증,확인 대기,
FN05-V-05,FN05,HMI/통신,HMI 설정 주소·자료형·가공 상태를 온라인 PLC 값으로 검증,확인 대기,
FN06-V-01,FN06,식별/실물,도면 태그·물리 위치·명판을 대조하고 현재 설치/사용 상태 확정,확인 대기,
FN06-V-02,FN06,제어/데이터,원본 네트워크와 관련 설정·접점 극성·주소를 현재 프로젝트로 대조,확인 대기,
FN06-V-03,FN06,시뮬레이션,위 시험안의 기대 결과를 원본 실행 결과로 확정하고 실행 증거 기록,확인 대기,
FN06-V-04,FN06,전기 배선,현재 I/Q 주소·모듈·단자·전원·중간 릴레이를 현장 배선으로 검증,확인 대기,
FN06-V-05,FN06,HMI/통신,HMI 설정 주소·자료형·가공 상태를 온라인 PLC 값으로 검증,확인 대기,
FN01-FAN-V-01,FN01-FAN,식별/실물,도면 태그·물리 위치·명판을 대조하고 현재 설치/사용 상태 확정,확인 대기,
FN01-FAN-V-02,FN01-FAN,제어/데이터,원본 네트워크와 관련 설정·접점 극성·주소를 현재 프로젝트로 대조,확인 대기,
FN01-FAN-V-03,FN01-FAN,시뮬레이션,위 시험안의 기대 결과를 원본 실행 결과로 확정하고 실행 증거 기록,확인 대기,
FN01-FAN-V-04,FN01-FAN,전기 배선,현재 I/Q 주소·모듈·단자·전원·중간 릴레이를 현장 배선으로 검증,확인 대기,
FN01-FAN-V-05,FN01-FAN,불일치/특이점,Q3.5/I4.5 잔존과 SPARE 표기를 따로 기록한다.,확인 대기,
CH01-V-01,CH01,식별/실물,도면 태그·물리 위치·명판을 대조하고 현재 설치/사용 상태 확정,확인 대기,
CH01-V-02,CH01,제어/데이터,원본 네트워크와 관련 설정·접점 극성·주소를 현재 프로젝트로 대조,확인 대기,
CH01-V-03,CH01,시뮬레이션,위 시험안의 기대 결과를 원본 실행 결과로 확정하고 실행 증거 기록,확인 대기,
CH01-V-04,CH01,전기 배선,현재 I/Q 주소·모듈·단자·전원·중간 릴레이를 현장 배선으로 검증,확인 대기,
CH01-V-05,CH01,HMI/통신,HMI 설정 주소·자료형·가공 상태를 온라인 PLC 값으로 검증,확인 대기,
MV01-V-01,MV01,식별/실물,도면 태그·물리 위치·명판을 대조하고 현재 설치/사용 상태 확정,확인 대기,
MV01-V-02,MV01,제어/데이터,원본 네트워크와 관련 설정·접점 극성·주소를 현재 프로젝트로 대조,확인 대기,
MV01-V-03,MV01,시뮬레이션,위 시험안의 기대 결과를 원본 실행 결과로 확정하고 실행 증거 기록,확인 대기,
MV01-V-04,MV01,전기 배선,현재 I/Q 주소·모듈·단자·전원·중간 릴레이를 현장 배선으로 검증,확인 대기,
MV01-V-05,MV01,HMI/통신,HMI 설정 주소·자료형·가공 상태를 온라인 PLC 값으로 검증,확인 대기,
MV02-V-01,MV02,식별/실물,도면 태그·물리 위치·명판을 대조하고 현재 설치/사용 상태 확정,확인 대기,
MV02-V-02,MV02,제어/데이터,원본 네트워크와 관련 설정·접점 극성·주소를 현재 프로젝트로 대조,확인 대기,
MV02-V-03,MV02,시뮬레이션,위 시험안의 기대 결과를 원본 실행 결과로 확정하고 실행 증거 기록,확인 대기,
MV02-V-04,MV02,전기 배선,현재 I/Q 주소·모듈·단자·전원·중간 릴레이를 현장 배선으로 검증,확인 대기,
MV02-V-05,MV02,HMI/통신,HMI 설정 주소·자료형·가공 상태를 온라인 PLC 값으로 검증,확인 대기,
MV02-V-06,MV02,불일치/특이점,공통 전원 MV02/05/06은 개별 구동 피드백과 분리한다.,확인 대기,
MV03-V-01,MV03,식별/실물,도면 태그·물리 위치·명판을 대조하고 현재 설치/사용 상태 확정,확인 대기,
MV03-V-02,MV03,제어/데이터,원본 네트워크와 관련 설정·접점 극성·주소를 현재 프로젝트로 대조,확인 대기,
MV03-V-03,MV03,시뮬레이션,위 시험안의 기대 결과를 원본 실행 결과로 확정하고 실행 증거 기록,확인 대기,
MV03-V-04,MV03,전기 배선,현재 I/Q 주소·모듈·단자·전원·중간 릴레이를 현장 배선으로 검증,확인 대기,
MV03-V-05,MV03,HMI/통신,HMI 설정 주소·자료형·가공 상태를 온라인 PLC 값으로 검증,확인 대기,
MV04-V-01,MV04,식별/실물,도면 태그·물리 위치·명판을 대조하고 현재 설치/사용 상태 확정,확인 대기,
MV04-V-02,MV04,제어/데이터,원본 네트워크와 관련 설정·접점 극성·주소를 현재 프로젝트로 대조,확인 대기,
MV04-V-03,MV04,시뮬레이션,위 시험안의 기대 결과를 원본 실행 결과로 확정하고 실행 증거 기록,확인 대기,
MV04-V-04,MV04,전기 배선,현재 I/Q 주소·모듈·단자·전원·중간 릴레이를 현장 배선으로 검증,확인 대기,
MV04-V-05,MV04,HMI/통신,HMI 설정 주소·자료형·가공 상태를 온라인 PLC 값으로 검증,확인 대기,
MV05-V-01,MV05,식별/실물,도면 태그·물리 위치·명판을 대조하고 현재 설치/사용 상태 확정,확인 대기,
MV05-V-02,MV05,제어/데이터,원본 네트워크와 관련 설정·접점 극성·주소를 현재 프로젝트로 대조,확인 대기,
MV05-V-03,MV05,시뮬레이션,위 시험안의 기대 결과를 원본 실행 결과로 확정하고 실행 증거 기록,확인 대기,
MV05-V-04,MV05,전기 배선,현재 I/Q 주소·모듈·단자·전원·중간 릴레이를 현장 배선으로 검증,확인 대기,
MV05-V-05,MV05,HMI/통신,HMI 설정 주소·자료형·가공 상태를 온라인 PLC 값으로 검증,확인 대기,
MV05-V-06,MV05,불일치/특이점,공통 전원 MV02/05/06은 개별 구동 피드백과 분리한다.,확인 대기,
MV06-V-01,MV06,식별/실물,도면 태그·물리 위치·명판을 대조하고 현재 설치/사용 상태 확정,확인 대기,
MV06-V-02,MV06,제어/데이터,원본 네트워크와 관련 설정·접점 극성·주소를 현재 프로젝트로 대조,확인 대기,
MV06-V-03,MV06,시뮬레이션,위 시험안의 기대 결과를 원본 실행 결과로 확정하고 실행 증거 기록,확인 대기,
MV06-V-04,MV06,전기 배선,현재 I/Q 주소·모듈·단자·전원·중간 릴레이를 현장 배선으로 검증,확인 대기,
MV06-V-05,MV06,HMI/통신,HMI 설정 주소·자료형·가공 상태를 온라인 PLC 값으로 검증,확인 대기,
MV06-V-06,MV06,불일치/특이점,공통 전원 MV02/05/06은 개별 구동 피드백과 분리한다.,확인 대기,
PV01-V-01,PV01,식별/실물,도면 태그·물리 위치·명판을 대조하고 현재 설치/사용 상태 확정,확인 대기,
PV01-V-02,PV01,제어/데이터,원본 네트워크와 관련 설정·접점 극성·주소를 현재 프로젝트로 대조,확인 대기,
PV01-V-03,PV01,시뮬레이션,위 시험안의 기대 결과를 원본 실행 결과로 확정하고 실행 증거 기록,확인 대기,
PV01-V-04,PV01,전기 배선,현재 I/Q 주소·모듈·단자·전원·중간 릴레이를 현장 배선으로 검증,확인 대기,
PV01-V-05,PV01,HMI/통신,HMI 설정 주소·자료형·가공 상태를 온라인 PLC 값으로 검증,확인 대기,
PV02-V-01,PV02,식별/실물,도면 태그·물리 위치·명판을 대조하고 현재 설치/사용 상태 확정,확인 대기,
PV02-V-02,PV02,제어/데이터,원본 네트워크와 관련 설정·접점 극성·주소를 현재 프로젝트로 대조,확인 대기,
PV02-V-03,PV02,시뮬레이션,위 시험안의 기대 결과를 원본 실행 결과로 확정하고 실행 증거 기록,확인 대기,
PV02-V-04,PV02,전기 배선,현재 I/Q 주소·모듈·단자·전원·중간 릴레이를 현장 배선으로 검증,확인 대기,
PV02-V-05,PV02,HMI/통신,HMI 설정 주소·자료형·가공 상태를 온라인 PLC 값으로 검증,확인 대기,
PV03-V-01,PV03,식별/실물,도면 태그·물리 위치·명판을 대조하고 현재 설치/사용 상태 확정,확인 대기,
PV03-V-02,PV03,제어/데이터,원본 네트워크와 관련 설정·접점 극성·주소를 현재 프로젝트로 대조,확인 대기,
PV03-V-03,PV03,시뮬레이션,위 시험안의 기대 결과를 원본 실행 결과로 확정하고 실행 증거 기록,확인 대기,
PV03-V-04,PV03,전기 배선,현재 I/Q 주소·모듈·단자·전원·중간 릴레이를 현장 배선으로 검증,확인 대기,
PV03-V-05,PV03,HMI/통신,HMI 설정 주소·자료형·가공 상태를 온라인 PLC 값으로 검증,확인 대기,
PV04-V-01,PV04,식별/실물,도면 태그·물리 위치·명판을 대조하고 현재 설치/사용 상태 확정,확인 대기,
PV04-V-02,PV04,제어/데이터,원본 네트워크와 관련 설정·접점 극성·주소를 현재 프로젝트로 대조,확인 대기,
PV04-V-03,PV04,시뮬레이션,위 시험안의 기대 결과를 원본 실행 결과로 확정하고 실행 증거 기록,확인 대기,
PV04-V-04,PV04,전기 배선,현재 I/Q 주소·모듈·단자·전원·중간 릴레이를 현장 배선으로 검증,확인 대기,
PV04-V-05,PV04,HMI/통신,HMI 설정 주소·자료형·가공 상태를 온라인 PLC 값으로 검증,확인 대기,
PV04-V-06,PV04,불일치/특이점,회로 및 출력 SPARE와 pv04 deleted 제목을 확인해야 한다.,확인 대기,
PV05-V-01,PV05,식별/실물,도면 태그·물리 위치·명판을 대조하고 현재 설치/사용 상태 확정,확인 대기,
PV05-V-02,PV05,제어/데이터,원본 네트워크와 관련 설정·접점 극성·주소를 현재 프로젝트로 대조,확인 대기,
PV05-V-03,PV05,시뮬레이션,위 시험안의 기대 결과를 원본 실행 결과로 확정하고 실행 증거 기록,확인 대기,
PV05-V-04,PV05,전기 배선,현재 I/Q 주소·모듈·단자·전원·중간 릴레이를 현장 배선으로 검증,확인 대기,
PV05-V-05,PV05,불일치/특이점,두 밸브의 개별 PLC 출력으로 단정하지 않는다. 외부 릴레이·타이머 박스 회로가 포함된다.,확인 대기,
PV06-V-01,PV06,식별/실물,도면 태그·물리 위치·명판을 대조하고 현재 설치/사용 상태 확정,확인 대기,
PV06-V-02,PV06,제어/데이터,원본 네트워크와 관련 설정·접점 극성·주소를 현재 프로젝트로 대조,확인 대기,
PV06-V-03,PV06,시뮬레이션,위 시험안의 기대 결과를 원본 실행 결과로 확정하고 실행 증거 기록,확인 대기,
PV06-V-04,PV06,전기 배선,현재 I/Q 주소·모듈·단자·전원·중간 릴레이를 현장 배선으로 검증,확인 대기,
PV06-V-05,PV06,불일치/특이점,두 밸브의 개별 PLC 출력으로 단정하지 않는다. 외부 릴레이·타이머 박스 회로가 포함된다.,확인 대기,
PV14-V-01,PV14,식별/실물,도면 태그·물리 위치·명판을 대조하고 현재 설치/사용 상태 확정,확인 대기,
PV14-V-02,PV14,제어/데이터,원본 네트워크와 관련 설정·접점 극성·주소를 현재 프로젝트로 대조,확인 대기,
PV14-V-03,PV14,시뮬레이션,위 시험안의 기대 결과를 원본 실행 결과로 확정하고 실행 증거 기록,확인 대기,
PV14-V-04,PV14,전기 배선,현재 I/Q 주소·모듈·단자·전원·중간 릴레이를 현장 배선으로 검증,확인 대기,
PV14-V-05,PV14,HMI/통신,HMI 설정 주소·자료형·가공 상태를 온라인 PLC 값으로 검증,확인 대기,
CY01-V-01,CY01,식별/실물,도면 태그·물리 위치·명판을 대조하고 현재 설치/사용 상태 확정,확인 대기,
CY01-V-02,CY01,제어/데이터,원본 네트워크와 관련 설정·접점 극성·주소를 현재 프로젝트로 대조,확인 대기,
CY01-V-03,CY01,시뮬레이션,위 시험안의 기대 결과를 원본 실행 결과로 확정하고 실행 증거 기록,확인 대기,
CY02-V-01,CY02,식별/실물,도면 태그·물리 위치·명판을 대조하고 현재 설치/사용 상태 확정,확인 대기,
CY02-V-02,CY02,제어/데이터,원본 네트워크와 관련 설정·접점 극성·주소를 현재 프로젝트로 대조,확인 대기,
CY02-V-03,CY02,시뮬레이션,위 시험안의 기대 결과를 원본 실행 결과로 확정하고 실행 증거 기록,확인 대기,
CY03-V-01,CY03,식별/실물,도면 태그·물리 위치·명판을 대조하고 현재 설치/사용 상태 확정,확인 대기,
CY03-V-02,CY03,제어/데이터,원본 네트워크와 관련 설정·접점 극성·주소를 현재 프로젝트로 대조,확인 대기,
CY03-V-03,CY03,시뮬레이션,위 시험안의 기대 결과를 원본 실행 결과로 확정하고 실행 증거 기록,확인 대기,
CY04-V-01,CY04,식별/실물,도면 태그·물리 위치·명판을 대조하고 현재 설치/사용 상태 확정,확인 대기,
CY04-V-02,CY04,제어/데이터,원본 네트워크와 관련 설정·접점 극성·주소를 현재 프로젝트로 대조,확인 대기,
CY04-V-03,CY04,시뮬레이션,위 시험안의 기대 결과를 원본 실행 결과로 확정하고 실행 증거 기록,확인 대기,
CY05-V-01,CY05,식별/실물,도면 태그·물리 위치·명판을 대조하고 현재 설치/사용 상태 확정,확인 대기,
CY05-V-02,CY05,제어/데이터,원본 네트워크와 관련 설정·접점 극성·주소를 현재 프로젝트로 대조,확인 대기,
CY05-V-03,CY05,시뮬레이션,위 시험안의 기대 결과를 원본 실행 결과로 확정하고 실행 증거 기록,확인 대기,
VR01-V-01,VR01,식별/실물,도면 태그·물리 위치·명판을 대조하고 현재 설치/사용 상태 확정,확인 대기,
VR01-V-02,VR01,제어/데이터,원본 네트워크와 관련 설정·접점 극성·주소를 현재 프로젝트로 대조,확인 대기,
VR01-V-03,VR01,시뮬레이션,위 시험안의 기대 결과를 원본 실행 결과로 확정하고 실행 증거 기록,확인 대기,
VR01-V-04,VR01,전기 배선,현재 I/Q 주소·모듈·단자·전원·중간 릴레이를 현장 배선으로 검증,확인 대기,
VR01-V-05,VR01,HMI/통신,HMI 설정 주소·자료형·가공 상태를 온라인 PLC 값으로 검증,확인 대기,
VR02-V-01,VR02,식별/실물,도면 태그·물리 위치·명판을 대조하고 현재 설치/사용 상태 확정,확인 대기,
VR02-V-02,VR02,제어/데이터,원본 네트워크와 관련 설정·접점 극성·주소를 현재 프로젝트로 대조,확인 대기,
VR02-V-03,VR02,시뮬레이션,위 시험안의 기대 결과를 원본 실행 결과로 확정하고 실행 증거 기록,확인 대기,
VR02-V-04,VR02,전기 배선,현재 I/Q 주소·모듈·단자·전원·중간 릴레이를 현장 배선으로 검증,확인 대기,
VR02-V-05,VR02,HMI/통신,HMI 설정 주소·자료형·가공 상태를 온라인 PLC 값으로 검증,확인 대기,
VR03-V-01,VR03,식별/실물,도면 태그·물리 위치·명판을 대조하고 현재 설치/사용 상태 확정,확인 대기,
VR03-V-02,VR03,제어/데이터,원본 네트워크와 관련 설정·접점 극성·주소를 현재 프로젝트로 대조,확인 대기,
VR03-V-03,VR03,시뮬레이션,위 시험안의 기대 결과를 원본 실행 결과로 확정하고 실행 증거 기록,확인 대기,
VR03-V-04,VR03,전기 배선,현재 I/Q 주소·모듈·단자·전원·중간 릴레이를 현장 배선으로 검증,확인 대기,
VR03-V-05,VR03,HMI/통신,HMI 설정 주소·자료형·가공 상태를 온라인 PLC 값으로 검증,확인 대기,
VR04-V-01,VR04,식별/실물,도면 태그·물리 위치·명판을 대조하고 현재 설치/사용 상태 확정,확인 대기,
VR04-V-02,VR04,제어/데이터,원본 네트워크와 관련 설정·접점 극성·주소를 현재 프로젝트로 대조,확인 대기,
VR04-V-03,VR04,시뮬레이션,위 시험안의 기대 결과를 원본 실행 결과로 확정하고 실행 증거 기록,확인 대기,
VR04-V-04,VR04,전기 배선,현재 I/Q 주소·모듈·단자·전원·중간 릴레이를 현장 배선으로 검증,확인 대기,
VR04-V-05,VR04,HMI/통신,HMI 설정 주소·자료형·가공 상태를 온라인 PLC 값으로 검증,확인 대기,
VR05-V-01,VR05,식별/실물,도면 태그·물리 위치·명판을 대조하고 현재 설치/사용 상태 확정,확인 대기,
VR05-V-02,VR05,제어/데이터,원본 네트워크와 관련 설정·접점 극성·주소를 현재 프로젝트로 대조,확인 대기,
VR05-V-03,VR05,시뮬레이션,위 시험안의 기대 결과를 원본 실행 결과로 확정하고 실행 증거 기록,확인 대기,
VR05-V-04,VR05,전기 배선,현재 I/Q 주소·모듈·단자·전원·중간 릴레이를 현장 배선으로 검증,확인 대기,
VR05-V-05,VR05,HMI/통신,HMI 설정 주소·자료형·가공 상태를 온라인 PLC 값으로 검증,확인 대기,
VR06-V-01,VR06,식별/실물,도면 태그·물리 위치·명판을 대조하고 현재 설치/사용 상태 확정,확인 대기,
VR06-V-02,VR06,제어/데이터,원본 네트워크와 관련 설정·접점 극성·주소를 현재 프로젝트로 대조,확인 대기,
VR06-V-03,VR06,시뮬레이션,위 시험안의 기대 결과를 원본 실행 결과로 확정하고 실행 증거 기록,확인 대기,
VR06-V-04,VR06,전기 배선,현재 I/Q 주소·모듈·단자·전원·중간 릴레이를 현장 배선으로 검증,확인 대기,
VR06-V-05,VR06,HMI/통신,HMI 설정 주소·자료형·가공 상태를 온라인 PLC 값으로 검증,확인 대기,
SC01-V-01,SC01,식별/실물,도면 태그·물리 위치·명판을 대조하고 현재 설치/사용 상태 확정,확인 대기,
SC01-V-02,SC01,제어/데이터,원본 네트워크와 관련 설정·접점 극성·주소를 현재 프로젝트로 대조,확인 대기,
SC01-V-03,SC01,시뮬레이션,위 시험안의 기대 결과를 원본 실행 결과로 확정하고 실행 증거 기록,확인 대기,
SC01-V-04,SC01,전기 배선,현재 I/Q 주소·모듈·단자·전원·중간 릴레이를 현장 배선으로 검증,확인 대기,
SC01-V-05,SC01,HMI/통신,HMI 설정 주소·자료형·가공 상태를 온라인 PLC 값으로 검증,확인 대기,
SC10-V-01,SC10,식별/실물,도면 태그·물리 위치·명판을 대조하고 현재 설치/사용 상태 확정,확인 대기,
SC10-V-02,SC10,제어/데이터,원본 네트워크와 관련 설정·접점 극성·주소를 현재 프로젝트로 대조,확인 대기,
SC10-V-03,SC10,시뮬레이션,위 시험안의 기대 결과를 원본 실행 결과로 확정하고 실행 증거 기록,확인 대기,
SC10-V-04,SC10,전기 배선,현재 I/Q 주소·모듈·단자·전원·중간 릴레이를 현장 배선으로 검증,확인 대기,
SC10-V-05,SC10,HMI/통신,HMI 설정 주소·자료형·가공 상태를 온라인 PLC 값으로 검증,확인 대기,
SC11-V-01,SC11,식별/실물,도면 태그·물리 위치·명판을 대조하고 현재 설치/사용 상태 확정,확인 대기,
SC11-V-02,SC11,제어/데이터,원본 네트워크와 관련 설정·접점 극성·주소를 현재 프로젝트로 대조,확인 대기,
SC11-V-03,SC11,시뮬레이션,위 시험안의 기대 결과를 원본 실행 결과로 확정하고 실행 증거 기록,확인 대기,
SC11-V-04,SC11,전기 배선,현재 I/Q 주소·모듈·단자·전원·중간 릴레이를 현장 배선으로 검증,확인 대기,
SC11-V-05,SC11,HMI/통신,HMI 설정 주소·자료형·가공 상태를 온라인 PLC 값으로 검증,확인 대기,
BF01-V-01,BF01,식별/실물,도면 태그·물리 위치·명판을 대조하고 현재 설치/사용 상태 확정,확인 대기,
BF01-V-02,BF01,제어/데이터,원본 네트워크와 관련 설정·접점 극성·주소를 현재 프로젝트로 대조,확인 대기,
BF01-V-03,BF01,시뮬레이션,위 시험안의 기대 결과를 원본 실행 결과로 확정하고 실행 증거 기록,확인 대기,
BF01-V-04,BF01,전기 배선,현재 I/Q 주소·모듈·단자·전원·중간 릴레이를 현장 배선으로 검증,확인 대기,
BF01-V-05,BF01,HMI/통신,HMI 설정 주소·자료형·가공 상태를 온라인 PLC 값으로 검증,확인 대기,
BF02-V-01,BF02,식별/실물,도면 태그·물리 위치·명판을 대조하고 현재 설치/사용 상태 확정,확인 대기,
BF02-V-02,BF02,제어/데이터,원본 네트워크와 관련 설정·접점 극성·주소를 현재 프로젝트로 대조,확인 대기,
BF02-V-03,BF02,시뮬레이션,위 시험안의 기대 결과를 원본 실행 결과로 확정하고 실행 증거 기록,확인 대기,
BF02-V-04,BF02,전기 배선,현재 I/Q 주소·모듈·단자·전원·중간 릴레이를 현장 배선으로 검증,확인 대기,
BF02-V-05,BF02,HMI/통신,HMI 설정 주소·자료형·가공 상태를 온라인 PLC 값으로 검증,확인 대기,
LD01-V-01,LD01,식별/실물,도면 태그·물리 위치·명판을 대조하고 현재 설치/사용 상태 확정,확인 대기,
LD01-V-02,LD01,제어/데이터,원본 네트워크와 관련 설정·접점 극성·주소를 현재 프로젝트로 대조,확인 대기,
LD01-V-03,LD01,시뮬레이션,위 시험안의 기대 결과를 원본 실행 결과로 확정하고 실행 증거 기록,확인 대기,
LD01-V-04,LD01,전기 배선,현재 I/Q 주소·모듈·단자·전원·중간 릴레이를 현장 배선으로 검증,확인 대기,
LD01-V-05,LD01,HMI/통신,HMI 설정 주소·자료형·가공 상태를 온라인 PLC 값으로 검증,확인 대기,
LD01A-V-01,LD01A,식별/실물,도면 태그·물리 위치·명판을 대조하고 현재 설치/사용 상태 확정,확인 대기,
LD01A-V-02,LD01A,제어/데이터,원본 네트워크와 관련 설정·접점 극성·주소를 현재 프로젝트로 대조,확인 대기,
LD01A-V-03,LD01A,시뮬레이션,위 시험안의 기대 결과를 원본 실행 결과로 확정하고 실행 증거 기록,확인 대기,
LD01A-V-04,LD01A,전기 배선,현재 I/Q 주소·모듈·단자·전원·중간 릴레이를 현장 배선으로 검증,확인 대기,
ER01-V-01,ER01,식별/실물,도면 태그·물리 위치·명판을 대조하고 현재 설치/사용 상태 확정,확인 대기,
ER01-V-02,ER01,제어/데이터,원본 네트워크와 관련 설정·접점 극성·주소를 현재 프로젝트로 대조,확인 대기,
ER01-V-03,ER01,시뮬레이션,위 시험안의 기대 결과를 원본 실행 결과로 확정하고 실행 증거 기록,확인 대기,
ER01-V-04,ER01,전기 배선,현재 I/Q 주소·모듈·단자·전원·중간 릴레이를 현장 배선으로 검증,확인 대기,
ER01-V-05,ER01,HMI/통신,HMI 설정 주소·자료형·가공 상태를 온라인 PLC 값으로 검증,확인 대기,
CM01-V-01,CM01,식별/실물,도면 태그·물리 위치·명판을 대조하고 현재 설치/사용 상태 확정,확인 대기,
CM01-V-02,CM01,제어/데이터,원본 네트워크와 관련 설정·접점 극성·주소를 현재 프로젝트로 대조,확인 대기,
CM01-V-03,CM01,시뮬레이션,위 시험안의 기대 결과를 원본 실행 결과로 확정하고 실행 증거 기록,확인 대기,
CM02-V-01,CM02,식별/실물,도면 태그·물리 위치·명판을 대조하고 현재 설치/사용 상태 확정,확인 대기,
CM02-V-02,CM02,제어/데이터,원본 네트워크와 관련 설정·접점 극성·주소를 현재 프로젝트로 대조,확인 대기,
CM02-V-03,CM02,시뮬레이션,위 시험안의 기대 결과를 원본 실행 결과로 확정하고 실행 증거 기록,확인 대기,
CR01-V-01,CR01,식별/실물,도면 태그·물리 위치·명판을 대조하고 현재 설치/사용 상태 확정,확인 대기,
CR01-V-02,CR01,제어/데이터,원본 네트워크와 관련 설정·접점 극성·주소를 현재 프로젝트로 대조,확인 대기,
CR01-V-03,CR01,시뮬레이션,위 시험안의 기대 결과를 원본 실행 결과로 확정하고 실행 증거 기록,확인 대기,
BWF01-V-01,BWF01,식별/실물,도면 태그·물리 위치·명판을 대조하고 현재 설치/사용 상태 확정,확인 대기,
BWF01-V-02,BWF01,제어/데이터,원본 네트워크와 관련 설정·접점 극성·주소를 현재 프로젝트로 대조,확인 대기,
BWF01-V-03,BWF01,시뮬레이션,위 시험안의 기대 결과를 원본 실행 결과로 확정하고 실행 증거 기록,확인 대기,
BWF01-V-04,BWF01,전기 배선,현재 I/Q 주소·모듈·단자·전원·중간 릴레이를 현장 배선으로 검증,확인 대기,
BWF01-V-05,BWF01,HMI/통신,HMI 설정 주소·자료형·가공 상태를 온라인 PLC 값으로 검증,확인 대기,
BWF02-V-01,BWF02,식별/실물,도면 태그·물리 위치·명판을 대조하고 현재 설치/사용 상태 확정,확인 대기,
BWF02-V-02,BWF02,제어/데이터,원본 네트워크와 관련 설정·접점 극성·주소를 현재 프로젝트로 대조,확인 대기,
BWF02-V-03,BWF02,시뮬레이션,위 시험안의 기대 결과를 원본 실행 결과로 확정하고 실행 증거 기록,확인 대기,
BWF02-V-04,BWF02,전기 배선,현재 I/Q 주소·모듈·단자·전원·중간 릴레이를 현장 배선으로 검증,확인 대기,
BWF02-V-05,BWF02,HMI/통신,HMI 설정 주소·자료형·가공 상태를 온라인 PLC 값으로 검증,확인 대기,
LIW-V-01,LIW,식별/실물,도면 태그·물리 위치·명판을 대조하고 현재 설치/사용 상태 확정,확인 대기,
LIW-V-02,LIW,제어/데이터,원본 네트워크와 관련 설정·접점 극성·주소를 현재 프로젝트로 대조,확인 대기,
LIW-V-03,LIW,시뮬레이션,위 시험안의 기대 결과를 원본 실행 결과로 확정하고 실행 증거 기록,확인 대기,
LIW-V-04,LIW,전기 배선,현재 I/Q 주소·모듈·단자·전원·중간 릴레이를 현장 배선으로 검증,확인 대기,
CLIENT-CL01-V-01,CLIENT-CL01,식별/실물,도면 태그·물리 위치·명판을 대조하고 현재 설치/사용 상태 확정,확인 대기,
CLIENT-CL01-V-02,CLIENT-CL01,제어/데이터,원본 네트워크와 관련 설정·접점 극성·주소를 현재 프로젝트로 대조,확인 대기,
CLIENT-CL01-V-03,CLIENT-CL01,시뮬레이션,위 시험안의 기대 결과를 원본 실행 결과로 확정하고 실행 증거 기록,확인 대기,
CLIENT-CL01-V-04,CLIENT-CL01,전기 배선,현재 I/Q 주소·모듈·단자·전원·중간 릴레이를 현장 배선으로 검증,확인 대기,
CLIENT-CL01-V-05,CLIENT-CL01,불일치/특이점,P&ID의 공압 실린더 CL 번호와 다른 이름 공간으로 보관한다.,확인 대기,
CLIENT-CL02-V-01,CLIENT-CL02,식별/실물,도면 태그·물리 위치·명판을 대조하고 현재 설치/사용 상태 확정,확인 대기,
CLIENT-CL02-V-02,CLIENT-CL02,제어/데이터,원본 네트워크와 관련 설정·접점 극성·주소를 현재 프로젝트로 대조,확인 대기,
CLIENT-CL02-V-03,CLIENT-CL02,시뮬레이션,위 시험안의 기대 결과를 원본 실행 결과로 확정하고 실행 증거 기록,확인 대기,
CLIENT-CL02-V-04,CLIENT-CL02,전기 배선,현재 I/Q 주소·모듈·단자·전원·중간 릴레이를 현장 배선으로 검증,확인 대기,
CLIENT-CL02-V-05,CLIENT-CL02,HMI/통신,HMI 설정 주소·자료형·가공 상태를 온라인 PLC 값으로 검증,확인 대기,
CLIENT-CL02-V-06,CLIENT-CL02,불일치/특이점,P&ID의 공압 실린더 CL 번호와 다른 이름 공간으로 보관한다.,확인 대기,
CLIENT-CL03-V-01,CLIENT-CL03,식별/실물,도면 태그·물리 위치·명판을 대조하고 현재 설치/사용 상태 확정,확인 대기,
CLIENT-CL03-V-02,CLIENT-CL03,제어/데이터,원본 네트워크와 관련 설정·접점 극성·주소를 현재 프로젝트로 대조,확인 대기,
CLIENT-CL03-V-03,CLIENT-CL03,시뮬레이션,위 시험안의 기대 결과를 원본 실행 결과로 확정하고 실행 증거 기록,확인 대기,
CLIENT-CL03-V-04,CLIENT-CL03,전기 배선,현재 I/Q 주소·모듈·단자·전원·중간 릴레이를 현장 배선으로 검증,확인 대기,
CLIENT-CL03-V-05,CLIENT-CL03,불일치/특이점,P&ID의 공압 실린더 CL 번호와 다른 이름 공간으로 보관한다.,확인 대기,
CLIENT-CL04-V-01,CLIENT-CL04,식별/실물,도면 태그·물리 위치·명판을 대조하고 현재 설치/사용 상태 확정,확인 대기,
CLIENT-CL04-V-02,CLIENT-CL04,제어/데이터,원본 네트워크와 관련 설정·접점 극성·주소를 현재 프로젝트로 대조,확인 대기,
CLIENT-CL04-V-03,CLIENT-CL04,시뮬레이션,위 시험안의 기대 결과를 원본 실행 결과로 확정하고 실행 증거 기록,확인 대기,
CLIENT-CL04-V-04,CLIENT-CL04,전기 배선,현재 I/Q 주소·모듈·단자·전원·중간 릴레이를 현장 배선으로 검증,확인 대기,
CLIENT-CL04-V-05,CLIENT-CL04,불일치/특이점,P&ID의 공압 실린더 CL 번호와 다른 이름 공간으로 보관한다.,확인 대기,
CLIENT-CL05-V-01,CLIENT-CL05,식별/실물,도면 태그·물리 위치·명판을 대조하고 현재 설치/사용 상태 확정,확인 대기,
CLIENT-CL05-V-02,CLIENT-CL05,제어/데이터,원본 네트워크와 관련 설정·접점 극성·주소를 현재 프로젝트로 대조,확인 대기,
CLIENT-CL05-V-03,CLIENT-CL05,시뮬레이션,위 시험안의 기대 결과를 원본 실행 결과로 확정하고 실행 증거 기록,확인 대기,
CLIENT-CL05-V-04,CLIENT-CL05,전기 배선,현재 I/Q 주소·모듈·단자·전원·중간 릴레이를 현장 배선으로 검증,확인 대기,
CLIENT-CL05-V-05,CLIENT-CL05,불일치/특이점,P&ID의 공압 실린더 CL 번호와 다른 이름 공간으로 보관한다.,확인 대기,
CLIENT-CL06-V-01,CLIENT-CL06,식별/실물,도면 태그·물리 위치·명판을 대조하고 현재 설치/사용 상태 확정,확인 대기,
CLIENT-CL06-V-02,CLIENT-CL06,제어/데이터,원본 네트워크와 관련 설정·접점 극성·주소를 현재 프로젝트로 대조,확인 대기,
CLIENT-CL06-V-03,CLIENT-CL06,시뮬레이션,위 시험안의 기대 결과를 원본 실행 결과로 확정하고 실행 증거 기록,확인 대기,
CLIENT-CL06-V-04,CLIENT-CL06,전기 배선,현재 I/Q 주소·모듈·단자·전원·중간 릴레이를 현장 배선으로 검증,확인 대기,
CLIENT-CL06-V-05,CLIENT-CL06,불일치/특이점,P&ID의 공압 실린더 CL 번호와 다른 이름 공간으로 보관한다.,확인 대기,
CLIENT-CL07-V-01,CLIENT-CL07,식별/실물,도면 태그·물리 위치·명판을 대조하고 현재 설치/사용 상태 확정,확인 대기,
CLIENT-CL07-V-02,CLIENT-CL07,제어/데이터,원본 네트워크와 관련 설정·접점 극성·주소를 현재 프로젝트로 대조,확인 대기,
CLIENT-CL07-V-03,CLIENT-CL07,시뮬레이션,위 시험안의 기대 결과를 원본 실행 결과로 확정하고 실행 증거 기록,확인 대기,
CLIENT-CL07-V-04,CLIENT-CL07,전기 배선,현재 I/Q 주소·모듈·단자·전원·중간 릴레이를 현장 배선으로 검증,확인 대기,
CLIENT-CL07-V-05,CLIENT-CL07,불일치/특이점,P&ID의 공압 실린더 CL 번호와 다른 이름 공간으로 보관한다.,확인 대기,
CLIENT-CL08-V-01,CLIENT-CL08,식별/실물,도면 태그·물리 위치·명판을 대조하고 현재 설치/사용 상태 확정,확인 대기,
CLIENT-CL08-V-02,CLIENT-CL08,제어/데이터,원본 네트워크와 관련 설정·접점 극성·주소를 현재 프로젝트로 대조,확인 대기,
CLIENT-CL08-V-03,CLIENT-CL08,시뮬레이션,위 시험안의 기대 결과를 원본 실행 결과로 확정하고 실행 증거 기록,확인 대기,
CLIENT-CL08-V-04,CLIENT-CL08,전기 배선,현재 I/Q 주소·모듈·단자·전원·중간 릴레이를 현장 배선으로 검증,확인 대기,
CLIENT-CL08-V-05,CLIENT-CL08,불일치/특이점,P&ID의 공압 실린더 CL 번호와 다른 이름 공간으로 보관한다.,확인 대기,
CLIENT-CL09-V-01,CLIENT-CL09,식별/실물,도면 태그·물리 위치·명판을 대조하고 현재 설치/사용 상태 확정,확인 대기,
CLIENT-CL09-V-02,CLIENT-CL09,제어/데이터,원본 네트워크와 관련 설정·접점 극성·주소를 현재 프로젝트로 대조,확인 대기,
CLIENT-CL09-V-03,CLIENT-CL09,시뮬레이션,위 시험안의 기대 결과를 원본 실행 결과로 확정하고 실행 증거 기록,확인 대기,
CLIENT-CL09-V-04,CLIENT-CL09,전기 배선,현재 I/Q 주소·모듈·단자·전원·중간 릴레이를 현장 배선으로 검증,확인 대기,
CLIENT-CL09-V-05,CLIENT-CL09,불일치/특이점,P&ID의 공압 실린더 CL 번호와 다른 이름 공간으로 보관한다.,확인 대기,
CLIENT-CL10-V-01,CLIENT-CL10,식별/실물,도면 태그·물리 위치·명판을 대조하고 현재 설치/사용 상태 확정,확인 대기,
CLIENT-CL10-V-02,CLIENT-CL10,제어/데이터,원본 네트워크와 관련 설정·접점 극성·주소를 현재 프로젝트로 대조,확인 대기,
CLIENT-CL10-V-03,CLIENT-CL10,시뮬레이션,위 시험안의 기대 결과를 원본 실행 결과로 확정하고 실행 증거 기록,확인 대기,
CLIENT-CL10-V-04,CLIENT-CL10,전기 배선,현재 I/Q 주소·모듈·단자·전원·중간 릴레이를 현장 배선으로 검증,확인 대기,
CLIENT-CL10-V-05,CLIENT-CL10,불일치/특이점,P&ID의 공압 실린더 CL 번호와 다른 이름 공간으로 보관한다.,확인 대기,
CLIENT-CL13-V-01,CLIENT-CL13,식별/실물,도면 태그·물리 위치·명판을 대조하고 현재 설치/사용 상태 확정,확인 대기,
CLIENT-CL13-V-02,CLIENT-CL13,제어/데이터,원본 네트워크와 관련 설정·접점 극성·주소를 현재 프로젝트로 대조,확인 대기,
CLIENT-CL13-V-03,CLIENT-CL13,시뮬레이션,위 시험안의 기대 결과를 원본 실행 결과로 확정하고 실행 증거 기록,확인 대기,
CLIENT-CL13-V-04,CLIENT-CL13,전기 배선,현재 I/Q 주소·모듈·단자·전원·중간 릴레이를 현장 배선으로 검증,확인 대기,
CLIENT-CL13-V-05,CLIENT-CL13,불일치/특이점,P&ID의 공압 실린더 CL 번호와 다른 이름 공간으로 보관한다.,확인 대기,
CLIENT-CL14-V-01,CLIENT-CL14,식별/실물,도면 태그·물리 위치·명판을 대조하고 현재 설치/사용 상태 확정,확인 대기,
CLIENT-CL14-V-02,CLIENT-CL14,제어/데이터,원본 네트워크와 관련 설정·접점 극성·주소를 현재 프로젝트로 대조,확인 대기,
CLIENT-CL14-V-03,CLIENT-CL14,시뮬레이션,위 시험안의 기대 결과를 원본 실행 결과로 확정하고 실행 증거 기록,확인 대기,
CLIENT-CL14-V-04,CLIENT-CL14,전기 배선,현재 I/Q 주소·모듈·단자·전원·중간 릴레이를 현장 배선으로 검증,확인 대기,
CLIENT-CL14-V-05,CLIENT-CL14,불일치/특이점,P&ID의 공압 실린더 CL 번호와 다른 이름 공간으로 보관한다.,확인 대기,
CLIENT-CL15-V-01,CLIENT-CL15,식별/실물,도면 태그·물리 위치·명판을 대조하고 현재 설치/사용 상태 확정,확인 대기,
CLIENT-CL15-V-02,CLIENT-CL15,제어/데이터,원본 네트워크와 관련 설정·접점 극성·주소를 현재 프로젝트로 대조,확인 대기,
CLIENT-CL15-V-03,CLIENT-CL15,시뮬레이션,위 시험안의 기대 결과를 원본 실행 결과로 확정하고 실행 증거 기록,확인 대기,
CLIENT-CL15-V-04,CLIENT-CL15,전기 배선,현재 I/Q 주소·모듈·단자·전원·중간 릴레이를 현장 배선으로 검증,확인 대기,
CLIENT-CL15-V-05,CLIENT-CL15,불일치/특이점,P&ID의 공압 실린더 CL 번호와 다른 이름 공간으로 보관한다.,확인 대기,
CLIENT-CL16-V-01,CLIENT-CL16,식별/실물,도면 태그·물리 위치·명판을 대조하고 현재 설치/사용 상태 확정,확인 대기,
CLIENT-CL16-V-02,CLIENT-CL16,제어/데이터,원본 네트워크와 관련 설정·접점 극성·주소를 현재 프로젝트로 대조,확인 대기,
CLIENT-CL16-V-03,CLIENT-CL16,시뮬레이션,위 시험안의 기대 결과를 원본 실행 결과로 확정하고 실행 증거 기록,확인 대기,
CLIENT-CL16-V-04,CLIENT-CL16,전기 배선,현재 I/Q 주소·모듈·단자·전원·중간 릴레이를 현장 배선으로 검증,확인 대기,
CLIENT-CL16-V-05,CLIENT-CL16,불일치/특이점,P&ID의 공압 실린더 CL 번호와 다른 이름 공간으로 보관한다.,확인 대기,
CLIENT-CL17-V-01,CLIENT-CL17,식별/실물,도면 태그·물리 위치·명판을 대조하고 현재 설치/사용 상태 확정,확인 대기,
CLIENT-CL17-V-02,CLIENT-CL17,제어/데이터,원본 네트워크와 관련 설정·접점 극성·주소를 현재 프로젝트로 대조,확인 대기,
CLIENT-CL17-V-03,CLIENT-CL17,시뮬레이션,위 시험안의 기대 결과를 원본 실행 결과로 확정하고 실행 증거 기록,확인 대기,
CLIENT-CL17-V-04,CLIENT-CL17,전기 배선,현재 I/Q 주소·모듈·단자·전원·중간 릴레이를 현장 배선으로 검증,확인 대기,
CLIENT-CL17-V-05,CLIENT-CL17,불일치/특이점,P&ID의 공압 실린더 CL 번호와 다른 이름 공간으로 보관한다.,확인 대기,
CLIENT-CL18-V-01,CLIENT-CL18,식별/실물,도면 태그·물리 위치·명판을 대조하고 현재 설치/사용 상태 확정,확인 대기,
CLIENT-CL18-V-02,CLIENT-CL18,제어/데이터,원본 네트워크와 관련 설정·접점 극성·주소를 현재 프로젝트로 대조,확인 대기,
CLIENT-CL18-V-03,CLIENT-CL18,시뮬레이션,위 시험안의 기대 결과를 원본 실행 결과로 확정하고 실행 증거 기록,확인 대기,
CLIENT-CL18-V-04,CLIENT-CL18,전기 배선,현재 I/Q 주소·모듈·단자·전원·중간 릴레이를 현장 배선으로 검증,확인 대기,
CLIENT-CL18-V-05,CLIENT-CL18,불일치/특이점,P&ID의 공압 실린더 CL 번호와 다른 이름 공간으로 보관한다.,확인 대기,
CLIENT-CL19-V-01,CLIENT-CL19,식별/실물,도면 태그·물리 위치·명판을 대조하고 현재 설치/사용 상태 확정,확인 대기,
CLIENT-CL19-V-02,CLIENT-CL19,제어/데이터,원본 네트워크와 관련 설정·접점 극성·주소를 현재 프로젝트로 대조,확인 대기,
CLIENT-CL19-V-03,CLIENT-CL19,시뮬레이션,위 시험안의 기대 결과를 원본 실행 결과로 확정하고 실행 증거 기록,확인 대기,
CLIENT-CL19-V-04,CLIENT-CL19,전기 배선,현재 I/Q 주소·모듈·단자·전원·중간 릴레이를 현장 배선으로 검증,확인 대기,
CLIENT-CL19-V-05,CLIENT-CL19,HMI/통신,HMI 설정 주소·자료형·가공 상태를 온라인 PLC 값으로 검증,확인 대기,
CLIENT-CL19-V-06,CLIENT-CL19,불일치/특이점,P&ID의 공압 실린더 CL 번호와 다른 이름 공간으로 보관한다.,확인 대기,
TC01-V-01,TC01,식별/실물,도면 태그·물리 위치·명판을 대조하고 현재 설치/사용 상태 확정,확인 대기,
TC01-V-02,TC01,제어/데이터,원본 네트워크와 관련 설정·접점 극성·주소를 현재 프로젝트로 대조,확인 대기,
TC01-V-03,TC01,시뮬레이션,위 시험안의 기대 결과를 원본 실행 결과로 확정하고 실행 증거 기록,확인 대기,
TC01-V-04,TC01,전기 배선,현재 I/Q 주소·모듈·단자·전원·중간 릴레이를 현장 배선으로 검증,확인 대기,
TC01-V-05,TC01,HMI/통신,HMI 설정 주소·자료형·가공 상태를 온라인 PLC 값으로 검증,확인 대기,
TC02-V-01,TC02,식별/실물,도면 태그·물리 위치·명판을 대조하고 현재 설치/사용 상태 확정,확인 대기,
TC02-V-02,TC02,제어/데이터,원본 네트워크와 관련 설정·접점 극성·주소를 현재 프로젝트로 대조,확인 대기,
TC02-V-03,TC02,시뮬레이션,위 시험안의 기대 결과를 원본 실행 결과로 확정하고 실행 증거 기록,확인 대기,
TC02-V-04,TC02,전기 배선,현재 I/Q 주소·모듈·단자·전원·중간 릴레이를 현장 배선으로 검증,확인 대기,
TC02-V-05,TC02,HMI/통신,HMI 설정 주소·자료형·가공 상태를 온라인 PLC 값으로 검증,확인 대기,
TC03-V-01,TC03,식별/실물,도면 태그·물리 위치·명판을 대조하고 현재 설치/사용 상태 확정,확인 대기,
TC03-V-02,TC03,제어/데이터,원본 네트워크와 관련 설정·접점 극성·주소를 현재 프로젝트로 대조,확인 대기,
TC03-V-03,TC03,시뮬레이션,위 시험안의 기대 결과를 원본 실행 결과로 확정하고 실행 증거 기록,확인 대기,
TC03-V-04,TC03,전기 배선,현재 I/Q 주소·모듈·단자·전원·중간 릴레이를 현장 배선으로 검증,확인 대기,
TC03-V-05,TC03,HMI/통신,HMI 설정 주소·자료형·가공 상태를 온라인 PLC 값으로 검증,확인 대기,
TC04-V-01,TC04,식별/실물,도면 태그·물리 위치·명판을 대조하고 현재 설치/사용 상태 확정,확인 대기,
TC04-V-02,TC04,제어/데이터,원본 네트워크와 관련 설정·접점 극성·주소를 현재 프로젝트로 대조,확인 대기,
TC04-V-03,TC04,시뮬레이션,위 시험안의 기대 결과를 원본 실행 결과로 확정하고 실행 증거 기록,확인 대기,
TC04-V-04,TC04,전기 배선,현재 I/Q 주소·모듈·단자·전원·중간 릴레이를 현장 배선으로 검증,확인 대기,
TC04-V-05,TC04,HMI/통신,HMI 설정 주소·자료형·가공 상태를 온라인 PLC 값으로 검증,확인 대기,
TC05-V-01,TC05,식별/실물,도면 태그·물리 위치·명판을 대조하고 현재 설치/사용 상태 확정,확인 대기,
TC05-V-02,TC05,제어/데이터,원본 네트워크와 관련 설정·접점 극성·주소를 현재 프로젝트로 대조,확인 대기,
TC05-V-03,TC05,시뮬레이션,위 시험안의 기대 결과를 원본 실행 결과로 확정하고 실행 증거 기록,확인 대기,
TC05-V-04,TC05,전기 배선,현재 I/Q 주소·모듈·단자·전원·중간 릴레이를 현장 배선으로 검증,확인 대기,
TC05-V-05,TC05,HMI/통신,HMI 설정 주소·자료형·가공 상태를 온라인 PLC 값으로 검증,확인 대기,
TC06-V-01,TC06,식별/실물,도면 태그·물리 위치·명판을 대조하고 현재 설치/사용 상태 확정,확인 대기,
TC06-V-02,TC06,제어/데이터,원본 네트워크와 관련 설정·접점 극성·주소를 현재 프로젝트로 대조,확인 대기,
TC06-V-03,TC06,시뮬레이션,위 시험안의 기대 결과를 원본 실행 결과로 확정하고 실행 증거 기록,확인 대기,
TC06-V-04,TC06,전기 배선,현재 I/Q 주소·모듈·단자·전원·중간 릴레이를 현장 배선으로 검증,확인 대기,
TC06-V-05,TC06,HMI/통신,HMI 설정 주소·자료형·가공 상태를 온라인 PLC 값으로 검증,확인 대기,
TC07-V-01,TC07,식별/실물,도면 태그·물리 위치·명판을 대조하고 현재 설치/사용 상태 확정,확인 대기,
TC07-V-02,TC07,제어/데이터,원본 네트워크와 관련 설정·접점 극성·주소를 현재 프로젝트로 대조,확인 대기,
TC07-V-03,TC07,시뮬레이션,위 시험안의 기대 결과를 원본 실행 결과로 확정하고 실행 증거 기록,확인 대기,
TC07-V-04,TC07,전기 배선,현재 I/Q 주소·모듈·단자·전원·중간 릴레이를 현장 배선으로 검증,확인 대기,
TC07-V-05,TC07,HMI/통신,HMI 설정 주소·자료형·가공 상태를 온라인 PLC 값으로 검증,확인 대기,
TC09-V-01,TC09,식별/실물,도면 태그·물리 위치·명판을 대조하고 현재 설치/사용 상태 확정,확인 대기,
TC09-V-02,TC09,제어/데이터,원본 네트워크와 관련 설정·접점 극성·주소를 현재 프로젝트로 대조,확인 대기,
TC09-V-03,TC09,시뮬레이션,위 시험안의 기대 결과를 원본 실행 결과로 확정하고 실행 증거 기록,확인 대기,
TC09-V-04,TC09,전기 배선,현재 I/Q 주소·모듈·단자·전원·중간 릴레이를 현장 배선으로 검증,확인 대기,
TC10-V-01,TC10,식별/실물,도면 태그·물리 위치·명판을 대조하고 현재 설치/사용 상태 확정,확인 대기,
TC10-V-02,TC10,제어/데이터,원본 네트워크와 관련 설정·접점 극성·주소를 현재 프로젝트로 대조,확인 대기,
TC10-V-03,TC10,시뮬레이션,위 시험안의 기대 결과를 원본 실행 결과로 확정하고 실행 증거 기록,확인 대기,
TC10-V-04,TC10,전기 배선,현재 I/Q 주소·모듈·단자·전원·중간 릴레이를 현장 배선으로 검증,확인 대기,
TC11-V-01,TC11,식별/실물,도면 태그·물리 위치·명판을 대조하고 현재 설치/사용 상태 확정,확인 대기,
TC11-V-02,TC11,제어/데이터,원본 네트워크와 관련 설정·접점 극성·주소를 현재 프로젝트로 대조,확인 대기,
TC11-V-03,TC11,시뮬레이션,위 시험안의 기대 결과를 원본 실행 결과로 확정하고 실행 증거 기록,확인 대기,
RO01-V-01,RO01,식별/실물,도면 태그·물리 위치·명판을 대조하고 현재 설치/사용 상태 확정,확인 대기,
RO01-V-02,RO01,제어/데이터,원본 네트워크와 관련 설정·접점 극성·주소를 현재 프로젝트로 대조,확인 대기,
RO01-V-03,RO01,시뮬레이션,위 시험안의 기대 결과를 원본 실행 결과로 확정하고 실행 증거 기록,확인 대기,
RO01-V-04,RO01,전기 배선,현재 I/Q 주소·모듈·단자·전원·중간 릴레이를 현장 배선으로 검증,확인 대기,
RO01-V-05,RO01,HMI/통신,HMI 설정 주소·자료형·가공 상태를 온라인 PLC 값으로 검증,확인 대기,
RO02-V-01,RO02,식별/실물,도면 태그·물리 위치·명판을 대조하고 현재 설치/사용 상태 확정,확인 대기,
RO02-V-02,RO02,제어/데이터,원본 네트워크와 관련 설정·접점 극성·주소를 현재 프로젝트로 대조,확인 대기,
RO02-V-03,RO02,시뮬레이션,위 시험안의 기대 결과를 원본 실행 결과로 확정하고 실행 증거 기록,확인 대기,
RO02-V-04,RO02,전기 배선,현재 I/Q 주소·모듈·단자·전원·중간 릴레이를 현장 배선으로 검증,확인 대기,
RO02-V-05,RO02,HMI/통신,HMI 설정 주소·자료형·가공 상태를 온라인 PLC 값으로 검증,확인 대기,
RO03-V-01,RO03,식별/실물,도면 태그·물리 위치·명판을 대조하고 현재 설치/사용 상태 확정,확인 대기,
RO03-V-02,RO03,제어/데이터,원본 네트워크와 관련 설정·접점 극성·주소를 현재 프로젝트로 대조,확인 대기,
RO03-V-03,RO03,시뮬레이션,위 시험안의 기대 결과를 원본 실행 결과로 확정하고 실행 증거 기록,확인 대기,
RO03-V-04,RO03,전기 배선,현재 I/Q 주소·모듈·단자·전원·중간 릴레이를 현장 배선으로 검증,확인 대기,
RO03-V-05,RO03,HMI/통신,HMI 설정 주소·자료형·가공 상태를 온라인 PLC 값으로 검증,확인 대기,
RO04-V-01,RO04,식별/실물,도면 태그·물리 위치·명판을 대조하고 현재 설치/사용 상태 확정,확인 대기,
RO04-V-02,RO04,제어/데이터,원본 네트워크와 관련 설정·접점 극성·주소를 현재 프로젝트로 대조,확인 대기,
RO04-V-03,RO04,시뮬레이션,위 시험안의 기대 결과를 원본 실행 결과로 확정하고 실행 증거 기록,확인 대기,
RO04-V-04,RO04,전기 배선,현재 I/Q 주소·모듈·단자·전원·중간 릴레이를 현장 배선으로 검증,확인 대기,
RO04-V-05,RO04,HMI/통신,HMI 설정 주소·자료형·가공 상태를 온라인 PLC 값으로 검증,확인 대기,
PSH01-V-01,PSH01,식별/실물,도면 태그·물리 위치·명판을 대조하고 현재 설치/사용 상태 확정,확인 대기,
PSH01-V-02,PSH01,제어/데이터,원본 네트워크와 관련 설정·접점 극성·주소를 현재 프로젝트로 대조,확인 대기,
PSH01-V-03,PSH01,시뮬레이션,위 시험안의 기대 결과를 원본 실행 결과로 확정하고 실행 증거 기록,확인 대기,
PSH01-V-04,PSH01,전기 배선,현재 I/Q 주소·모듈·단자·전원·중간 릴레이를 현장 배선으로 검증,확인 대기,
PSH01-V-05,PSH01,HMI/통신,HMI 설정 주소·자료형·가공 상태를 온라인 PLC 값으로 검증,확인 대기,
PSH02-V-01,PSH02,식별/실물,도면 태그·물리 위치·명판을 대조하고 현재 설치/사용 상태 확정,확인 대기,
PSH02-V-02,PSH02,제어/데이터,원본 네트워크와 관련 설정·접점 극성·주소를 현재 프로젝트로 대조,확인 대기,
PSH02-V-03,PSH02,시뮬레이션,위 시험안의 기대 결과를 원본 실행 결과로 확정하고 실행 증거 기록,확인 대기,
PSH02-V-04,PSH02,전기 배선,현재 I/Q 주소·모듈·단자·전원·중간 릴레이를 현장 배선으로 검증,확인 대기,
PSH02-V-05,PSH02,HMI/통신,HMI 설정 주소·자료형·가공 상태를 온라인 PLC 값으로 검증,확인 대기,
PSH03-V-01,PSH03,식별/실물,도면 태그·물리 위치·명판을 대조하고 현재 설치/사용 상태 확정,확인 대기,
PSH03-V-02,PSH03,제어/데이터,원본 네트워크와 관련 설정·접점 극성·주소를 현재 프로젝트로 대조,확인 대기,
PSH03-V-03,PSH03,시뮬레이션,위 시험안의 기대 결과를 원본 실행 결과로 확정하고 실행 증거 기록,확인 대기,
PSH03-V-04,PSH03,전기 배선,현재 I/Q 주소·모듈·단자·전원·중간 릴레이를 현장 배선으로 검증,확인 대기,
PSH03-V-05,PSH03,HMI/통신,HMI 설정 주소·자료형·가공 상태를 온라인 PLC 값으로 검증,확인 대기,
PC01-V-01,PC01,식별/실물,도면 태그·물리 위치·명판을 대조하고 현재 설치/사용 상태 확정,확인 대기,
PC01-V-02,PC01,제어/데이터,원본 네트워크와 관련 설정·접점 극성·주소를 현재 프로젝트로 대조,확인 대기,
PC01-V-03,PC01,시뮬레이션,위 시험안의 기대 결과를 원본 실행 결과로 확정하고 실행 증거 기록,확인 대기,
PC01-V-04,PC01,전기 배선,현재 I/Q 주소·모듈·단자·전원·중간 릴레이를 현장 배선으로 검증,확인 대기,
PC01-V-05,PC01,HMI/통신,HMI 설정 주소·자료형·가공 상태를 온라인 PLC 값으로 검증,확인 대기,
PC02-V-01,PC02,식별/실물,도면 태그·물리 위치·명판을 대조하고 현재 설치/사용 상태 확정,확인 대기,
PC02-V-02,PC02,제어/데이터,원본 네트워크와 관련 설정·접점 극성·주소를 현재 프로젝트로 대조,확인 대기,
PC02-V-03,PC02,시뮬레이션,위 시험안의 기대 결과를 원본 실행 결과로 확정하고 실행 증거 기록,확인 대기,
DP01-V-01,DP01,식별/실물,도면 태그·물리 위치·명판을 대조하고 현재 설치/사용 상태 확정,확인 대기,
DP01-V-02,DP01,제어/데이터,원본 네트워크와 관련 설정·접점 극성·주소를 현재 프로젝트로 대조,확인 대기,
DP01-V-03,DP01,시뮬레이션,위 시험안의 기대 결과를 원본 실행 결과로 확정하고 실행 증거 기록,확인 대기,
DP01-V-04,DP01,전기 배선,현재 I/Q 주소·모듈·단자·전원·중간 릴레이를 현장 배선으로 검증,확인 대기,
DP02-V-01,DP02,식별/실물,도면 태그·물리 위치·명판을 대조하고 현재 설치/사용 상태 확정,확인 대기,
DP02-V-02,DP02,제어/데이터,원본 네트워크와 관련 설정·접점 극성·주소를 현재 프로젝트로 대조,확인 대기,
DP02-V-03,DP02,시뮬레이션,위 시험안의 기대 결과를 원본 실행 결과로 확정하고 실행 증거 기록,확인 대기,
DP02-V-04,DP02,전기 배선,현재 I/Q 주소·모듈·단자·전원·중간 릴레이를 현장 배선으로 검증,확인 대기,
ZT01-V-01,ZT01,식별/실물,도면 태그·물리 위치·명판을 대조하고 현재 설치/사용 상태 확정,확인 대기,
ZT01-V-02,ZT01,제어/데이터,원본 네트워크와 관련 설정·접점 극성·주소를 현재 프로젝트로 대조,확인 대기,
ZT01-V-03,ZT01,시뮬레이션,위 시험안의 기대 결과를 원본 실행 결과로 확정하고 실행 증거 기록,확인 대기,
ZT01-V-04,ZT01,전기 배선,현재 I/Q 주소·모듈·단자·전원·중간 릴레이를 현장 배선으로 검증,확인 대기,
ZT01-V-05,ZT01,HMI/통신,HMI 설정 주소·자료형·가공 상태를 온라인 PLC 값으로 검증,확인 대기,
ZT02-V-01,ZT02,식별/실물,도면 태그·물리 위치·명판을 대조하고 현재 설치/사용 상태 확정,확인 대기,
ZT02-V-02,ZT02,제어/데이터,원본 네트워크와 관련 설정·접점 극성·주소를 현재 프로젝트로 대조,확인 대기,
ZT02-V-03,ZT02,시뮬레이션,위 시험안의 기대 결과를 원본 실행 결과로 확정하고 실행 증거 기록,확인 대기,
ZT03-V-01,ZT03,식별/실물,도면 태그·물리 위치·명판을 대조하고 현재 설치/사용 상태 확정,확인 대기,
ZT03-V-02,ZT03,제어/데이터,원본 네트워크와 관련 설정·접점 극성·주소를 현재 프로젝트로 대조,확인 대기,
ZT03-V-03,ZT03,시뮬레이션,위 시험안의 기대 결과를 원본 실행 결과로 확정하고 실행 증거 기록,확인 대기,
ZT04-V-01,ZT04,식별/실물,도면 태그·물리 위치·명판을 대조하고 현재 설치/사용 상태 확정,확인 대기,
ZT04-V-02,ZT04,제어/데이터,원본 네트워크와 관련 설정·접점 극성·주소를 현재 프로젝트로 대조,확인 대기,
ZT04-V-03,ZT04,시뮬레이션,위 시험안의 기대 결과를 원본 실행 결과로 확정하고 실행 증거 기록,확인 대기,
ZT05-V-01,ZT05,식별/실물,도면 태그·물리 위치·명판을 대조하고 현재 설치/사용 상태 확정,확인 대기,
ZT05-V-02,ZT05,제어/데이터,원본 네트워크와 관련 설정·접점 극성·주소를 현재 프로젝트로 대조,확인 대기,
ZT05-V-03,ZT05,시뮬레이션,위 시험안의 기대 결과를 원본 실행 결과로 확정하고 실행 증거 기록,확인 대기,
ZT06-V-01,ZT06,식별/실물,도면 태그·물리 위치·명판을 대조하고 현재 설치/사용 상태 확정,확인 대기,
ZT06-V-02,ZT06,제어/데이터,원본 네트워크와 관련 설정·접점 극성·주소를 현재 프로젝트로 대조,확인 대기,
ZT06-V-03,ZT06,시뮬레이션,위 시험안의 기대 결과를 원본 실행 결과로 확정하고 실행 증거 기록,확인 대기,
LT01-V-01,LT01,식별/실물,도면 태그·물리 위치·명판을 대조하고 현재 설치/사용 상태 확정,확인 대기,
LT01-V-02,LT01,제어/데이터,원본 네트워크와 관련 설정·접점 극성·주소를 현재 프로젝트로 대조,확인 대기,
LT01-V-03,LT01,시뮬레이션,위 시험안의 기대 결과를 원본 실행 결과로 확정하고 실행 증거 기록,확인 대기,
LT01-V-04,LT01,전기 배선,현재 I/Q 주소·모듈·단자·전원·중간 릴레이를 현장 배선으로 검증,확인 대기,
SS01-V-01,SS01,식별/실물,도면 태그·물리 위치·명판을 대조하고 현재 설치/사용 상태 확정,확인 대기,
SS01-V-02,SS01,제어/데이터,원본 네트워크와 관련 설정·접점 극성·주소를 현재 프로젝트로 대조,확인 대기,
SS01-V-03,SS01,시뮬레이션,위 시험안의 기대 결과를 원본 실행 결과로 확정하고 실행 증거 기록,확인 대기,
SS01-V-04,SS01,전기 배선,현재 I/Q 주소·모듈·단자·전원·중간 릴레이를 현장 배선으로 검증,확인 대기,
SS09-V-01,SS09,식별/실물,도면 태그·물리 위치·명판을 대조하고 현재 설치/사용 상태 확정,확인 대기,
SS09-V-02,SS09,제어/데이터,원본 네트워크와 관련 설정·접점 극성·주소를 현재 프로젝트로 대조,확인 대기,
SS09-V-03,SS09,시뮬레이션,위 시험안의 기대 결과를 원본 실행 결과로 확정하고 실행 증거 기록,확인 대기,
SS09-V-04,SS09,전기 배선,현재 I/Q 주소·모듈·단자·전원·중간 릴레이를 현장 배선으로 검증,확인 대기,
SS10-V-01,SS10,식별/실물,도면 태그·물리 위치·명판을 대조하고 현재 설치/사용 상태 확정,확인 대기,
SS10-V-02,SS10,제어/데이터,원본 네트워크와 관련 설정·접점 극성·주소를 현재 프로젝트로 대조,확인 대기,
SS10-V-03,SS10,시뮬레이션,위 시험안의 기대 결과를 원본 실행 결과로 확정하고 실행 증거 기록,확인 대기,
SS10-V-04,SS10,전기 배선,현재 I/Q 주소·모듈·단자·전원·중간 릴레이를 현장 배선으로 검증,확인 대기,
SS11-V-01,SS11,식별/실물,도면 태그·물리 위치·명판을 대조하고 현재 설치/사용 상태 확정,확인 대기,
SS11-V-02,SS11,제어/데이터,원본 네트워크와 관련 설정·접점 극성·주소를 현재 프로젝트로 대조,확인 대기,
SS11-V-03,SS11,시뮬레이션,위 시험안의 기대 결과를 원본 실행 결과로 확정하고 실행 증거 기록,확인 대기,
SS11-V-04,SS11,전기 배선,현재 I/Q 주소·모듈·단자·전원·중간 릴레이를 현장 배선으로 검증,확인 대기,
PSL05-V-01,PSL05,식별/실물,도면 태그·물리 위치·명판을 대조하고 현재 설치/사용 상태 확정,확인 대기,
PSL05-V-02,PSL05,제어/데이터,원본 네트워크와 관련 설정·접점 극성·주소를 현재 프로젝트로 대조,확인 대기,
PSL05-V-03,PSL05,시뮬레이션,위 시험안의 기대 결과를 원본 실행 결과로 확정하고 실행 증거 기록,확인 대기,
PSL05-V-04,PSL05,전기 배선,현재 I/Q 주소·모듈·단자·전원·중간 릴레이를 현장 배선으로 검증,확인 대기,
EV01-V-01,EV01,식별/실물,도면 태그·물리 위치·명판을 대조하고 현재 설치/사용 상태 확정,확인 대기,
EV01-V-02,EV01,제어/데이터,원본 네트워크와 관련 설정·접점 극성·주소를 현재 프로젝트로 대조,확인 대기,
EV01-V-03,EV01,시뮬레이션,위 시험안의 기대 결과를 원본 실행 결과로 확정하고 실행 증거 기록,확인 대기,
EV01-V-04,EV01,전기 배선,현재 I/Q 주소·모듈·단자·전원·중간 릴레이를 현장 배선으로 검증,확인 대기,
EV02-V-01,EV02,식별/실물,도면 태그·물리 위치·명판을 대조하고 현재 설치/사용 상태 확정,확인 대기,
EV02-V-02,EV02,제어/데이터,원본 네트워크와 관련 설정·접점 극성·주소를 현재 프로젝트로 대조,확인 대기,
EV02-V-03,EV02,시뮬레이션,위 시험안의 기대 결과를 원본 실행 결과로 확정하고 실행 증거 기록,확인 대기,
EV02-V-04,EV02,전기 배선,현재 I/Q 주소·모듈·단자·전원·중간 릴레이를 현장 배선으로 검증,확인 대기,
EV03-V-01,EV03,식별/실물,도면 태그·물리 위치·명판을 대조하고 현재 설치/사용 상태 확정,확인 대기,
EV03-V-02,EV03,제어/데이터,원본 네트워크와 관련 설정·접점 극성·주소를 현재 프로젝트로 대조,확인 대기,
EV03-V-03,EV03,시뮬레이션,위 시험안의 기대 결과를 원본 실행 결과로 확정하고 실행 증거 기록,확인 대기,
EV03-V-04,EV03,전기 배선,현재 I/Q 주소·모듈·단자·전원·중간 릴레이를 현장 배선으로 검증,확인 대기,
EV03-V-05,EV03,HMI/통신,HMI 설정 주소·자료형·가공 상태를 온라인 PLC 값으로 검증,확인 대기,
EV04-V-01,EV04,식별/실물,도면 태그·물리 위치·명판을 대조하고 현재 설치/사용 상태 확정,확인 대기,
EV04-V-02,EV04,제어/데이터,원본 네트워크와 관련 설정·접점 극성·주소를 현재 프로젝트로 대조,확인 대기,
EV04-V-03,EV04,시뮬레이션,위 시험안의 기대 결과를 원본 실행 결과로 확정하고 실행 증거 기록,확인 대기,
EV04-V-04,EV04,전기 배선,현재 I/Q 주소·모듈·단자·전원·중간 릴레이를 현장 배선으로 검증,확인 대기,
EV05-V-01,EV05,식별/실물,도면 태그·물리 위치·명판을 대조하고 현재 설치/사용 상태 확정,확인 대기,
EV05-V-02,EV05,제어/데이터,원본 네트워크와 관련 설정·접점 극성·주소를 현재 프로젝트로 대조,확인 대기,
EV05-V-03,EV05,시뮬레이션,위 시험안의 기대 결과를 원본 실행 결과로 확정하고 실행 증거 기록,확인 대기,
EV05-V-04,EV05,전기 배선,현재 I/Q 주소·모듈·단자·전원·중간 릴레이를 현장 배선으로 검증,확인 대기,
EV06-V-01,EV06,식별/실물,도면 태그·물리 위치·명판을 대조하고 현재 설치/사용 상태 확정,확인 대기,
EV06-V-02,EV06,제어/데이터,원본 네트워크와 관련 설정·접점 극성·주소를 현재 프로젝트로 대조,확인 대기,
EV06-V-03,EV06,시뮬레이션,위 시험안의 기대 결과를 원본 실행 결과로 확정하고 실행 증거 기록,확인 대기,
EV06-V-04,EV06,전기 배선,현재 I/Q 주소·모듈·단자·전원·중간 릴레이를 현장 배선으로 검증,확인 대기,
EV07-V-01,EV07,식별/실물,도면 태그·물리 위치·명판을 대조하고 현재 설치/사용 상태 확정,확인 대기,
EV07-V-02,EV07,제어/데이터,원본 네트워크와 관련 설정·접점 극성·주소를 현재 프로젝트로 대조,확인 대기,
EV07-V-03,EV07,시뮬레이션,위 시험안의 기대 결과를 원본 실행 결과로 확정하고 실행 증거 기록,확인 대기,
EV07-V-04,EV07,전기 배선,현재 I/Q 주소·모듈·단자·전원·중간 릴레이를 현장 배선으로 검증,확인 대기,
EV11-V-01,EV11,식별/실물,도면 태그·물리 위치·명판을 대조하고 현재 설치/사용 상태 확정,확인 대기,
EV11-V-02,EV11,제어/데이터,원본 네트워크와 관련 설정·접점 극성·주소를 현재 프로젝트로 대조,확인 대기,
EV11-V-03,EV11,시뮬레이션,위 시험안의 기대 결과를 원본 실행 결과로 확정하고 실행 증거 기록,확인 대기,
EV11-V-04,EV11,전기 배선,현재 I/Q 주소·모듈·단자·전원·중간 릴레이를 현장 배선으로 검증,확인 대기,
EV12-V-01,EV12,식별/실물,도면 태그·물리 위치·명판을 대조하고 현재 설치/사용 상태 확정,확인 대기,
EV12-V-02,EV12,제어/데이터,원본 네트워크와 관련 설정·접점 극성·주소를 현재 프로젝트로 대조,확인 대기,
EV12-V-03,EV12,시뮬레이션,위 시험안의 기대 결과를 원본 실행 결과로 확정하고 실행 증거 기록,확인 대기,
EV12-V-04,EV12,전기 배선,현재 I/Q 주소·모듈·단자·전원·중간 릴레이를 현장 배선으로 검증,확인 대기,
EV13-V-01,EV13,식별/실물,도면 태그·물리 위치·명판을 대조하고 현재 설치/사용 상태 확정,확인 대기,
EV13-V-02,EV13,제어/데이터,원본 네트워크와 관련 설정·접점 극성·주소를 현재 프로젝트로 대조,확인 대기,
EV13-V-03,EV13,시뮬레이션,위 시험안의 기대 결과를 원본 실행 결과로 확정하고 실행 증거 기록,확인 대기,
EV13-V-04,EV13,전기 배선,현재 I/Q 주소·모듈·단자·전원·중간 릴레이를 현장 배선으로 검증,확인 대기,
EV14-V-01,EV14,식별/실물,도면 태그·물리 위치·명판을 대조하고 현재 설치/사용 상태 확정,확인 대기,
EV14-V-02,EV14,제어/데이터,원본 네트워크와 관련 설정·접점 극성·주소를 현재 프로젝트로 대조,확인 대기,
EV14-V-03,EV14,시뮬레이션,위 시험안의 기대 결과를 원본 실행 결과로 확정하고 실행 증거 기록,확인 대기,
EV14-V-04,EV14,전기 배선,현재 I/Q 주소·모듈·단자·전원·중간 릴레이를 현장 배선으로 검증,확인 대기,
EV15-V-01,EV15,식별/실물,도면 태그·물리 위치·명판을 대조하고 현재 설치/사용 상태 확정,확인 대기,
EV15-V-02,EV15,제어/데이터,원본 네트워크와 관련 설정·접점 극성·주소를 현재 프로젝트로 대조,확인 대기,
EV15-V-03,EV15,시뮬레이션,위 시험안의 기대 결과를 원본 실행 결과로 확정하고 실행 증거 기록,확인 대기,
EV15-V-04,EV15,전기 배선,현재 I/Q 주소·모듈·단자·전원·중간 릴레이를 현장 배선으로 검증,확인 대기,
EV16-V-01,EV16,식별/실물,도면 태그·물리 위치·명판을 대조하고 현재 설치/사용 상태 확정,확인 대기,
EV16-V-02,EV16,제어/데이터,원본 네트워크와 관련 설정·접점 극성·주소를 현재 프로젝트로 대조,확인 대기,
EV16-V-03,EV16,시뮬레이션,위 시험안의 기대 결과를 원본 실행 결과로 확정하고 실행 증거 기록,확인 대기,
EV16-V-04,EV16,전기 배선,현재 I/Q 주소·모듈·단자·전원·중간 릴레이를 현장 배선으로 검증,확인 대기,
EV17-V-01,EV17,식별/실물,도면 태그·물리 위치·명판을 대조하고 현재 설치/사용 상태 확정,확인 대기,
EV17-V-02,EV17,제어/데이터,원본 네트워크와 관련 설정·접점 극성·주소를 현재 프로젝트로 대조,확인 대기,
EV17-V-03,EV17,시뮬레이션,위 시험안의 기대 결과를 원본 실행 결과로 확정하고 실행 증거 기록,확인 대기,
EV17-V-04,EV17,전기 배선,현재 I/Q 주소·모듈·단자·전원·중간 릴레이를 현장 배선으로 검증,확인 대기,
EV18-V-01,EV18,식별/실물,도면 태그·물리 위치·명판을 대조하고 현재 설치/사용 상태 확정,확인 대기,
EV18-V-02,EV18,제어/데이터,원본 네트워크와 관련 설정·접점 극성·주소를 현재 프로젝트로 대조,확인 대기,
EV18-V-03,EV18,시뮬레이션,위 시험안의 기대 결과를 원본 실행 결과로 확정하고 실행 증거 기록,확인 대기,
EV18-V-04,EV18,전기 배선,현재 I/Q 주소·모듈·단자·전원·중간 릴레이를 현장 배선으로 검증,확인 대기,
EV19-V-01,EV19,식별/실물,도면 태그·물리 위치·명판을 대조하고 현재 설치/사용 상태 확정,확인 대기,
EV19-V-02,EV19,제어/데이터,원본 네트워크와 관련 설정·접점 극성·주소를 현재 프로젝트로 대조,확인 대기,
EV19-V-03,EV19,시뮬레이션,위 시험안의 기대 결과를 원본 실행 결과로 확정하고 실행 증거 기록,확인 대기,
EV19-V-04,EV19,전기 배선,현재 I/Q 주소·모듈·단자·전원·중간 릴레이를 현장 배선으로 검증,확인 대기,
EV20-V-01,EV20,식별/실물,도면 태그·물리 위치·명판을 대조하고 현재 설치/사용 상태 확정,확인 대기,
EV20-V-02,EV20,제어/데이터,원본 네트워크와 관련 설정·접점 극성·주소를 현재 프로젝트로 대조,확인 대기,
EV20-V-03,EV20,시뮬레이션,위 시험안의 기대 결과를 원본 실행 결과로 확정하고 실행 증거 기록,확인 대기,
EV20-V-04,EV20,전기 배선,현재 I/Q 주소·모듈·단자·전원·중간 릴레이를 현장 배선으로 검증,확인 대기,
EV21-V-01,EV21,식별/실물,도면 태그·물리 위치·명판을 대조하고 현재 설치/사용 상태 확정,확인 대기,
EV21-V-02,EV21,제어/데이터,원본 네트워크와 관련 설정·접점 극성·주소를 현재 프로젝트로 대조,확인 대기,
EV21-V-03,EV21,시뮬레이션,위 시험안의 기대 결과를 원본 실행 결과로 확정하고 실행 증거 기록,확인 대기,
EV21-V-04,EV21,전기 배선,현재 I/Q 주소·모듈·단자·전원·중간 릴레이를 현장 배선으로 검증,확인 대기,
EV22-V-01,EV22,식별/실물,도면 태그·물리 위치·명판을 대조하고 현재 설치/사용 상태 확정,확인 대기,
EV22-V-02,EV22,제어/데이터,원본 네트워크와 관련 설정·접점 극성·주소를 현재 프로젝트로 대조,확인 대기,
EV22-V-03,EV22,시뮬레이션,위 시험안의 기대 결과를 원본 실행 결과로 확정하고 실행 증거 기록,확인 대기,
EV22-V-04,EV22,전기 배선,현재 I/Q 주소·모듈·단자·전원·중간 릴레이를 현장 배선으로 검증,확인 대기,
EV23-V-01,EV23,식별/실물,도면 태그·물리 위치·명판을 대조하고 현재 설치/사용 상태 확정,확인 대기,
EV23-V-02,EV23,제어/데이터,원본 네트워크와 관련 설정·접점 극성·주소를 현재 프로젝트로 대조,확인 대기,
EV23-V-03,EV23,시뮬레이션,위 시험안의 기대 결과를 원본 실행 결과로 확정하고 실행 증거 기록,확인 대기,
EV23-V-04,EV23,전기 배선,현재 I/Q 주소·모듈·단자·전원·중간 릴레이를 현장 배선으로 검증,확인 대기,
EV24-V-01,EV24,식별/실물,도면 태그·물리 위치·명판을 대조하고 현재 설치/사용 상태 확정,확인 대기,
EV24-V-02,EV24,제어/데이터,원본 네트워크와 관련 설정·접점 극성·주소를 현재 프로젝트로 대조,확인 대기,
EV24-V-03,EV24,시뮬레이션,위 시험안의 기대 결과를 원본 실행 결과로 확정하고 실행 증거 기록,확인 대기,
EV24-V-04,EV24,전기 배선,현재 I/Q 주소·모듈·단자·전원·중간 릴레이를 현장 배선으로 검증,확인 대기,
EV25-V-01,EV25,식별/실물,도면 태그·물리 위치·명판을 대조하고 현재 설치/사용 상태 확정,확인 대기,
EV25-V-02,EV25,제어/데이터,원본 네트워크와 관련 설정·접점 극성·주소를 현재 프로젝트로 대조,확인 대기,
EV25-V-03,EV25,시뮬레이션,위 시험안의 기대 결과를 원본 실행 결과로 확정하고 실행 증거 기록,확인 대기,
EV25-V-04,EV25,전기 배선,현재 I/Q 주소·모듈·단자·전원·중간 릴레이를 현장 배선으로 검증,확인 대기,
EV26-V-01,EV26,식별/실물,도면 태그·물리 위치·명판을 대조하고 현재 설치/사용 상태 확정,확인 대기,
EV26-V-02,EV26,제어/데이터,원본 네트워크와 관련 설정·접점 극성·주소를 현재 프로젝트로 대조,확인 대기,
EV26-V-03,EV26,시뮬레이션,위 시험안의 기대 결과를 원본 실행 결과로 확정하고 실행 증거 기록,확인 대기,
EV26-V-04,EV26,전기 배선,현재 I/Q 주소·모듈·단자·전원·중간 릴레이를 현장 배선으로 검증,확인 대기,
EV27-V-01,EV27,식별/실물,도면 태그·물리 위치·명판을 대조하고 현재 설치/사용 상태 확정,확인 대기,
EV27-V-02,EV27,제어/데이터,원본 네트워크와 관련 설정·접점 극성·주소를 현재 프로젝트로 대조,확인 대기,
EV27-V-03,EV27,시뮬레이션,위 시험안의 기대 결과를 원본 실행 결과로 확정하고 실행 증거 기록,확인 대기,
EV27-V-04,EV27,전기 배선,현재 I/Q 주소·모듈·단자·전원·중간 릴레이를 현장 배선으로 검증,확인 대기,
EV28-V-01,EV28,식별/실물,도면 태그·물리 위치·명판을 대조하고 현재 설치/사용 상태 확정,확인 대기,
EV28-V-02,EV28,제어/데이터,원본 네트워크와 관련 설정·접점 극성·주소를 현재 프로젝트로 대조,확인 대기,
EV28-V-03,EV28,시뮬레이션,위 시험안의 기대 결과를 원본 실행 결과로 확정하고 실행 증거 기록,확인 대기,
EV28-V-04,EV28,전기 배선,현재 I/Q 주소·모듈·단자·전원·중간 릴레이를 현장 배선으로 검증,확인 대기,
EV29-V-01,EV29,식별/실물,도면 태그·물리 위치·명판을 대조하고 현재 설치/사용 상태 확정,확인 대기,
EV29-V-02,EV29,제어/데이터,원본 네트워크와 관련 설정·접점 극성·주소를 현재 프로젝트로 대조,확인 대기,
EV29-V-03,EV29,시뮬레이션,위 시험안의 기대 결과를 원본 실행 결과로 확정하고 실행 증거 기록,확인 대기,
EV29-V-04,EV29,전기 배선,현재 I/Q 주소·모듈·단자·전원·중간 릴레이를 현장 배선으로 검증,확인 대기,
EV30-V-01,EV30,식별/실물,도면 태그·물리 위치·명판을 대조하고 현재 설치/사용 상태 확정,확인 대기,
EV30-V-02,EV30,제어/데이터,원본 네트워크와 관련 설정·접점 극성·주소를 현재 프로젝트로 대조,확인 대기,
EV30-V-03,EV30,시뮬레이션,위 시험안의 기대 결과를 원본 실행 결과로 확정하고 실행 증거 기록,확인 대기,
EV30-V-04,EV30,전기 배선,현재 I/Q 주소·모듈·단자·전원·중간 릴레이를 현장 배선으로 검증,확인 대기,
EV31-V-01,EV31,식별/실물,도면 태그·물리 위치·명판을 대조하고 현재 설치/사용 상태 확정,확인 대기,
EV31-V-02,EV31,제어/데이터,원본 네트워크와 관련 설정·접점 극성·주소를 현재 프로젝트로 대조,확인 대기,
EV31-V-03,EV31,시뮬레이션,위 시험안의 기대 결과를 원본 실행 결과로 확정하고 실행 증거 기록,확인 대기,
EV31-V-04,EV31,전기 배선,현재 I/Q 주소·모듈·단자·전원·중간 릴레이를 현장 배선으로 검증,확인 대기,
EV32-V-01,EV32,식별/실물,도면 태그·물리 위치·명판을 대조하고 현재 설치/사용 상태 확정,확인 대기,
EV32-V-02,EV32,제어/데이터,원본 네트워크와 관련 설정·접점 극성·주소를 현재 프로젝트로 대조,확인 대기,
EV32-V-03,EV32,시뮬레이션,위 시험안의 기대 결과를 원본 실행 결과로 확정하고 실행 증거 기록,확인 대기,
EV32-V-04,EV32,전기 배선,현재 I/Q 주소·모듈·단자·전원·중간 릴레이를 현장 배선으로 검증,확인 대기,
EV33-V-01,EV33,식별/실물,도면 태그·물리 위치·명판을 대조하고 현재 설치/사용 상태 확정,확인 대기,
EV33-V-02,EV33,제어/데이터,원본 네트워크와 관련 설정·접점 극성·주소를 현재 프로젝트로 대조,확인 대기,
EV33-V-03,EV33,시뮬레이션,위 시험안의 기대 결과를 원본 실행 결과로 확정하고 실행 증거 기록,확인 대기,
EV33-V-04,EV33,전기 배선,현재 I/Q 주소·모듈·단자·전원·중간 릴레이를 현장 배선으로 검증,확인 대기,
EV34-V-01,EV34,식별/실물,도면 태그·물리 위치·명판을 대조하고 현재 설치/사용 상태 확정,확인 대기,
EV34-V-02,EV34,제어/데이터,원본 네트워크와 관련 설정·접점 극성·주소를 현재 프로젝트로 대조,확인 대기,
EV34-V-03,EV34,시뮬레이션,위 시험안의 기대 결과를 원본 실행 결과로 확정하고 실행 증거 기록,확인 대기,
EV34-V-04,EV34,전기 배선,현재 I/Q 주소·모듈·단자·전원·중간 릴레이를 현장 배선으로 검증,확인 대기,
EV35-V-01,EV35,식별/실물,도면 태그·물리 위치·명판을 대조하고 현재 설치/사용 상태 확정,확인 대기,
EV35-V-02,EV35,제어/데이터,원본 네트워크와 관련 설정·접점 극성·주소를 현재 프로젝트로 대조,확인 대기,
EV35-V-03,EV35,시뮬레이션,위 시험안의 기대 결과를 원본 실행 결과로 확정하고 실행 증거 기록,확인 대기,
EV35-V-04,EV35,전기 배선,현재 I/Q 주소·모듈·단자·전원·중간 릴레이를 현장 배선으로 검증,확인 대기,
EV36-V-01,EV36,식별/실물,도면 태그·물리 위치·명판을 대조하고 현재 설치/사용 상태 확정,확인 대기,
EV36-V-02,EV36,제어/데이터,원본 네트워크와 관련 설정·접점 극성·주소를 현재 프로젝트로 대조,확인 대기,
EV36-V-03,EV36,시뮬레이션,위 시험안의 기대 결과를 원본 실행 결과로 확정하고 실행 증거 기록,확인 대기,
EV36-V-04,EV36,전기 배선,현재 I/Q 주소·모듈·단자·전원·중간 릴레이를 현장 배선으로 검증,확인 대기,
EV37-V-01,EV37,식별/실물,도면 태그·물리 위치·명판을 대조하고 현재 설치/사용 상태 확정,확인 대기,
EV37-V-02,EV37,제어/데이터,원본 네트워크와 관련 설정·접점 극성·주소를 현재 프로젝트로 대조,확인 대기,
EV37-V-03,EV37,시뮬레이션,위 시험안의 기대 결과를 원본 실행 결과로 확정하고 실행 증거 기록,확인 대기,
EV37-V-04,EV37,전기 배선,현재 I/Q 주소·모듈·단자·전원·중간 릴레이를 현장 배선으로 검증,확인 대기,
EV38-V-01,EV38,식별/실물,도면 태그·물리 위치·명판을 대조하고 현재 설치/사용 상태 확정,확인 대기,
EV38-V-02,EV38,제어/데이터,원본 네트워크와 관련 설정·접점 극성·주소를 현재 프로젝트로 대조,확인 대기,
EV38-V-03,EV38,시뮬레이션,위 시험안의 기대 결과를 원본 실행 결과로 확정하고 실행 증거 기록,확인 대기,
EV38-V-04,EV38,전기 배선,현재 I/Q 주소·모듈·단자·전원·중간 릴레이를 현장 배선으로 검증,확인 대기,
EV39-V-01,EV39,식별/실물,도면 태그·물리 위치·명판을 대조하고 현재 설치/사용 상태 확정,확인 대기,
EV39-V-02,EV39,제어/데이터,원본 네트워크와 관련 설정·접점 극성·주소를 현재 프로젝트로 대조,확인 대기,
EV39-V-03,EV39,시뮬레이션,위 시험안의 기대 결과를 원본 실행 결과로 확정하고 실행 증거 기록,확인 대기,
EV39-V-04,EV39,전기 배선,현재 I/Q 주소·모듈·단자·전원·중간 릴레이를 현장 배선으로 검증,확인 대기,
EV40-V-01,EV40,식별/실물,도면 태그·물리 위치·명판을 대조하고 현재 설치/사용 상태 확정,확인 대기,
EV40-V-02,EV40,제어/데이터,원본 네트워크와 관련 설정·접점 극성·주소를 현재 프로젝트로 대조,확인 대기,
EV40-V-03,EV40,시뮬레이션,위 시험안의 기대 결과를 원본 실행 결과로 확정하고 실행 증거 기록,확인 대기,
EV40-V-04,EV40,전기 배선,현재 I/Q 주소·모듈·단자·전원·중간 릴레이를 현장 배선으로 검증,확인 대기,
EV41-V-01,EV41,식별/실물,도면 태그·물리 위치·명판을 대조하고 현재 설치/사용 상태 확정,확인 대기,
EV41-V-02,EV41,제어/데이터,원본 네트워크와 관련 설정·접점 극성·주소를 현재 프로젝트로 대조,확인 대기,
EV41-V-03,EV41,시뮬레이션,위 시험안의 기대 결과를 원본 실행 결과로 확정하고 실행 증거 기록,확인 대기,
EV41-V-04,EV41,전기 배선,현재 I/Q 주소·모듈·단자·전원·중간 릴레이를 현장 배선으로 검증,확인 대기,
EV42-V-01,EV42,식별/실물,도면 태그·물리 위치·명판을 대조하고 현재 설치/사용 상태 확정,확인 대기,
EV42-V-02,EV42,제어/데이터,원본 네트워크와 관련 설정·접점 극성·주소를 현재 프로젝트로 대조,확인 대기,
EV42-V-03,EV42,시뮬레이션,위 시험안의 기대 결과를 원본 실행 결과로 확정하고 실행 증거 기록,확인 대기,
EV42-V-04,EV42,전기 배선,현재 I/Q 주소·모듈·단자·전원·중간 릴레이를 현장 배선으로 검증,확인 대기,
EV43-V-01,EV43,식별/실물,도면 태그·물리 위치·명판을 대조하고 현재 설치/사용 상태 확정,확인 대기,
EV43-V-02,EV43,제어/데이터,원본 네트워크와 관련 설정·접점 극성·주소를 현재 프로젝트로 대조,확인 대기,
EV43-V-03,EV43,시뮬레이션,위 시험안의 기대 결과를 원본 실행 결과로 확정하고 실행 증거 기록,확인 대기,
EV43-V-04,EV43,전기 배선,현재 I/Q 주소·모듈·단자·전원·중간 릴레이를 현장 배선으로 검증,확인 대기,
EV44-V-01,EV44,식별/실물,도면 태그·물리 위치·명판을 대조하고 현재 설치/사용 상태 확정,확인 대기,
EV44-V-02,EV44,제어/데이터,원본 네트워크와 관련 설정·접점 극성·주소를 현재 프로젝트로 대조,확인 대기,
EV44-V-03,EV44,시뮬레이션,위 시험안의 기대 결과를 원본 실행 결과로 확정하고 실행 증거 기록,확인 대기,
EV44-V-04,EV44,전기 배선,현재 I/Q 주소·모듈·단자·전원·중간 릴레이를 현장 배선으로 검증,확인 대기,
EV45-V-01,EV45,식별/실물,도면 태그·물리 위치·명판을 대조하고 현재 설치/사용 상태 확정,확인 대기,
EV45-V-02,EV45,제어/데이터,원본 네트워크와 관련 설정·접점 극성·주소를 현재 프로젝트로 대조,확인 대기,
EV45-V-03,EV45,시뮬레이션,위 시험안의 기대 결과를 원본 실행 결과로 확정하고 실행 증거 기록,확인 대기,
EV45-V-04,EV45,전기 배선,현재 I/Q 주소·모듈·단자·전원·중간 릴레이를 현장 배선으로 검증,확인 대기,
EV46-V-01,EV46,식별/실물,도면 태그·물리 위치·명판을 대조하고 현재 설치/사용 상태 확정,확인 대기,
EV46-V-02,EV46,제어/데이터,원본 네트워크와 관련 설정·접점 극성·주소를 현재 프로젝트로 대조,확인 대기,
EV46-V-03,EV46,시뮬레이션,위 시험안의 기대 결과를 원본 실행 결과로 확정하고 실행 증거 기록,확인 대기,
EV46-V-04,EV46,전기 배선,현재 I/Q 주소·모듈·단자·전원·중간 릴레이를 현장 배선으로 검증,확인 대기,
EV47-V-01,EV47,식별/실물,도면 태그·물리 위치·명판을 대조하고 현재 설치/사용 상태 확정,확인 대기,
EV47-V-02,EV47,제어/데이터,원본 네트워크와 관련 설정·접점 극성·주소를 현재 프로젝트로 대조,확인 대기,
EV47-V-03,EV47,시뮬레이션,위 시험안의 기대 결과를 원본 실행 결과로 확정하고 실행 증거 기록,확인 대기,
EV47-V-04,EV47,전기 배선,현재 I/Q 주소·모듈·단자·전원·중간 릴레이를 현장 배선으로 검증,확인 대기,
EV48-V-01,EV48,식별/실물,도면 태그·물리 위치·명판을 대조하고 현재 설치/사용 상태 확정,확인 대기,
EV48-V-02,EV48,제어/데이터,원본 네트워크와 관련 설정·접점 극성·주소를 현재 프로젝트로 대조,확인 대기,
EV48-V-03,EV48,시뮬레이션,위 시험안의 기대 결과를 원본 실행 결과로 확정하고 실행 증거 기록,확인 대기,
EV48-V-04,EV48,전기 배선,현재 I/Q 주소·모듈·단자·전원·중간 릴레이를 현장 배선으로 검증,확인 대기,
EV49-V-01,EV49,식별/실물,도면 태그·물리 위치·명판을 대조하고 현재 설치/사용 상태 확정,확인 대기,
EV49-V-02,EV49,제어/데이터,원본 네트워크와 관련 설정·접점 극성·주소를 현재 프로젝트로 대조,확인 대기,
EV49-V-03,EV49,시뮬레이션,위 시험안의 기대 결과를 원본 실행 결과로 확정하고 실행 증거 기록,확인 대기,
EV49-V-04,EV49,전기 배선,현재 I/Q 주소·모듈·단자·전원·중간 릴레이를 현장 배선으로 검증,확인 대기,
EV50-V-01,EV50,식별/실물,도면 태그·물리 위치·명판을 대조하고 현재 설치/사용 상태 확정,확인 대기,
EV50-V-02,EV50,제어/데이터,원본 네트워크와 관련 설정·접점 극성·주소를 현재 프로젝트로 대조,확인 대기,
EV50-V-03,EV50,시뮬레이션,위 시험안의 기대 결과를 원본 실행 결과로 확정하고 실행 증거 기록,확인 대기,
EV50-V-04,EV50,전기 배선,현재 I/Q 주소·모듈·단자·전원·중간 릴레이를 현장 배선으로 검증,확인 대기,
EV51-V-01,EV51,식별/실물,도면 태그·물리 위치·명판을 대조하고 현재 설치/사용 상태 확정,확인 대기,
EV51-V-02,EV51,제어/데이터,원본 네트워크와 관련 설정·접점 극성·주소를 현재 프로젝트로 대조,확인 대기,
EV51-V-03,EV51,시뮬레이션,위 시험안의 기대 결과를 원본 실행 결과로 확정하고 실행 증거 기록,확인 대기,
EV51-V-04,EV51,전기 배선,현재 I/Q 주소·모듈·단자·전원·중간 릴레이를 현장 배선으로 검증,확인 대기,
EV52-V-01,EV52,식별/실물,도면 태그·물리 위치·명판을 대조하고 현재 설치/사용 상태 확정,확인 대기,
EV52-V-02,EV52,제어/데이터,원본 네트워크와 관련 설정·접점 극성·주소를 현재 프로젝트로 대조,확인 대기,
EV52-V-03,EV52,시뮬레이션,위 시험안의 기대 결과를 원본 실행 결과로 확정하고 실행 증거 기록,확인 대기,
EV52-V-04,EV52,전기 배선,현재 I/Q 주소·모듈·단자·전원·중간 릴레이를 현장 배선으로 검증,확인 대기,
EV53-V-01,EV53,식별/실물,도면 태그·물리 위치·명판을 대조하고 현재 설치/사용 상태 확정,확인 대기,
EV53-V-02,EV53,제어/데이터,원본 네트워크와 관련 설정·접점 극성·주소를 현재 프로젝트로 대조,확인 대기,
EV53-V-03,EV53,시뮬레이션,위 시험안의 기대 결과를 원본 실행 결과로 확정하고 실행 증거 기록,확인 대기,
EV53-V-04,EV53,전기 배선,현재 I/Q 주소·모듈·단자·전원·중간 릴레이를 현장 배선으로 검증,확인 대기,
EV54-V-01,EV54,식별/실물,도면 태그·물리 위치·명판을 대조하고 현재 설치/사용 상태 확정,확인 대기,
EV54-V-02,EV54,제어/데이터,원본 네트워크와 관련 설정·접점 극성·주소를 현재 프로젝트로 대조,확인 대기,
EV54-V-03,EV54,시뮬레이션,위 시험안의 기대 결과를 원본 실행 결과로 확정하고 실행 증거 기록,확인 대기,
EV54-V-04,EV54,전기 배선,현재 I/Q 주소·모듈·단자·전원·중간 릴레이를 현장 배선으로 검증,확인 대기,
EV55-V-01,EV55,식별/실물,도면 태그·물리 위치·명판을 대조하고 현재 설치/사용 상태 확정,확인 대기,
EV55-V-02,EV55,제어/데이터,원본 네트워크와 관련 설정·접점 극성·주소를 현재 프로젝트로 대조,확인 대기,
EV55-V-03,EV55,시뮬레이션,위 시험안의 기대 결과를 원본 실행 결과로 확정하고 실행 증거 기록,확인 대기,
EV55-V-04,EV55,전기 배선,현재 I/Q 주소·모듈·단자·전원·중간 릴레이를 현장 배선으로 검증,확인 대기,
EV56-V-01,EV56,식별/실물,도면 태그·물리 위치·명판을 대조하고 현재 설치/사용 상태 확정,확인 대기,
EV56-V-02,EV56,제어/데이터,원본 네트워크와 관련 설정·접점 극성·주소를 현재 프로젝트로 대조,확인 대기,
EV56-V-03,EV56,시뮬레이션,위 시험안의 기대 결과를 원본 실행 결과로 확정하고 실행 증거 기록,확인 대기,
EV56-V-04,EV56,전기 배선,현재 I/Q 주소·모듈·단자·전원·중간 릴레이를 현장 배선으로 검증,확인 대기,
EV57-V-01,EV57,식별/실물,도면 태그·물리 위치·명판을 대조하고 현재 설치/사용 상태 확정,확인 대기,
EV57-V-02,EV57,제어/데이터,원본 네트워크와 관련 설정·접점 극성·주소를 현재 프로젝트로 대조,확인 대기,
EV57-V-03,EV57,시뮬레이션,위 시험안의 기대 결과를 원본 실행 결과로 확정하고 실행 증거 기록,확인 대기,
EV57-V-04,EV57,전기 배선,현재 I/Q 주소·모듈·단자·전원·중간 릴레이를 현장 배선으로 검증,확인 대기,
EV58-V-01,EV58,식별/실물,도면 태그·물리 위치·명판을 대조하고 현재 설치/사용 상태 확정,확인 대기,
EV58-V-02,EV58,제어/데이터,원본 네트워크와 관련 설정·접점 극성·주소를 현재 프로젝트로 대조,확인 대기,
EV58-V-03,EV58,시뮬레이션,위 시험안의 기대 결과를 원본 실행 결과로 확정하고 실행 증거 기록,확인 대기,
EV58-V-04,EV58,전기 배선,현재 I/Q 주소·모듈·단자·전원·중간 릴레이를 현장 배선으로 검증,확인 대기,
EV59-V-01,EV59,식별/실물,도면 태그·물리 위치·명판을 대조하고 현재 설치/사용 상태 확정,확인 대기,
EV59-V-02,EV59,제어/데이터,원본 네트워크와 관련 설정·접점 극성·주소를 현재 프로젝트로 대조,확인 대기,
EV59-V-03,EV59,시뮬레이션,위 시험안의 기대 결과를 원본 실행 결과로 확정하고 실행 증거 기록,확인 대기,
EV59-V-04,EV59,전기 배선,현재 I/Q 주소·모듈·단자·전원·중간 릴레이를 현장 배선으로 검증,확인 대기,
EV60-V-01,EV60,식별/실물,도면 태그·물리 위치·명판을 대조하고 현재 설치/사용 상태 확정,확인 대기,
EV60-V-02,EV60,제어/데이터,원본 네트워크와 관련 설정·접점 극성·주소를 현재 프로젝트로 대조,확인 대기,
EV60-V-03,EV60,시뮬레이션,위 시험안의 기대 결과를 원본 실행 결과로 확정하고 실행 증거 기록,확인 대기,
EV60-V-04,EV60,전기 배선,현재 I/Q 주소·모듈·단자·전원·중간 릴레이를 현장 배선으로 검증,확인 대기,
EV61-V-01,EV61,식별/실물,도면 태그·물리 위치·명판을 대조하고 현재 설치/사용 상태 확정,확인 대기,
EV61-V-02,EV61,제어/데이터,원본 네트워크와 관련 설정·접점 극성·주소를 현재 프로젝트로 대조,확인 대기,
EV61-V-03,EV61,시뮬레이션,위 시험안의 기대 결과를 원본 실행 결과로 확정하고 실행 증거 기록,확인 대기,
EV61-V-04,EV61,전기 배선,현재 I/Q 주소·모듈·단자·전원·중간 릴레이를 현장 배선으로 검증,확인 대기,
EV62-V-01,EV62,식별/실물,도면 태그·물리 위치·명판을 대조하고 현재 설치/사용 상태 확정,확인 대기,
EV62-V-02,EV62,제어/데이터,원본 네트워크와 관련 설정·접점 극성·주소를 현재 프로젝트로 대조,확인 대기,
EV62-V-03,EV62,시뮬레이션,위 시험안의 기대 결과를 원본 실행 결과로 확정하고 실행 증거 기록,확인 대기,
EV62-V-04,EV62,전기 배선,현재 I/Q 주소·모듈·단자·전원·중간 릴레이를 현장 배선으로 검증,확인 대기,
EV63-V-01,EV63,식별/실물,도면 태그·물리 위치·명판을 대조하고 현재 설치/사용 상태 확정,확인 대기,
EV63-V-02,EV63,제어/데이터,원본 네트워크와 관련 설정·접점 극성·주소를 현재 프로젝트로 대조,확인 대기,
EV63-V-03,EV63,시뮬레이션,위 시험안의 기대 결과를 원본 실행 결과로 확정하고 실행 증거 기록,확인 대기,
EV63-V-04,EV63,전기 배선,현재 I/Q 주소·모듈·단자·전원·중간 릴레이를 현장 배선으로 검증,확인 대기,
EV64-V-01,EV64,식별/실물,도면 태그·물리 위치·명판을 대조하고 현재 설치/사용 상태 확정,확인 대기,
EV64-V-02,EV64,제어/데이터,원본 네트워크와 관련 설정·접점 극성·주소를 현재 프로젝트로 대조,확인 대기,
EV64-V-03,EV64,시뮬레이션,위 시험안의 기대 결과를 원본 실행 결과로 확정하고 실행 증거 기록,확인 대기,
EV64-V-04,EV64,전기 배선,현재 I/Q 주소·모듈·단자·전원·중간 릴레이를 현장 배선으로 검증,확인 대기,
EV65-V-01,EV65,식별/실물,도면 태그·물리 위치·명판을 대조하고 현재 설치/사용 상태 확정,확인 대기,
EV65-V-02,EV65,제어/데이터,원본 네트워크와 관련 설정·접점 극성·주소를 현재 프로젝트로 대조,확인 대기,
EV65-V-03,EV65,시뮬레이션,위 시험안의 기대 결과를 원본 실행 결과로 확정하고 실행 증거 기록,확인 대기,
EV65-V-04,EV65,전기 배선,현재 I/Q 주소·모듈·단자·전원·중간 릴레이를 현장 배선으로 검증,확인 대기,
EV66-V-01,EV66,식별/실물,도면 태그·물리 위치·명판을 대조하고 현재 설치/사용 상태 확정,확인 대기,
EV66-V-02,EV66,제어/데이터,원본 네트워크와 관련 설정·접점 극성·주소를 현재 프로젝트로 대조,확인 대기,
EV66-V-03,EV66,시뮬레이션,위 시험안의 기대 결과를 원본 실행 결과로 확정하고 실행 증거 기록,확인 대기,
EV66-V-04,EV66,전기 배선,현재 I/Q 주소·모듈·단자·전원·중간 릴레이를 현장 배선으로 검증,확인 대기,
EV67-V-01,EV67,식별/실물,도면 태그·물리 위치·명판을 대조하고 현재 설치/사용 상태 확정,확인 대기,
EV67-V-02,EV67,제어/데이터,원본 네트워크와 관련 설정·접점 극성·주소를 현재 프로젝트로 대조,확인 대기,
EV67-V-03,EV67,시뮬레이션,위 시험안의 기대 결과를 원본 실행 결과로 확정하고 실행 증거 기록,확인 대기,
EV67-V-04,EV67,전기 배선,현재 I/Q 주소·모듈·단자·전원·중간 릴레이를 현장 배선으로 검증,확인 대기,
EV68-V-01,EV68,식별/실물,도면 태그·물리 위치·명판을 대조하고 현재 설치/사용 상태 확정,확인 대기,
EV68-V-02,EV68,제어/데이터,원본 네트워크와 관련 설정·접점 극성·주소를 현재 프로젝트로 대조,확인 대기,
EV68-V-03,EV68,시뮬레이션,위 시험안의 기대 결과를 원본 실행 결과로 확정하고 실행 증거 기록,확인 대기,
EV68-V-04,EV68,전기 배선,현재 I/Q 주소·모듈·단자·전원·중간 릴레이를 현장 배선으로 검증,확인 대기,
EV69-V-01,EV69,식별/실물,도면 태그·물리 위치·명판을 대조하고 현재 설치/사용 상태 확정,확인 대기,
EV69-V-02,EV69,제어/데이터,원본 네트워크와 관련 설정·접점 극성·주소를 현재 프로젝트로 대조,확인 대기,
EV69-V-03,EV69,시뮬레이션,위 시험안의 기대 결과를 원본 실행 결과로 확정하고 실행 증거 기록,확인 대기,
EV69-V-04,EV69,전기 배선,현재 I/Q 주소·모듈·단자·전원·중간 릴레이를 현장 배선으로 검증,확인 대기,
EV70-V-01,EV70,식별/실물,도면 태그·물리 위치·명판을 대조하고 현재 설치/사용 상태 확정,확인 대기,
EV70-V-02,EV70,제어/데이터,원본 네트워크와 관련 설정·접점 극성·주소를 현재 프로젝트로 대조,확인 대기,
EV70-V-03,EV70,시뮬레이션,위 시험안의 기대 결과를 원본 실행 결과로 확정하고 실행 증거 기록,확인 대기,
EV70-V-04,EV70,전기 배선,현재 I/Q 주소·모듈·단자·전원·중간 릴레이를 현장 배선으로 검증,확인 대기,
EV71-V-01,EV71,식별/실물,도면 태그·물리 위치·명판을 대조하고 현재 설치/사용 상태 확정,확인 대기,
EV71-V-02,EV71,제어/데이터,원본 네트워크와 관련 설정·접점 극성·주소를 현재 프로젝트로 대조,확인 대기,
EV71-V-03,EV71,시뮬레이션,위 시험안의 기대 결과를 원본 실행 결과로 확정하고 실행 증거 기록,확인 대기,
EV71-V-04,EV71,전기 배선,현재 I/Q 주소·모듈·단자·전원·중간 릴레이를 현장 배선으로 검증,확인 대기,
EV72-V-01,EV72,식별/실물,도면 태그·물리 위치·명판을 대조하고 현재 설치/사용 상태 확정,확인 대기,
EV72-V-02,EV72,제어/데이터,원본 네트워크와 관련 설정·접점 극성·주소를 현재 프로젝트로 대조,확인 대기,
EV72-V-03,EV72,시뮬레이션,위 시험안의 기대 결과를 원본 실행 결과로 확정하고 실행 증거 기록,확인 대기,
EV72-V-04,EV72,전기 배선,현재 I/Q 주소·모듈·단자·전원·중간 릴레이를 현장 배선으로 검증,확인 대기,
EV73-V-01,EV73,식별/실물,도면 태그·물리 위치·명판을 대조하고 현재 설치/사용 상태 확정,확인 대기,
EV73-V-02,EV73,제어/데이터,원본 네트워크와 관련 설정·접점 극성·주소를 현재 프로젝트로 대조,확인 대기,
EV73-V-03,EV73,시뮬레이션,위 시험안의 기대 결과를 원본 실행 결과로 확정하고 실행 증거 기록,확인 대기,
EV73-V-04,EV73,전기 배선,현재 I/Q 주소·모듈·단자·전원·중간 릴레이를 현장 배선으로 검증,확인 대기,
EV74-V-01,EV74,식별/실물,도면 태그·물리 위치·명판을 대조하고 현재 설치/사용 상태 확정,확인 대기,
EV74-V-02,EV74,제어/데이터,원본 네트워크와 관련 설정·접점 극성·주소를 현재 프로젝트로 대조,확인 대기,
EV74-V-03,EV74,시뮬레이션,위 시험안의 기대 결과를 원본 실행 결과로 확정하고 실행 증거 기록,확인 대기,
EV74-V-04,EV74,전기 배선,현재 I/Q 주소·모듈·단자·전원·중간 릴레이를 현장 배선으로 검증,확인 대기,
EV75-V-01,EV75,식별/실물,도면 태그·물리 위치·명판을 대조하고 현재 설치/사용 상태 확정,확인 대기,
EV75-V-02,EV75,제어/데이터,원본 네트워크와 관련 설정·접점 극성·주소를 현재 프로젝트로 대조,확인 대기,
EV75-V-03,EV75,시뮬레이션,위 시험안의 기대 결과를 원본 실행 결과로 확정하고 실행 증거 기록,확인 대기,
EV75-V-04,EV75,전기 배선,현재 I/Q 주소·모듈·단자·전원·중간 릴레이를 현장 배선으로 검증,확인 대기,
EV76-V-01,EV76,식별/실물,도면 태그·물리 위치·명판을 대조하고 현재 설치/사용 상태 확정,확인 대기,
EV76-V-02,EV76,제어/데이터,원본 네트워크와 관련 설정·접점 극성·주소를 현재 프로젝트로 대조,확인 대기,
EV76-V-03,EV76,시뮬레이션,위 시험안의 기대 결과를 원본 실행 결과로 확정하고 실행 증거 기록,확인 대기,
EV76-V-04,EV76,전기 배선,현재 I/Q 주소·모듈·단자·전원·중간 릴레이를 현장 배선으로 검증,확인 대기,
EV77-V-01,EV77,식별/실물,도면 태그·물리 위치·명판을 대조하고 현재 설치/사용 상태 확정,확인 대기,
EV77-V-02,EV77,제어/데이터,원본 네트워크와 관련 설정·접점 극성·주소를 현재 프로젝트로 대조,확인 대기,
EV77-V-03,EV77,시뮬레이션,위 시험안의 기대 결과를 원본 실행 결과로 확정하고 실행 증거 기록,확인 대기,
EV77-V-04,EV77,전기 배선,현재 I/Q 주소·모듈·단자·전원·중간 릴레이를 현장 배선으로 검증,확인 대기,
EV78-V-01,EV78,식별/실물,도면 태그·물리 위치·명판을 대조하고 현재 설치/사용 상태 확정,확인 대기,
EV78-V-02,EV78,제어/데이터,원본 네트워크와 관련 설정·접점 극성·주소를 현재 프로젝트로 대조,확인 대기,
EV78-V-03,EV78,시뮬레이션,위 시험안의 기대 결과를 원본 실행 결과로 확정하고 실행 증거 기록,확인 대기,
EV78-V-04,EV78,전기 배선,현재 I/Q 주소·모듈·단자·전원·중간 릴레이를 현장 배선으로 검증,확인 대기,
EV79-V-01,EV79,식별/실물,도면 태그·물리 위치·명판을 대조하고 현재 설치/사용 상태 확정,확인 대기,
EV79-V-02,EV79,제어/데이터,원본 네트워크와 관련 설정·접점 극성·주소를 현재 프로젝트로 대조,확인 대기,
EV79-V-03,EV79,시뮬레이션,위 시험안의 기대 결과를 원본 실행 결과로 확정하고 실행 증거 기록,확인 대기,
EV79-V-04,EV79,전기 배선,현재 I/Q 주소·모듈·단자·전원·중간 릴레이를 현장 배선으로 검증,확인 대기,
EV80-V-01,EV80,식별/실물,도면 태그·물리 위치·명판을 대조하고 현재 설치/사용 상태 확정,확인 대기,
EV80-V-02,EV80,제어/데이터,원본 네트워크와 관련 설정·접점 극성·주소를 현재 프로젝트로 대조,확인 대기,
EV80-V-03,EV80,시뮬레이션,위 시험안의 기대 결과를 원본 실행 결과로 확정하고 실행 증거 기록,확인 대기,
EV80-V-04,EV80,전기 배선,현재 I/Q 주소·모듈·단자·전원·중간 릴레이를 현장 배선으로 검증,확인 대기,
EV81-V-01,EV81,식별/실물,도면 태그·물리 위치·명판을 대조하고 현재 설치/사용 상태 확정,확인 대기,
EV81-V-02,EV81,제어/데이터,원본 네트워크와 관련 설정·접점 극성·주소를 현재 프로젝트로 대조,확인 대기,
EV81-V-03,EV81,시뮬레이션,위 시험안의 기대 결과를 원본 실행 결과로 확정하고 실행 증거 기록,확인 대기,
EV81-V-04,EV81,전기 배선,현재 I/Q 주소·모듈·단자·전원·중간 릴레이를 현장 배선으로 검증,확인 대기,
EV82-V-01,EV82,식별/실물,도면 태그·물리 위치·명판을 대조하고 현재 설치/사용 상태 확정,확인 대기,
EV82-V-02,EV82,제어/데이터,원본 네트워크와 관련 설정·접점 극성·주소를 현재 프로젝트로 대조,확인 대기,
EV82-V-03,EV82,시뮬레이션,위 시험안의 기대 결과를 원본 실행 결과로 확정하고 실행 증거 기록,확인 대기,
EV82-V-04,EV82,전기 배선,현재 I/Q 주소·모듈·단자·전원·중간 릴레이를 현장 배선으로 검증,확인 대기,
EV83-V-01,EV83,식별/실물,도면 태그·물리 위치·명판을 대조하고 현재 설치/사용 상태 확정,확인 대기,
EV83-V-02,EV83,제어/데이터,원본 네트워크와 관련 설정·접점 극성·주소를 현재 프로젝트로 대조,확인 대기,
EV83-V-03,EV83,시뮬레이션,위 시험안의 기대 결과를 원본 실행 결과로 확정하고 실행 증거 기록,확인 대기,
EV83-V-04,EV83,전기 배선,현재 I/Q 주소·모듈·단자·전원·중간 릴레이를 현장 배선으로 검증,확인 대기,
EV84-V-01,EV84,식별/실물,도면 태그·물리 위치·명판을 대조하고 현재 설치/사용 상태 확정,확인 대기,
EV84-V-02,EV84,제어/데이터,원본 네트워크와 관련 설정·접점 극성·주소를 현재 프로젝트로 대조,확인 대기,
EV84-V-03,EV84,시뮬레이션,위 시험안의 기대 결과를 원본 실행 결과로 확정하고 실행 증거 기록,확인 대기,
EV84-V-04,EV84,전기 배선,현재 I/Q 주소·모듈·단자·전원·중간 릴레이를 현장 배선으로 검증,확인 대기,
EV85-V-01,EV85,식별/실물,도면 태그·물리 위치·명판을 대조하고 현재 설치/사용 상태 확정,확인 대기,
EV85-V-02,EV85,제어/데이터,원본 네트워크와 관련 설정·접점 극성·주소를 현재 프로젝트로 대조,확인 대기,
EV85-V-03,EV85,시뮬레이션,위 시험안의 기대 결과를 원본 실행 결과로 확정하고 실행 증거 기록,확인 대기,
EV85-V-04,EV85,전기 배선,현재 I/Q 주소·모듈·단자·전원·중간 릴레이를 현장 배선으로 검증,확인 대기,
EV86-V-01,EV86,식별/실물,도면 태그·물리 위치·명판을 대조하고 현재 설치/사용 상태 확정,확인 대기,
EV86-V-02,EV86,제어/데이터,원본 네트워크와 관련 설정·접점 극성·주소를 현재 프로젝트로 대조,확인 대기,
EV86-V-03,EV86,시뮬레이션,위 시험안의 기대 결과를 원본 실행 결과로 확정하고 실행 증거 기록,확인 대기,
EV86-V-04,EV86,전기 배선,현재 I/Q 주소·모듈·단자·전원·중간 릴레이를 현장 배선으로 검증,확인 대기,
EV87-V-01,EV87,식별/실물,도면 태그·물리 위치·명판을 대조하고 현재 설치/사용 상태 확정,확인 대기,
EV87-V-02,EV87,제어/데이터,원본 네트워크와 관련 설정·접점 극성·주소를 현재 프로젝트로 대조,확인 대기,
EV87-V-03,EV87,시뮬레이션,위 시험안의 기대 결과를 원본 실행 결과로 확정하고 실행 증거 기록,확인 대기,
EV87-V-04,EV87,전기 배선,현재 I/Q 주소·모듈·단자·전원·중간 릴레이를 현장 배선으로 검증,확인 대기,
EV88-V-01,EV88,식별/실물,도면 태그·물리 위치·명판을 대조하고 현재 설치/사용 상태 확정,확인 대기,
EV88-V-02,EV88,제어/데이터,원본 네트워크와 관련 설정·접점 극성·주소를 현재 프로젝트로 대조,확인 대기,
EV88-V-03,EV88,시뮬레이션,위 시험안의 기대 결과를 원본 실행 결과로 확정하고 실행 증거 기록,확인 대기,
EV88-V-04,EV88,전기 배선,현재 I/Q 주소·모듈·단자·전원·중간 릴레이를 현장 배선으로 검증,확인 대기,
EV89-V-01,EV89,식별/실물,도면 태그·물리 위치·명판을 대조하고 현재 설치/사용 상태 확정,확인 대기,
EV89-V-02,EV89,제어/데이터,원본 네트워크와 관련 설정·접점 극성·주소를 현재 프로젝트로 대조,확인 대기,
EV89-V-03,EV89,시뮬레이션,위 시험안의 기대 결과를 원본 실행 결과로 확정하고 실행 증거 기록,확인 대기,
EV89-V-04,EV89,전기 배선,현재 I/Q 주소·모듈·단자·전원·중간 릴레이를 현장 배선으로 검증,확인 대기,
EV90-V-01,EV90,식별/실물,도면 태그·물리 위치·명판을 대조하고 현재 설치/사용 상태 확정,확인 대기,
EV90-V-02,EV90,제어/데이터,원본 네트워크와 관련 설정·접점 극성·주소를 현재 프로젝트로 대조,확인 대기,
EV90-V-03,EV90,시뮬레이션,위 시험안의 기대 결과를 원본 실행 결과로 확정하고 실행 증거 기록,확인 대기,
EV90-V-04,EV90,전기 배선,현재 I/Q 주소·모듈·단자·전원·중간 릴레이를 현장 배선으로 검증,확인 대기,
CYL-CL01-V-01,CYL-CL01,식별/실물,도면 태그·물리 위치·명판을 대조하고 현재 설치/사용 상태 확정,확인 대기,
CYL-CL01-V-02,CYL-CL01,제어/데이터,원본 네트워크와 관련 설정·접점 극성·주소를 현재 프로젝트로 대조,확인 대기,
CYL-CL01-V-03,CYL-CL01,시뮬레이션,위 시험안의 기대 결과를 원본 실행 결과로 확정하고 실행 증거 기록,확인 대기,
CYL-CL01-V-04,CYL-CL01,불일치/특이점,외부 모터 CLIENT-CL01과 별개다.,확인 대기,
CYL-CL02-V-01,CYL-CL02,식별/실물,도면 태그·물리 위치·명판을 대조하고 현재 설치/사용 상태 확정,확인 대기,
CYL-CL02-V-02,CYL-CL02,제어/데이터,원본 네트워크와 관련 설정·접점 극성·주소를 현재 프로젝트로 대조,확인 대기,
CYL-CL02-V-03,CYL-CL02,시뮬레이션,위 시험안의 기대 결과를 원본 실행 결과로 확정하고 실행 증거 기록,확인 대기,
CYL-CL02-V-04,CYL-CL02,불일치/특이점,외부 모터 CLIENT-CL02과 별개다.,확인 대기,
CYL-CL03-V-01,CYL-CL03,식별/실물,도면 태그·물리 위치·명판을 대조하고 현재 설치/사용 상태 확정,확인 대기,
CYL-CL03-V-02,CYL-CL03,제어/데이터,원본 네트워크와 관련 설정·접점 극성·주소를 현재 프로젝트로 대조,확인 대기,
CYL-CL03-V-03,CYL-CL03,시뮬레이션,위 시험안의 기대 결과를 원본 실행 결과로 확정하고 실행 증거 기록,확인 대기,
CYL-CL03-V-04,CYL-CL03,불일치/특이점,외부 모터 CLIENT-CL03과 별개다.,확인 대기,
CYL-CL04-V-01,CYL-CL04,식별/실물,도면 태그·물리 위치·명판을 대조하고 현재 설치/사용 상태 확정,확인 대기,
CYL-CL04-V-02,CYL-CL04,제어/데이터,원본 네트워크와 관련 설정·접점 극성·주소를 현재 프로젝트로 대조,확인 대기,
CYL-CL04-V-03,CYL-CL04,시뮬레이션,위 시험안의 기대 결과를 원본 실행 결과로 확정하고 실행 증거 기록,확인 대기,
CYL-CL04-V-04,CYL-CL04,불일치/특이점,외부 모터 CLIENT-CL04과 별개다.,확인 대기,
CYL-CL05-V-01,CYL-CL05,식별/실물,도면 태그·물리 위치·명판을 대조하고 현재 설치/사용 상태 확정,확인 대기,
CYL-CL05-V-02,CYL-CL05,제어/데이터,원본 네트워크와 관련 설정·접점 극성·주소를 현재 프로젝트로 대조,확인 대기,
CYL-CL05-V-03,CYL-CL05,시뮬레이션,위 시험안의 기대 결과를 원본 실행 결과로 확정하고 실행 증거 기록,확인 대기,
CYL-CL05-V-04,CYL-CL05,불일치/특이점,외부 모터 CLIENT-CL05과 별개다.,확인 대기,
CYL-CL06-V-01,CYL-CL06,식별/실물,도면 태그·물리 위치·명판을 대조하고 현재 설치/사용 상태 확정,확인 대기,
CYL-CL06-V-02,CYL-CL06,제어/데이터,원본 네트워크와 관련 설정·접점 극성·주소를 현재 프로젝트로 대조,확인 대기,
CYL-CL06-V-03,CYL-CL06,시뮬레이션,위 시험안의 기대 결과를 원본 실행 결과로 확정하고 실행 증거 기록,확인 대기,
CYL-CL06-V-04,CYL-CL06,불일치/특이점,외부 모터 CLIENT-CL06과 별개다.,확인 대기,
CYL-CL07-V-01,CYL-CL07,식별/실물,도면 태그·물리 위치·명판을 대조하고 현재 설치/사용 상태 확정,확인 대기,
CYL-CL07-V-02,CYL-CL07,제어/데이터,원본 네트워크와 관련 설정·접점 극성·주소를 현재 프로젝트로 대조,확인 대기,
CYL-CL07-V-03,CYL-CL07,시뮬레이션,위 시험안의 기대 결과를 원본 실행 결과로 확정하고 실행 증거 기록,확인 대기,
CYL-CL07-V-04,CYL-CL07,불일치/특이점,외부 모터 CLIENT-CL07과 별개다.,확인 대기,
CYL-CL08-V-01,CYL-CL08,식별/실물,도면 태그·물리 위치·명판을 대조하고 현재 설치/사용 상태 확정,확인 대기,
CYL-CL08-V-02,CYL-CL08,제어/데이터,원본 네트워크와 관련 설정·접점 극성·주소를 현재 프로젝트로 대조,확인 대기,
CYL-CL08-V-03,CYL-CL08,시뮬레이션,위 시험안의 기대 결과를 원본 실행 결과로 확정하고 실행 증거 기록,확인 대기,
CYL-CL08-V-04,CYL-CL08,불일치/특이점,외부 모터 CLIENT-CL08과 별개다.,확인 대기,
CYL-CL09-V-01,CYL-CL09,식별/실물,도면 태그·물리 위치·명판을 대조하고 현재 설치/사용 상태 확정,확인 대기,
CYL-CL09-V-02,CYL-CL09,제어/데이터,원본 네트워크와 관련 설정·접점 극성·주소를 현재 프로젝트로 대조,확인 대기,
CYL-CL09-V-03,CYL-CL09,시뮬레이션,위 시험안의 기대 결과를 원본 실행 결과로 확정하고 실행 증거 기록,확인 대기,
CYL-CL09-V-04,CYL-CL09,불일치/특이점,외부 모터 CLIENT-CL09과 별개다.,확인 대기,
CYL-CL10-V-01,CYL-CL10,식별/실물,도면 태그·물리 위치·명판을 대조하고 현재 설치/사용 상태 확정,확인 대기,
CYL-CL10-V-02,CYL-CL10,제어/데이터,원본 네트워크와 관련 설정·접점 극성·주소를 현재 프로젝트로 대조,확인 대기,
CYL-CL10-V-03,CYL-CL10,시뮬레이션,위 시험안의 기대 결과를 원본 실행 결과로 확정하고 실행 증거 기록,확인 대기,
CYL-CL10-V-04,CYL-CL10,불일치/특이점,외부 모터 CLIENT-CL10과 별개다.,확인 대기,
CYL-CL11-V-01,CYL-CL11,식별/실물,도면 태그·물리 위치·명판을 대조하고 현재 설치/사용 상태 확정,확인 대기,
CYL-CL11-V-02,CYL-CL11,제어/데이터,원본 네트워크와 관련 설정·접점 극성·주소를 현재 프로젝트로 대조,확인 대기,
CYL-CL11-V-03,CYL-CL11,시뮬레이션,위 시험안의 기대 결과를 원본 실행 결과로 확정하고 실행 증거 기록,확인 대기,
CYL-CL11-V-04,CYL-CL11,불일치/특이점,외부 모터 CLIENT-CL11과 별개다.,확인 대기,
CYL-CL12-V-01,CYL-CL12,식별/실물,도면 태그·물리 위치·명판을 대조하고 현재 설치/사용 상태 확정,확인 대기,
CYL-CL12-V-02,CYL-CL12,제어/데이터,원본 네트워크와 관련 설정·접점 극성·주소를 현재 프로젝트로 대조,확인 대기,
CYL-CL12-V-03,CYL-CL12,시뮬레이션,위 시험안의 기대 결과를 원본 실행 결과로 확정하고 실행 증거 기록,확인 대기,
CYL-CL12-V-04,CYL-CL12,불일치/특이점,외부 모터 CLIENT-CL12과 별개다.,확인 대기,
LS01-V-01,LS01,식별/실물,도면 태그·물리 위치·명판을 대조하고 현재 설치/사용 상태 확정,확인 대기,
LS01-V-02,LS01,제어/데이터,원본 네트워크와 관련 설정·접점 극성·주소를 현재 프로젝트로 대조,확인 대기,
LS01-V-03,LS01,시뮬레이션,위 시험안의 기대 결과를 원본 실행 결과로 확정하고 실행 증거 기록,확인 대기,
LS01-V-04,LS01,전기 배선,현재 I/Q 주소·모듈·단자·전원·중간 릴레이를 현장 배선으로 검증,확인 대기,
LS02-V-01,LS02,식별/실물,도면 태그·물리 위치·명판을 대조하고 현재 설치/사용 상태 확정,확인 대기,
LS02-V-02,LS02,제어/데이터,원본 네트워크와 관련 설정·접점 극성·주소를 현재 프로젝트로 대조,확인 대기,
LS02-V-03,LS02,시뮬레이션,위 시험안의 기대 결과를 원본 실행 결과로 확정하고 실행 증거 기록,확인 대기,
LS02-V-04,LS02,전기 배선,현재 I/Q 주소·모듈·단자·전원·중간 릴레이를 현장 배선으로 검증,확인 대기,
LS05-V-01,LS05,식별/실물,도면 태그·물리 위치·명판을 대조하고 현재 설치/사용 상태 확정,확인 대기,
LS05-V-02,LS05,제어/데이터,원본 네트워크와 관련 설정·접점 극성·주소를 현재 프로젝트로 대조,확인 대기,
LS05-V-03,LS05,시뮬레이션,위 시험안의 기대 결과를 원본 실행 결과로 확정하고 실행 증거 기록,확인 대기,
LS05-V-04,LS05,전기 배선,현재 I/Q 주소·모듈·단자·전원·중간 릴레이를 현장 배선으로 검증,확인 대기,
LS06-V-01,LS06,식별/실물,도면 태그·물리 위치·명판을 대조하고 현재 설치/사용 상태 확정,확인 대기,
LS06-V-02,LS06,제어/데이터,원본 네트워크와 관련 설정·접점 극성·주소를 현재 프로젝트로 대조,확인 대기,
LS06-V-03,LS06,시뮬레이션,위 시험안의 기대 결과를 원본 실행 결과로 확정하고 실행 증거 기록,확인 대기,
LS06-V-04,LS06,전기 배선,현재 I/Q 주소·모듈·단자·전원·중간 릴레이를 현장 배선으로 검증,확인 대기,
LS09-V-01,LS09,식별/실물,도면 태그·물리 위치·명판을 대조하고 현재 설치/사용 상태 확정,확인 대기,
LS09-V-02,LS09,제어/데이터,원본 네트워크와 관련 설정·접점 극성·주소를 현재 프로젝트로 대조,확인 대기,
LS09-V-03,LS09,시뮬레이션,위 시험안의 기대 결과를 원본 실행 결과로 확정하고 실행 증거 기록,확인 대기,
LS09-V-04,LS09,전기 배선,현재 I/Q 주소·모듈·단자·전원·중간 릴레이를 현장 배선으로 검증,확인 대기,
LS10-V-01,LS10,식별/실물,도면 태그·물리 위치·명판을 대조하고 현재 설치/사용 상태 확정,확인 대기,
LS10-V-02,LS10,제어/데이터,원본 네트워크와 관련 설정·접점 극성·주소를 현재 프로젝트로 대조,확인 대기,
LS10-V-03,LS10,시뮬레이션,위 시험안의 기대 결과를 원본 실행 결과로 확정하고 실행 증거 기록,확인 대기,
LS10-V-04,LS10,전기 배선,현재 I/Q 주소·모듈·단자·전원·중간 릴레이를 현장 배선으로 검증,확인 대기,
LS15-V-01,LS15,식별/실물,도면 태그·물리 위치·명판을 대조하고 현재 설치/사용 상태 확정,확인 대기,
LS15-V-02,LS15,제어/데이터,원본 네트워크와 관련 설정·접점 극성·주소를 현재 프로젝트로 대조,확인 대기,
LS15-V-03,LS15,시뮬레이션,위 시험안의 기대 결과를 원본 실행 결과로 확정하고 실행 증거 기록,확인 대기,
LS15-V-04,LS15,전기 배선,현재 I/Q 주소·모듈·단자·전원·중간 릴레이를 현장 배선으로 검증,확인 대기,
LS16-V-01,LS16,식별/실물,도면 태그·물리 위치·명판을 대조하고 현재 설치/사용 상태 확정,확인 대기,
LS16-V-02,LS16,제어/데이터,원본 네트워크와 관련 설정·접점 극성·주소를 현재 프로젝트로 대조,확인 대기,
LS16-V-03,LS16,시뮬레이션,위 시험안의 기대 결과를 원본 실행 결과로 확정하고 실행 증거 기록,확인 대기,
LS16-V-04,LS16,전기 배선,현재 I/Q 주소·모듈·단자·전원·중간 릴레이를 현장 배선으로 검증,확인 대기,
LS17-V-01,LS17,식별/실물,도면 태그·물리 위치·명판을 대조하고 현재 설치/사용 상태 확정,확인 대기,
LS17-V-02,LS17,제어/데이터,원본 네트워크와 관련 설정·접점 극성·주소를 현재 프로젝트로 대조,확인 대기,
LS17-V-03,LS17,시뮬레이션,위 시험안의 기대 결과를 원본 실행 결과로 확정하고 실행 증거 기록,확인 대기,
LS17-V-04,LS17,전기 배선,현재 I/Q 주소·모듈·단자·전원·중간 릴레이를 현장 배선으로 검증,확인 대기,
LS18-V-01,LS18,식별/실물,도면 태그·물리 위치·명판을 대조하고 현재 설치/사용 상태 확정,확인 대기,
LS18-V-02,LS18,제어/데이터,원본 네트워크와 관련 설정·접점 극성·주소를 현재 프로젝트로 대조,확인 대기,
LS18-V-03,LS18,시뮬레이션,위 시험안의 기대 결과를 원본 실행 결과로 확정하고 실행 증거 기록,확인 대기,
LS18-V-04,LS18,전기 배선,현재 I/Q 주소·모듈·단자·전원·중간 릴레이를 현장 배선으로 검증,확인 대기,
LS19-V-01,LS19,식별/실물,도면 태그·물리 위치·명판을 대조하고 현재 설치/사용 상태 확정,확인 대기,
LS19-V-02,LS19,제어/데이터,원본 네트워크와 관련 설정·접점 극성·주소를 현재 프로젝트로 대조,확인 대기,
LS19-V-03,LS19,시뮬레이션,위 시험안의 기대 결과를 원본 실행 결과로 확정하고 실행 증거 기록,확인 대기,
LS19-V-04,LS19,전기 배선,현재 I/Q 주소·모듈·단자·전원·중간 릴레이를 현장 배선으로 검증,확인 대기,
LS20-V-01,LS20,식별/실물,도면 태그·물리 위치·명판을 대조하고 현재 설치/사용 상태 확정,확인 대기,
LS20-V-02,LS20,제어/데이터,원본 네트워크와 관련 설정·접점 극성·주소를 현재 프로젝트로 대조,확인 대기,
LS20-V-03,LS20,시뮬레이션,위 시험안의 기대 결과를 원본 실행 결과로 확정하고 실행 증거 기록,확인 대기,
LS20-V-04,LS20,전기 배선,현재 I/Q 주소·모듈·단자·전원·중간 릴레이를 현장 배선으로 검증,확인 대기,
LS21A-V-01,LS21A,식별/실물,도면 태그·물리 위치·명판을 대조하고 현재 설치/사용 상태 확정,확인 대기,
LS21A-V-02,LS21A,제어/데이터,원본 네트워크와 관련 설정·접점 극성·주소를 현재 프로젝트로 대조,확인 대기,
LS21A-V-03,LS21A,시뮬레이션,위 시험안의 기대 결과를 원본 실행 결과로 확정하고 실행 증거 기록,확인 대기,
LS21A-V-04,LS21A,전기 배선,현재 I/Q 주소·모듈·단자·전원·중간 릴레이를 현장 배선으로 검증,확인 대기,
LS21B-V-01,LS21B,식별/실물,도면 태그·물리 위치·명판을 대조하고 현재 설치/사용 상태 확정,확인 대기,
LS21B-V-02,LS21B,제어/데이터,원본 네트워크와 관련 설정·접점 극성·주소를 현재 프로젝트로 대조,확인 대기,
LS21B-V-03,LS21B,시뮬레이션,위 시험안의 기대 결과를 원본 실행 결과로 확정하고 실행 증거 기록,확인 대기,
LS21B-V-04,LS21B,전기 배선,현재 I/Q 주소·모듈·단자·전원·중간 릴레이를 현장 배선으로 검증,확인 대기,
LS22A-V-01,LS22A,식별/실물,도면 태그·물리 위치·명판을 대조하고 현재 설치/사용 상태 확정,확인 대기,
LS22A-V-02,LS22A,제어/데이터,원본 네트워크와 관련 설정·접점 극성·주소를 현재 프로젝트로 대조,확인 대기,
LS22A-V-03,LS22A,시뮬레이션,위 시험안의 기대 결과를 원본 실행 결과로 확정하고 실행 증거 기록,확인 대기,
LS22A-V-04,LS22A,전기 배선,현재 I/Q 주소·모듈·단자·전원·중간 릴레이를 현장 배선으로 검증,확인 대기,
LS22B-V-01,LS22B,식별/실물,도면 태그·물리 위치·명판을 대조하고 현재 설치/사용 상태 확정,확인 대기,
LS22B-V-02,LS22B,제어/데이터,원본 네트워크와 관련 설정·접점 극성·주소를 현재 프로젝트로 대조,확인 대기,
LS22B-V-03,LS22B,시뮬레이션,위 시험안의 기대 결과를 원본 실행 결과로 확정하고 실행 증거 기록,확인 대기,
LS22B-V-04,LS22B,전기 배선,현재 I/Q 주소·모듈·단자·전원·중간 릴레이를 현장 배선으로 검증,확인 대기,
LS23-V-01,LS23,식별/실물,도면 태그·물리 위치·명판을 대조하고 현재 설치/사용 상태 확정,확인 대기,
LS23-V-02,LS23,제어/데이터,원본 네트워크와 관련 설정·접점 극성·주소를 현재 프로젝트로 대조,확인 대기,
LS23-V-03,LS23,시뮬레이션,위 시험안의 기대 결과를 원본 실행 결과로 확정하고 실행 증거 기록,확인 대기,
LS23-V-04,LS23,전기 배선,현재 I/Q 주소·모듈·단자·전원·중간 릴레이를 현장 배선으로 검증,확인 대기,
LS24-V-01,LS24,식별/실물,도면 태그·물리 위치·명판을 대조하고 현재 설치/사용 상태 확정,확인 대기,
LS24-V-02,LS24,제어/데이터,원본 네트워크와 관련 설정·접점 극성·주소를 현재 프로젝트로 대조,확인 대기,
LS24-V-03,LS24,시뮬레이션,위 시험안의 기대 결과를 원본 실행 결과로 확정하고 실행 증거 기록,확인 대기,
LS24-V-04,LS24,전기 배선,현재 I/Q 주소·모듈·단자·전원·중간 릴레이를 현장 배선으로 검증,확인 대기,
LS25-V-01,LS25,식별/실물,도면 태그·물리 위치·명판을 대조하고 현재 설치/사용 상태 확정,확인 대기,
LS25-V-02,LS25,제어/데이터,원본 네트워크와 관련 설정·접점 극성·주소를 현재 프로젝트로 대조,확인 대기,
LS25-V-03,LS25,시뮬레이션,위 시험안의 기대 결과를 원본 실행 결과로 확정하고 실행 증거 기록,확인 대기,
LS25-V-04,LS25,전기 배선,현재 I/Q 주소·모듈·단자·전원·중간 릴레이를 현장 배선으로 검증,확인 대기,
LS26-V-01,LS26,식별/실물,도면 태그·물리 위치·명판을 대조하고 현재 설치/사용 상태 확정,확인 대기,
LS26-V-02,LS26,제어/데이터,원본 네트워크와 관련 설정·접점 극성·주소를 현재 프로젝트로 대조,확인 대기,
LS26-V-03,LS26,시뮬레이션,위 시험안의 기대 결과를 원본 실행 결과로 확정하고 실행 증거 기록,확인 대기,
LS26-V-04,LS26,전기 배선,현재 I/Q 주소·모듈·단자·전원·중간 릴레이를 현장 배선으로 검증,확인 대기,
LS29-V-01,LS29,식별/실물,도면 태그·물리 위치·명판을 대조하고 현재 설치/사용 상태 확정,확인 대기,
LS29-V-02,LS29,제어/데이터,원본 네트워크와 관련 설정·접점 극성·주소를 현재 프로젝트로 대조,확인 대기,
LS29-V-03,LS29,시뮬레이션,위 시험안의 기대 결과를 원본 실행 결과로 확정하고 실행 증거 기록,확인 대기,
LS29-V-04,LS29,전기 배선,현재 I/Q 주소·모듈·단자·전원·중간 릴레이를 현장 배선으로 검증,확인 대기,
LS30-V-01,LS30,식별/실물,도면 태그·물리 위치·명판을 대조하고 현재 설치/사용 상태 확정,확인 대기,
LS30-V-02,LS30,제어/데이터,원본 네트워크와 관련 설정·접점 극성·주소를 현재 프로젝트로 대조,확인 대기,
LS30-V-03,LS30,시뮬레이션,위 시험안의 기대 결과를 원본 실행 결과로 확정하고 실행 증거 기록,확인 대기,
LS30-V-04,LS30,전기 배선,현재 I/Q 주소·모듈·단자·전원·중간 릴레이를 현장 배선으로 검증,확인 대기,
LS32-V-01,LS32,식별/실물,도면 태그·물리 위치·명판을 대조하고 현재 설치/사용 상태 확정,확인 대기,
LS32-V-02,LS32,제어/데이터,원본 네트워크와 관련 설정·접점 극성·주소를 현재 프로젝트로 대조,확인 대기,
LS32-V-03,LS32,시뮬레이션,위 시험안의 기대 결과를 원본 실행 결과로 확정하고 실행 증거 기록,확인 대기,
LS32-V-04,LS32,전기 배선,현재 I/Q 주소·모듈·단자·전원·중간 릴레이를 현장 배선으로 검증,확인 대기,
LS33-V-01,LS33,식별/실물,도면 태그·물리 위치·명판을 대조하고 현재 설치/사용 상태 확정,확인 대기,
LS33-V-02,LS33,제어/데이터,원본 네트워크와 관련 설정·접점 극성·주소를 현재 프로젝트로 대조,확인 대기,
LS33-V-03,LS33,시뮬레이션,위 시험안의 기대 결과를 원본 실행 결과로 확정하고 실행 증거 기록,확인 대기,
LS33-V-04,LS33,전기 배선,현재 I/Q 주소·모듈·단자·전원·중간 릴레이를 현장 배선으로 검증,확인 대기,
LS34-V-01,LS34,식별/실물,도면 태그·물리 위치·명판을 대조하고 현재 설치/사용 상태 확정,확인 대기,
LS34-V-02,LS34,제어/데이터,원본 네트워크와 관련 설정·접점 극성·주소를 현재 프로젝트로 대조,확인 대기,
LS34-V-03,LS34,시뮬레이션,위 시험안의 기대 결과를 원본 실행 결과로 확정하고 실행 증거 기록,확인 대기,
LS34-V-04,LS34,불일치/특이점,MV06은 P&ID LS34/35와 백업 LS40/41 표기가 다르다.,확인 대기,
LS35-V-01,LS35,식별/실물,도면 태그·물리 위치·명판을 대조하고 현재 설치/사용 상태 확정,확인 대기,
LS35-V-02,LS35,제어/데이터,원본 네트워크와 관련 설정·접점 극성·주소를 현재 프로젝트로 대조,확인 대기,
LS35-V-03,LS35,시뮬레이션,위 시험안의 기대 결과를 원본 실행 결과로 확정하고 실행 증거 기록,확인 대기,
LS35-V-04,LS35,불일치/특이점,MV06은 P&ID LS34/35와 백업 LS40/41 표기가 다르다.,확인 대기,
LS40-V-01,LS40,식별/실물,도면 태그·물리 위치·명판을 대조하고 현재 설치/사용 상태 확정,확인 대기,
LS40-V-02,LS40,제어/데이터,원본 네트워크와 관련 설정·접점 극성·주소를 현재 프로젝트로 대조,확인 대기,
LS40-V-03,LS40,시뮬레이션,위 시험안의 기대 결과를 원본 실행 결과로 확정하고 실행 증거 기록,확인 대기,
LS40-V-04,LS40,전기 배선,현재 I/Q 주소·모듈·단자·전원·중간 릴레이를 현장 배선으로 검증,확인 대기,
LS40-V-05,LS40,불일치/특이점,MV06은 P&ID LS34/35와 백업 LS40/41 표기가 다르다.,확인 대기,
LS41-V-01,LS41,식별/실물,도면 태그·물리 위치·명판을 대조하고 현재 설치/사용 상태 확정,확인 대기,
LS41-V-02,LS41,제어/데이터,원본 네트워크와 관련 설정·접점 극성·주소를 현재 프로젝트로 대조,확인 대기,
LS41-V-03,LS41,시뮬레이션,위 시험안의 기대 결과를 원본 실행 결과로 확정하고 실행 증거 기록,확인 대기,
LS41-V-04,LS41,전기 배선,현재 I/Q 주소·모듈·단자·전원·중간 릴레이를 현장 배선으로 검증,확인 대기,
LS41-V-05,LS41,불일치/특이점,MV06은 P&ID LS34/35와 백업 LS40/41 표기가 다르다.,확인 대기,
SYS-POWER-V-01,SYS-POWER,식별/실물,도면 태그·물리 위치·명판을 대조하고 현재 설치/사용 상태 확정,확인 대기,
SYS-POWER-V-02,SYS-POWER,제어/데이터,원본 네트워크와 관련 설정·접점 극성·주소를 현재 프로젝트로 대조,확인 대기,
SYS-POWER-V-03,SYS-POWER,시뮬레이션,위 시험안의 기대 결과를 원본 실행 결과로 확정하고 실행 증거 기록,확인 대기,
SYS-POWER-V-04,SYS-POWER,전기 배선,현재 I/Q 주소·모듈·단자·전원·중간 릴레이를 현장 배선으로 검증,확인 대기,
SYS-SAFETY-V-01,SYS-SAFETY,식별/실물,도면 태그·물리 위치·명판을 대조하고 현재 설치/사용 상태 확정,확인 대기,
SYS-SAFETY-V-02,SYS-SAFETY,제어/데이터,원본 네트워크와 관련 설정·접점 극성·주소를 현재 프로젝트로 대조,확인 대기,
SYS-SAFETY-V-03,SYS-SAFETY,시뮬레이션,위 시험안의 기대 결과를 원본 실행 결과로 확정하고 실행 증거 기록,확인 대기,
SYS-SAFETY-V-04,SYS-SAFETY,전기 배선,현재 I/Q 주소·모듈·단자·전원·중간 릴레이를 현장 배선으로 검증,확인 대기,
SYS-PLC-IO-V-01,SYS-PLC-IO,식별/실물,도면 태그·물리 위치·명판을 대조하고 현재 설치/사용 상태 확정,확인 대기,
SYS-PLC-IO-V-02,SYS-PLC-IO,제어/데이터,원본 네트워크와 관련 설정·접점 극성·주소를 현재 프로젝트로 대조,확인 대기,
SYS-PLC-IO-V-03,SYS-PLC-IO,시뮬레이션,위 시험안의 기대 결과를 원본 실행 결과로 확정하고 실행 증거 기록,확인 대기,
SYS-HMI-V-01,SYS-HMI,식별/실물,도면 태그·물리 위치·명판을 대조하고 현재 설치/사용 상태 확정,확인 대기,
SYS-HMI-V-02,SYS-HMI,제어/데이터,원본 네트워크와 관련 설정·접점 극성·주소를 현재 프로젝트로 대조,확인 대기,
SYS-HMI-V-03,SYS-HMI,시뮬레이션,위 시험안의 기대 결과를 원본 실행 결과로 확정하고 실행 증거 기록,확인 대기,
SYS-ALARM-V-01,SYS-ALARM,식별/실물,도면 태그·물리 위치·명판을 대조하고 현재 설치/사용 상태 확정,확인 대기,
SYS-ALARM-V-02,SYS-ALARM,제어/데이터,원본 네트워크와 관련 설정·접점 극성·주소를 현재 프로젝트로 대조,확인 대기,
SYS-ALARM-V-03,SYS-ALARM,시뮬레이션,위 시험안의 기대 결과를 원본 실행 결과로 확정하고 실행 증거 기록,확인 대기,
SYS-ALARM-V-04,SYS-ALARM,전기 배선,현재 I/Q 주소·모듈·단자·전원·중간 릴레이를 현장 배선으로 검증,확인 대기,
SYS-ALARM-V-05,SYS-ALARM,HMI/통신,HMI 설정 주소·자료형·가공 상태를 온라인 PLC 값으로 검증,확인 대기,
SYS-AUTO-V-01,SYS-AUTO,식별/실물,도면 태그·물리 위치·명판을 대조하고 현재 설치/사용 상태 확정,확인 대기,
SYS-AUTO-V-02,SYS-AUTO,제어/데이터,원본 네트워크와 관련 설정·접점 극성·주소를 현재 프로젝트로 대조,확인 대기,
SYS-AUTO-V-03,SYS-AUTO,시뮬레이션,위 시험안의 기대 결과를 원본 실행 결과로 확정하고 실행 증거 기록,확인 대기,
SYS-AUTO-V-04,SYS-AUTO,HMI/통신,HMI 설정 주소·자료형·가공 상태를 온라인 PLC 값으로 검증,확인 대기,
SYS-PID-V-01,SYS-PID,식별/실물,도면 태그·물리 위치·명판을 대조하고 현재 설치/사용 상태 확정,확인 대기,
SYS-PID-V-02,SYS-PID,제어/데이터,원본 네트워크와 관련 설정·접점 극성·주소를 현재 프로젝트로 대조,확인 대기,
SYS-PID-V-03,SYS-PID,시뮬레이션,위 시험안의 기대 결과를 원본 실행 결과로 확정하고 실행 증거 기록,확인 대기,
SYS-PID-V-04,SYS-PID,HMI/통신,HMI 설정 주소·자료형·가공 상태를 온라인 PLC 값으로 검증,확인 대기,
SYS-RECIPES-V-01,SYS-RECIPES,식별/실물,도면 태그·물리 위치·명판을 대조하고 현재 설치/사용 상태 확정,확인 대기,
SYS-RECIPES-V-02,SYS-RECIPES,제어/데이터,원본 네트워크와 관련 설정·접점 극성·주소를 현재 프로젝트로 대조,확인 대기,
SYS-RECIPES-V-03,SYS-RECIPES,시뮬레이션,위 시험안의 기대 결과를 원본 실행 결과로 확정하고 실행 증거 기록,확인 대기,
SYS-RECIPES-V-04,SYS-RECIPES,HMI/통신,HMI 설정 주소·자료형·가공 상태를 온라인 PLC 값으로 검증,확인 대기,
SYS-SIMULATION-V-01,SYS-SIMULATION,식별/실물,도면 태그·물리 위치·명판을 대조하고 현재 설치/사용 상태 확정,확인 대기,
SYS-SIMULATION-V-02,SYS-SIMULATION,제어/데이터,원본 네트워크와 관련 설정·접점 극성·주소를 현재 프로젝트로 대조,확인 대기,
SYS-SIMULATION-V-03,SYS-SIMULATION,시뮬레이션,위 시험안의 기대 결과를 원본 실행 결과로 확정하고 실행 증거 기록,확인 대기,
SYS-RUNHOURS-V-01,SYS-RUNHOURS,식별/실물,도면 태그·물리 위치·명판을 대조하고 현재 설치/사용 상태 확정,확인 대기,
SYS-RUNHOURS-V-02,SYS-RUNHOURS,제어/데이터,원본 네트워크와 관련 설정·접점 극성·주소를 현재 프로젝트로 대조,확인 대기,
SYS-RUNHOURS-V-03,SYS-RUNHOURS,시뮬레이션,위 시험안의 기대 결과를 원본 실행 결과로 확정하고 실행 증거 기록,확인 대기,
SYS-COUNTERS-V-01,SYS-COUNTERS,식별/실물,도면 태그·물리 위치·명판을 대조하고 현재 설치/사용 상태 확정,확인 대기,
SYS-COUNTERS-V-02,SYS-COUNTERS,제어/데이터,원본 네트워크와 관련 설정·접점 극성·주소를 현재 프로젝트로 대조,확인 대기,
SYS-COUNTERS-V-03,SYS-COUNTERS,시뮬레이션,위 시험안의 기대 결과를 원본 실행 결과로 확정하고 실행 증거 기록,확인 대기,
SYS-COUNTERS-V-04,SYS-COUNTERS,HMI/통신,HMI 설정 주소·자료형·가공 상태를 온라인 PLC 값으로 검증,확인 대기,
SYS-LEGACY-V-01,SYS-LEGACY,식별/실물,도면 태그·물리 위치·명판을 대조하고 현재 설치/사용 상태 확정,확인 대기,
SYS-LEGACY-V-02,SYS-LEGACY,제어/데이터,원본 네트워크와 관련 설정·접점 극성·주소를 현재 프로젝트로 대조,확인 대기,
SYS-LEGACY-V-03,SYS-LEGACY,시뮬레이션,위 시험안의 기대 결과를 원본 실행 결과로 확정하고 실행 증거 기록,확인 대기,
